time,latitude,longitude,depth,mag,region
2006-03-10T08:55:48.450Z,37.384,141.033,46.9,4.3,11 km SSE of Namie  Japan
2006-03-11T11:29:00.600Z,39.353,140.365,6.4,3.6,14 km SW of ?magari  Japan
2006-03-11T22:06:39.070Z,40.079,142.364,3.3,5,60 km NE of Miyako  Japan
2006-03-12T04:36:51.030Z,37.996,143.205,10,4.3,173 km ESE of Ishinomaki  Japan
2006-03-12T11:01:49.430Z,36.062,141.701,33.8,4,86 km ENE of Hasaki  Japan
2006-03-12T11:04:54.790Z,36.036,141.645,35,4.2,80 km ENE of Hasaki  Japan
2006-03-13T03:00:38.090Z,36.048,141.765,58,4.6,91 km ENE of Hasaki  Japan
2006-03-13T03:41:21.470Z,36.235,140.1,55.6,4.2,3 km S of Makabe  Japan
2006-03-13T04:06:09.350Z,36.057,141.766,59,5.1,near the east coast of Honshu  Japan
2006-03-13T04:15:33.930Z,36.041,141.528,33.9,5,71 km ENE of Hasaki  Japan
2006-03-13T06:55:52.420Z,35.981,141.587,31.5,4.7,73 km ENE of Hasaki  Japan
2006-03-15T03:25:16.600Z,41.422,142.049,100,4.1,71 km ENE of Mutsu  Japan
2006-03-18T12:19:22.340Z,41.486,141.873,100,4.2,59 km ENE of Mutsu  Japan
2006-03-19T07:27:46.560Z,38.674,141.686,89,4.1,44 km NE of Ishinomaki  Japan
2006-03-19T13:47:19.870Z,39.366,139.612,35,4,47 km NW of Yuza  Japan
2006-03-22T11:16:18.200Z,37.709,142.565,30.2,4.2,135 km SE of Ishinomaki  Japan
2006-03-22T18:36:33.100Z,41.614,139.314,187.5,4,113 km WSW of Kamiiso  Japan
2006-03-22T23:09:37.150Z,42.662,141.777,132.4,4,14 km E of Tomakomai  Japan
2006-03-23T14:03:46.640Z,36.059,139.78,89.4,4.4,4 km SSW of Sakai  Japan
2006-03-23T22:59:08.580Z,38.866,141.668,69.2,3.9,near the east coast of Honshu  Japan
2006-03-24T22:16:02.480Z,42.325,142.983,51,4.8,50 km E of Shizunai-furukawach?  Japan
2006-03-25T16:51:55.470Z,36.246,140.578,68,4.1,7 km S of ?arai  Japan
2006-03-26T09:47:52.670Z,40.678,142.68,22.9,3.5,101 km E of Hachinohe  Japan
2006-03-29T04:08:00.090Z,36.481,141.182,68.5,4.3,49 km ESE of Takahagi  Japan
2006-03-29T10:28:40.480Z,37.188,141.468,78.6,4.6,52 km SE of Namie  Japan
2006-03-30T21:07:22.450Z,36.881,141.58,59.8,4.3,64 km ESE of Iwaki  Japan
2006-04-01T08:28:19.030Z,39.097,142.94,63.2,4.1,94 km ESE of ?tsuchi  Japan
2006-04-02T07:22:56.260Z,38.474,141.838,68.5,4.4,47 km E of Ishinomaki  Japan
2006-04-02T11:46:48.340Z,36.192,139.689,67.2,4.2,eastern Honshu  Japan
2006-04-06T04:53:34.470Z,38.69,140.205,137.4,3.8,11 km SW of Shinj?  Japan
2006-04-06T06:40:47.480Z,36.242,140.653,96.5,4,10 km SE of ?arai  Japan
2006-04-06T13:30:27.990Z,35.704,140.231,51.2,4.1,1 km S of Sakura  Japan
2006-04-06T13:35:11.070Z,35.797,140.209,60.3,3,9 km NNW of Sakura  Japan
2006-04-06T23:33:35.080Z,40.005,138.896,35,4,92 km W of Tenn?  Japan
2006-04-08T05:53:38.260Z,36.614,140.838,71.2,4,15 km SE of Takahagi  Japan
2006-04-09T00:37:10.940Z,41.599,142.839,50.7,4.5,90 km SSE of Shizunai-furukawach?  Japan
2006-04-09T19:20:41.770Z,41.803,143.642,29.1,4.4,120 km ESE of Shizunai-furukawach?  Japan
2006-04-10T00:21:24.350Z,37.493,141.169,79.6,4.8,14 km E of Namie  Japan
2006-04-10T16:55:29.270Z,38.35,143.473,10,4.1,172 km ESE of ?funato  Japan
2006-04-11T04:23:31.520Z,36.629,141.369,46,3.3,58 km ESE of Kitaibaraki  Japan
2006-04-11T08:46:07.350Z,34.628,140.404,69.8,4.9,58 km S of Katsuura  Japan
2006-04-12T16:20:32.260Z,37.661,140.73,106.7,3.9,23 km SE of Hobaramachi  Japan
2006-04-13T04:27:22.620Z,41.85,142.707,37.2,5.3,60 km SSE of Shizunai-furukawach?  Japan
2006-04-13T10:35:17.650Z,41.697,144.147,38.4,4.3,143 km S of Kushiro  Japan
2006-04-13T23:39:23.920Z,34.11,141.546,35,4.2,161 km SE of Katsuura  Japan
2006-04-14T07:33:43.880Z,35.795,140.359,39.8,4.4,4 km ENE of Narita  Japan
2006-04-14T08:35:47.720Z,35.637,141.269,99.5,3.7,40 km ESE of Hasaki  Japan
2006-04-17T03:04:50.470Z,41.571,142.045,66.7,4.5,75 km ENE of Mutsu  Japan
2006-04-18T10:38:25.170Z,42.198,144.246,30.3,4.8,86 km S of Kushiro  Japan
2006-04-20T03:40:20.860Z,36.222,139.752,68.9,4.2,5 km NE of Koga  Japan
2006-04-20T17:50:40.450Z,34.858,139.207,22.6,5.6,16 km SE of It?  Japan
2006-04-20T18:20:24.420Z,34.901,139.236,40.5,4.3,15 km ESE of It?  Japan
2006-04-20T22:08:16.760Z,35.033,139.211,34.9,4.1,13 km ENE of It?  Japan
2006-04-21T02:54:59.300Z,38.172,142.23,10,4.1,85 km ESE of Ishinomaki  Japan
2006-04-21T14:17:40.700Z,34.964,139.099,41.1,4.4,1 km ESE of It?  Japan
2006-04-21T16:44:23.590Z,35.097,139.597,10,4.2,5 km SSW of Miura  Japan
2006-04-21T21:03:22.490Z,34.963,139.245,10,4.1,14 km E of It?  Japan
2006-04-22T14:35:58.950Z,38.851,141.712,60.8,4.4,24 km S of ?funato  Japan
2006-04-22T18:09:46.020Z,35.725,140.129,71.5,3.9,8 km NNW of Yotsukaid?  Japan
2006-04-23T14:50:24.870Z,35.223,140,62,4.2,16 km NNW of Kamogawa  Japan
2006-04-23T17:30:10.760Z,41.908,142.352,82.8,3.8,47 km S of Shizunai-furukawach?  Japan
2006-04-24T04:28:14.320Z,38.289,139.826,154.1,4.9,27 km NW of Nagai  Japan
2006-04-24T14:42:55.210Z,37.202,142.215,35,3.5,112 km ESE of Namie  Japan
2006-04-24T23:18:24.860Z,37.188,138.839,38.4,3.8,8 km NE of T?kamachi  Japan
2006-04-26T05:56:01.390Z,41.968,142.203,110.8,4.7,42 km SSW of Shizunai-furukawach?  Japan
2006-04-26T07:07:34.910Z,36.414,141.691,68.5,3.2,93 km ESE of Takahagi  Japan
2006-04-26T14:10:37.710Z,42.064,142.493,66.8,4.8,31 km SSE of Shizunai-furukawach?  Japan
2006-04-26T19:53:25.830Z,39.365,141.862,114.5,4,3 km W of ?tsuchi  Japan
2006-04-27T02:57:31.800Z,34.466,141.006,44.1,4.3,98 km SE of Katsuura  Japan
2006-04-27T16:47:39.860Z,35.752,144.559,30.8,4.3,off the east coast of Honshu  Japan
2006-04-30T04:10:36.150Z,34.987,139.271,10,4.2,17 km E of It?  Japan
2006-05-01T07:00:43.440Z,36.038,139.653,62.7,4.3,2 km NNW of Shiraoka  Japan
2006-05-02T09:24:31.470Z,34.773,139.256,26.1,4.9,26 km SE of It?  Japan
2006-05-03T06:48:50.140Z,36.677,139.511,115.5,3.6,12 km SW of Nikk?  Japan
2006-05-04T01:17:30.260Z,37.067,137.493,24.2,4.3,14 km N of Ny?zen  Japan
2006-05-05T08:39:37.640Z,37.556,142.658,27,4.1,146 km E of Namie  Japan
2006-05-06T11:45:43.140Z,38.431,142.183,51.6,4.2,77 km E of Ishinomaki  Japan
2006-05-06T21:34:19.780Z,35.343,142.544,35,4,161 km ESE of Hasaki  Japan
2006-05-08T01:33:09.690Z,36.077,141.902,42.3,4,104 km ENE of Hasaki  Japan
2006-05-08T01:55:42.940Z,36.404,141.67,35,4.4,92 km ESE of Takahagi  Japan
2006-05-10T00:52:09.240Z,35.669,141.608,35,3.9,70 km E of Hasaki  Japan
2006-05-10T01:23:11.630Z,34.964,139.712,39,4.1,14 km W of Tateyama  Japan
2006-05-11T04:14:33.280Z,36.488,140.853,49.5,4.2,22 km SE of Hitachi  Japan
2006-05-11T20:15:23.910Z,42.378,143.76,57.6,4.2,75 km SE of Obihiro  Japan
2006-05-13T10:17:31.150Z,34.297,142.017,44,3.6,182 km ESE of Katsuura  Japan
2006-05-14T07:14:28.530Z,41.692,144.224,32.5,4.2,143 km S of Kushiro  Japan
2006-05-14T10:46:53.650Z,38.883,140.361,46.1,4.1,14 km NNE of Shinj?  Japan
2006-05-18T08:00:34.140Z,40.765,142.586,28,4.3,near the east coast of Honshu  Japan
2006-05-19T13:47:48.890Z,35.934,142.032,10,3.6,110 km ENE of Hasaki  Japan
2006-05-19T22:20:15.410Z,35.991,140.159,60.3,3.4,3 km NE of Ushiku  Japan
2006-05-20T04:57:52.690Z,35.025,139.986,70.5,4.5,11 km ENE of Tateyama  Japan
2006-05-21T07:22:36.930Z,38.667,142.249,49.8,4.5,64 km SE of ?funato  Japan
2006-05-21T14:45:00.030Z,42.072,142.639,87.4,3.9,36 km SE of Shizunai-furukawach?  Japan
2006-05-22T16:21:16.890Z,34.632,140.768,35,4.1,70 km SE of Katsuura  Japan
2006-05-26T01:58:49.410Z,42.769,142.807,144.5,4.1,36 km WSW of Obihiro  Japan
2006-05-26T13:58:57.100Z,36.838,141.663,16.7,4.3,73 km ESE of Iwaki  Japan
2006-05-26T18:03:04.280Z,35.418,140.994,45,4.2,37 km SSE of Hasaki  Japan
2006-05-28T20:18:45.600Z,41.891,144.292,30.3,4.7,120 km S of Kushiro  Japan
2006-05-30T07:38:14.470Z,40.378,141.363,92.7,3.5,17 km SW of Hachinohe  Japan
2006-05-30T12:17:44.730Z,36.271,139.408,123.6,3.4,4 km SE of ?ta  Japan
2006-05-31T15:24:10.960Z,36.228,141.895,35.8,4.3,110 km ENE of Hasaki  Japan
2006-06-02T02:31:06.170Z,34.824,139.029,144,4.4,16 km SSW of It?  Japan
2006-06-07T03:21:51.150Z,35.594,140.271,56.6,3.2,7 km SSW of Yachimata  Japan
2006-06-08T21:07:21.340Z,35.452,140.588,41.6,4.3,22 km SE of Narut?  Japan
2006-06-11T07:46:43.080Z,40.798,141.124,113.7,4.2,25 km WNW of Misawa  Japan
2006-06-11T23:04:20.020Z,41.467,142.091,76.6,4.4,75 km ENE of Mutsu  Japan
2006-06-12T11:03:57.280Z,36.24,142.448,49.2,4.3,156 km ENE of Hasaki  Japan
2006-06-12T17:31:11.920Z,42.158,144.105,61,3.9,93 km SSW of Kushiro  Japan
2006-06-13T02:40:33.110Z,42.702,143.422,85.5,4.8,29 km SE of Obihiro  Japan
2006-06-13T11:03:53.860Z,37.421,141.108,28,4,11 km SE of Namie  Japan
2006-06-13T22:11:13.060Z,36.102,140.16,35,3.9,5 km N of Naka  Japan
2006-06-14T09:30:29.590Z,42.688,142.903,107.4,4,35 km SW of Obihiro  Japan
2006-06-16T07:30:48.900Z,34.727,140.646,56,3.2,55 km SSE of Katsuura  Japan
2006-06-16T07:33:21.810Z,34.629,140.46,49.1,4.5,58 km SSE of Katsuura  Japan
2006-06-16T10:42:51.770Z,40.316,143.674,28.1,4.8,165 km ENE of Miyako  Japan
2006-06-16T13:31:43.790Z,40.346,143.913,10,4.2,185 km ENE of Miyako  Japan
2006-06-16T14:21:20.910Z,34.617,140.393,47.5,4.4,59 km S of Katsuura  Japan
2006-06-16T17:10:40.300Z,40.349,143.712,30,5.5,170 km ENE of Miyako  Japan
2006-06-16T19:04:13.600Z,40.337,143.722,46.7,4.2,170 km ENE of Miyako  Japan
2006-06-16T19:14:17.620Z,36.227,141.215,37.6,4.1,57 km E of ?arai  Japan
2006-06-16T19:53:36.980Z,40.27,143.684,43.8,4.4,164 km ENE of Miyako  Japan
2006-06-16T20:19:21.390Z,40.329,143.612,28.8,5.5,161 km ENE of Miyako  Japan
2006-06-17T04:51:35.390Z,40.175,142.513,45.2,4.5,76 km NE of Miyako  Japan
2006-06-17T07:38:10.370Z,40.674,141.11,45.6,4.4,23 km W of Misawa  Japan
2006-06-17T20:30:09.150Z,40.35,142.08,50,3.7,51 km ESE of Hachinohe  Japan
2006-06-19T10:52:06.430Z,35.695,140.698,52.8,3.1,4 km ESE of Asahi  Japan
2006-06-19T21:47:12.250Z,35.722,139.994,80.9,4.8,2 km NNE of Honch?  Japan
2006-06-24T14:34:49.110Z,41.13,142.795,57.9,4,128 km ENE of Misawa  Japan
2006-06-24T19:52:45.530Z,36.132,139.48,131.7,4.3,2 km ESE of Gy?da  Japan
2006-06-25T00:07:31.330Z,36.624,137.453,241.9,4.1,11 km SE of Kamiichi  Japan
2006-06-26T06:01:38.250Z,41.35,142.134,55.8,4.1,77 km E of Mutsu  Japan
2006-06-27T14:21:53.430Z,35.55,139.875,78.8,4.1,13 km S of Urayasu  Japan
2006-06-28T00:40:24.670Z,35.805,139.743,124.2,4.2,2 km E of Kawaguchi  Japan
2006-06-29T03:19:17.160Z,36.268,138.695,143.2,3.8,18 km W of Tomioka  Japan
2006-06-29T11:09:04.400Z,35.669,140.126,66.9,3.7,4 km WNW of Yotsukaid?  Japan
2006-06-30T20:44:50.480Z,40.902,142.989,78.1,3.8,133 km ENE of Hachinohe  Japan
2006-06-30T23:28:13.230Z,38.47,142.156,40,5.2,74 km E of Ishinomaki  Japan
2006-07-03T22:44:57.710Z,37.778,142.691,35,4,141 km ESE of Ishinomaki  Japan
2006-07-05T17:08:41.050Z,40.171,142.318,46.4,5.3,66 km NNE of Miyako  Japan
2006-07-05T21:11:49.350Z,38.379,140.649,44.9,4.4,20 km W of Tomiya  Japan
2006-07-06T06:17:28.150Z,36.139,140.032,50.4,4.4,6 km ENE of Ishige  Japan
2006-07-06T13:57:40.510Z,34.054,141.51,19.9,4.3,163 km SE of Katsuura  Japan
2006-07-06T23:07:13.070Z,39.925,142.52,101.1,4.1,58 km ENE of Miyako  Japan
2006-07-07T19:17:57.020Z,40.164,142.619,68.5,4.3,81 km NE of Miyako  Japan
2006-07-08T05:02:45.210Z,41.597,142.07,63.9,4.2,79 km ENE of Mutsu  Japan
2006-07-09T00:06:19.560Z,35.515,139.947,24.1,4.7,12 km W of Ichihara  Japan
2006-07-09T08:48:17.560Z,35.274,139.103,53.2,4.7,5 km WNW of Odawara  Japan
2006-07-10T02:49:13.980Z,34.064,140.732,45,3.9,125 km SSE of Katsuura  Japan
2006-07-11T06:47:06.500Z,40.653,142.461,57.6,4.4,83 km ENE of Hachinohe  Japan
2006-07-14T19:00:10.020Z,38.102,145.096,10,4.4,off the east coast of Honshu  Japan
2006-07-16T20:01:33.110Z,42.675,143.488,89.4,4.3,35 km SE of Obihiro  Japan
2006-07-16T23:25:07.650Z,37.459,141.325,38.5,4.4,28 km E of Namie  Japan
2006-07-20T01:20:28.660Z,42.526,143.664,100.4,4.4,57 km SE of Obihiro  Japan
2006-07-20T13:40:14.500Z,39.401,141.219,119.8,4.5,9 km ENE of Hanamaki  Japan
2006-07-25T02:34:12.450Z,42.042,144.23,47.4,4.4,104 km S of Kushiro  Japan
2006-07-26T20:55:30.120Z,37.074,141.686,10,4.3,71 km E of Iwaki  Japan
2006-07-27T22:35:06.060Z,41.941,140.051,188.1,4.1,51 km WNW of Kamiiso  Japan
2006-07-29T17:19:22.280Z,36.262,140.213,57.8,4.1,9 km NNW of Ishioka  Japan
2006-07-31T22:13:34.090Z,39.632,142.375,71.5,4,37 km E of Miyako  Japan
2006-08-01T13:11:42.710Z,36.373,140.891,48.3,4.1,28 km ENE of ?arai  Japan
2006-08-04T23:20:54.060Z,40.809,140.84,111.7,3.5,9 km E of Aomori  Japan
2006-08-06T15:46:32.060Z,39.71,142.341,63.5,4.1,35 km ENE of Miyako  Japan
2006-08-12T11:11:33.200Z,36.993,141.646,50,4.2,68 km E of Iwaki  Japan
2006-08-13T14:52:44.220Z,38.237,144.972,10,4.3,293 km ESE of Kamaishi  Japan
2006-08-13T21:00:56.460Z,42.189,144.014,48.2,4.3,92 km SSW of Kushiro  Japan
2006-08-14T05:42:01.620Z,35.167,140.249,72.1,3.6,6 km WNW of Katsuura  Japan
2006-08-16T19:55:15.040Z,39.105,142.624,10,4,68 km ESE of Kamaishi  Japan
2006-08-17T03:45:22.750Z,38.815,141.472,99.6,4.3,31 km ESE of Ichinoseki  Japan
2006-08-18T18:20:11.700Z,41.7,142.292,75.3,4,70 km S of Shizunai-furukawach?  Japan
2006-08-19T11:43:26.780Z,35.681,140.733,47.8,4,8 km ESE of Asahi  Japan
2006-08-20T01:58:19.510Z,39.667,143.542,36.4,5.1,137 km E of Miyako  Japan
2006-08-23T01:33:32.490Z,36.191,141.972,62,3.5,114 km ENE of Hasaki  Japan
2006-08-24T11:33:02.730Z,41.036,142.046,69.5,4.1,67 km NE of Misawa  Japan
2006-08-26T21:04:10.230Z,40.796,141.799,101.7,4.2,36 km ENE of Misawa  Japan
2006-08-27T18:02:54.200Z,35.778,141.773,5.6,4.1,85 km E of Hasaki  Japan
2006-08-27T18:20:42.200Z,35.879,141.685,12.6,4.3,78 km ENE of Hasaki  Japan
2006-08-27T22:49:41.740Z,37.122,138.831,16.8,3.9,5 km ESE of T?kamachi  Japan
2006-08-28T07:45:05.620Z,36.106,141.208,32.7,4.3,53 km ENE of Kashima-shi  Japan
2006-08-29T10:55:22.830Z,40.255,142.495,34.4,4,82 km NE of Miyako  Japan
2006-08-29T23:38:02.050Z,34.07,141.42,40.2,4.1,156 km SE of Katsuura  Japan
2006-08-30T04:47:11.170Z,39.72,143.52,58.9,3.9,135 km E of Miyako  Japan
2006-08-31T08:18:21.480Z,35.527,139.882,90.5,4.8,14 km E of Kawasaki  Japan
2006-08-31T09:23:59.300Z,42.651,142.99,101.4,3.5,34 km SSW of Obihiro  Japan
2006-09-01T12:17:10.690Z,34.453,141.363,45,4.9,122 km SE of Katsuura  Japan
2006-09-01T18:40:22.280Z,42.423,141.89,143.5,3.8,33 km SE of Tomakomai  Japan
2006-09-04T22:09:33.250Z,39.08,142.321,41.2,4.2,44 km ESE of Kamaishi  Japan
2006-09-04T23:43:42.420Z,39.092,142.849,35,4.1,87 km ESE of Kamaishi  Japan
2006-09-05T22:42:28.140Z,36.759,142.141,35,3.8,116 km ESE of Iwaki  Japan
2006-09-06T18:06:33.630Z,35.48,140.837,49.7,5.1,28 km S of Hasaki  Japan
2006-09-07T01:57:39.790Z,35.591,140.134,66,4.8,1 km ESE of Chiba  Japan
2006-09-07T03:45:45.740Z,35.091,140.904,47.7,4.2,49 km ESE of ?hara  Japan
2006-09-07T12:58:36.060Z,42.456,140.569,153.7,4.3,24 km W of Date  Japan
2006-09-07T22:50:50.810Z,35.656,140.011,86.4,4.3,5 km SSE of Honch?  Japan
2006-09-08T16:48:16.770Z,42.035,142.476,77,4.1,34 km SSE of Shizunai-furukawach?  Japan
2006-09-09T10:36:03.920Z,38.297,142.018,66.3,4.6,64 km ESE of Ishinomaki  Japan
2006-09-10T10:43:34.910Z,39.625,143.683,17,4,149 km E of Miyako  Japan
2006-09-10T10:58:14.690Z,36.107,141.224,48.5,3.9,near the east coast of Honshu  Japan
2006-09-10T20:53:42.780Z,38.946,144.218,35,3.9,204 km ESE of Yamada  Japan
2006-09-10T21:41:23.380Z,39.119,142.871,92.1,4.4,88 km ESE of ?tsuchi  Japan
2006-09-12T19:31:25.110Z,36.51,141.13,61.5,4,43 km ESE of Takahagi  Japan
2006-09-13T15:06:46.050Z,35.969,141.503,2.8,4.2,65 km ENE of Hasaki  Japan
2006-09-14T03:32:09.600Z,40.047,141.352,83.4,3.5,19 km SSE of Ichinohe  Japan
2006-09-14T06:02:31.690Z,41.881,142.215,65,4.4,51 km SSW of Shizunai-furukawach?  Japan
2006-09-14T14:56:17.860Z,42.237,143.109,72.3,4.2,62 km E of Shizunai-furukawach?  Japan
2006-09-14T22:52:22.940Z,42.202,142.758,35,3.9,35 km ESE of Shizunai-furukawach?  Japan
2006-09-17T04:45:22.320Z,38.228,144.926,28.3,4.6,290 km ESE of Kamaishi  Japan
2006-09-20T01:20:06.800Z,41.845,141.322,137.6,4,49 km E of Hakodate  Japan
2006-09-21T17:31:59.310Z,36.413,141.475,15.3,4.3,75 km ESE of Takahagi  Japan
2006-09-22T12:59:47.460Z,42.136,142.155,10,3.5,28 km SW of Shizunai-furukawach?  Japan
2006-09-22T13:52:28.430Z,42.656,142.091,127.4,4.1,40 km E of Tomakomai  Japan
2006-09-22T21:33:30.060Z,36.444,141.543,37.2,4.3,79 km ESE of Takahagi  Japan
2006-09-26T05:24:29.350Z,38.235,144.667,56,4.3,269 km ESE of Kamaishi  Japan
2006-09-27T07:32:40.830Z,40.794,139.582,185.7,3.1,66 km W of Shimokizukuri  Japan
2006-09-29T02:26:10.050Z,37.817,140.467,136.5,3.9,7 km W of Hobaramachi  Japan
2006-10-01T10:07:34.340Z,40.991,141.503,79.2,3.7,35 km NNE of Misawa  Japan
2006-10-01T17:07:24.990Z,38.508,142.721,67.9,5.1,107 km SE of ?funato  Japan
2006-10-01T18:47:37.430Z,41.765,144.261,31.6,4.2,134 km S of Kushiro  Japan
2006-10-04T00:37:48.980Z,38.138,144.977,34.5,4.2,298 km ESE of Kamaishi  Japan
2006-10-05T16:48:11.690Z,41.289,141.565,35,4.2,29 km E of Mutsu  Japan
2006-10-10T23:58:04.000Z,37.197,142.664,9,6,150 km ESE of Namie  Japan
2006-10-12T03:23:10.940Z,40.963,142.125,78.9,4.1,69 km ENE of Misawa  Japan
2006-10-12T16:17:41.800Z,41.695,142.169,80.1,3.9,72 km SSW of Shizunai-furukawach?  Japan
2006-10-12T23:11:41.320Z,42.361,143.113,59.6,4.3,Hokkaido  Japan region
2006-10-13T01:18:46.660Z,37.346,142.828,10,4.9,162 km E of Namie  Japan
2006-10-13T21:38:02.600Z,34.814,140.134,63.7,4.9,30 km SE of Tateyama  Japan
2006-10-14T11:35:42.000Z,36.876,141.661,53,3.8,71 km ESE of Iwaki  Japan
2006-10-14T11:37:27.770Z,36.881,141.661,50.5,4.3,71 km ESE of Iwaki  Japan
2006-10-14T11:43:42.480Z,36.887,141.668,51.1,3.8,72 km ESE of Iwaki  Japan
2006-10-15T10:58:36.740Z,35.988,140.081,62.6,3.5,5 km WNW of Ushiku  Japan
2006-10-16T02:51:23.510Z,41.021,142.411,34.7,4.3,93 km ENE of Misawa  Japan
2006-10-16T23:15:22.560Z,37.247,143.081,32.4,4,186 km E of Namie  Japan
2006-10-17T15:58:52.970Z,41.067,143.366,30.4,4.4,163 km SSE of Shizunai-furukawach?  Japan
2006-10-17T19:19:10.670Z,37.514,142.86,24.6,4.8,off the east coast of Honshu  Japan
2006-10-17T22:53:25.640Z,35.742,140.021,47.1,4.2,5 km NE of Honch?  Japan
2006-10-19T08:34:01.870Z,39.075,143.69,11.2,4.2,156 km ESE of Yamada  Japan
2006-10-23T00:58:15.350Z,40.19,142.328,48.2,4.2,68 km NNE of Miyako  Japan
2006-10-24T07:42:38.950Z,40.606,143.444,29.6,4.3,165 km E of Hachinohe  Japan
2006-10-24T23:59:34.900Z,42.408,141.379,137.1,4.4,15 km S of Shiraoi  Japan
2006-10-25T22:57:58.960Z,36.999,141.493,42,4.2,54 km E of Iwaki  Japan
2006-10-26T08:46:08.840Z,37.71,141.806,39.1,3.9,75 km ENE of Namie  Japan
2006-10-27T08:37:51.110Z,35.083,140.21,61.1,4.1,10 km E of Kamogawa  Japan
2006-10-27T22:37:32.620Z,35.184,141.94,59.2,3.4,117 km ESE of Hasaki  Japan
2006-10-28T06:47:21.370Z,40.908,142.13,50.3,3.7,67 km ENE of Misawa  Japan
2006-10-28T07:07:14.880Z,35.705,140.755,48.2,3.1,7 km WSW of Hasaki  Japan
2006-10-28T12:47:53.140Z,37.055,143.355,35,4.4,214 km ESE of Namie  Japan
2006-10-29T20:24:37.580Z,40.165,142.659,65.4,3.7,84 km NE of Miyako  Japan
2006-10-30T02:31:08.330Z,34.614,141.353,46.4,3.9,111 km ESE of Katsuura  Japan
2006-10-31T17:39:40.440Z,42.412,143.037,61,4.6,55 km E of Shizunai-furukawach?  Japan
2006-11-01T01:11:46.880Z,41.623,141.531,127.6,4.1,45 km NE of Mutsu  Japan
2006-11-01T14:21:36.720Z,42.349,143.029,58.8,4.9,54 km E of Shizunai-furukawach?  Japan
2006-11-05T21:57:17.820Z,40.05,142.245,65.3,4.2,51 km NNE of Miyako  Japan
2006-11-06T22:28:42.300Z,40.591,146.031,35,4,298 km SSE of Kushiro  Japan
2006-11-07T23:14:04.270Z,40.481,142.753,35.5,3.5,106 km E of Hachinohe  Japan
2006-11-12T07:22:11.380Z,33.971,141.48,38.7,4.1,168 km SE of Katsuura  Japan
2006-11-14T06:38:05.340Z,42.405,143.721,88.7,4,70 km SE of Obihiro  Japan
2006-11-14T12:33:00.510Z,39.217,142.292,81,3.7,near the east coast of Honshu  Japan
2006-11-15T08:39:08.870Z,36.523,140.566,57.7,3.9,6 km N of Funaishikawa  Japan
2006-11-18T13:31:21.750Z,41.183,142.613,54.3,4.1,116 km ENE of Misawa  Japan
2006-11-18T16:04:52.270Z,41.954,142.329,72,4.1,42 km S of Shizunai-furukawach?  Japan
2006-11-20T10:24:06.230Z,40.678,143.998,10.9,4.3,209 km ENE of Miyako  Japan
2006-11-22T17:04:48.990Z,40.012,142.947,52.7,4.4,95 km ENE of Miyako  Japan
2006-11-22T18:07:03.710Z,40.138,142.464,59,4.3,70 km NE of Miyako  Japan
2006-11-22T23:53:06.380Z,35.331,140.559,10,3.7,17 km ENE of ?hara  Japan
2006-11-23T18:35:02.730Z,35.005,139.109,10,4.1,4 km NNE of It?  Japan
2006-11-25T10:32:52.690Z,39.872,143.993,30,3.5,177 km E of Miyako  Japan
2006-11-25T14:07:08.710Z,39.67,141.992,67.8,4.4,5 km ENE of Miyako  Japan
2006-11-26T13:30:27.690Z,40.133,143.068,43.1,4.2,110 km ENE of Miyako  Japan
2006-11-28T14:11:24.980Z,41.899,142.44,73.5,3.4,48 km S of Shizunai-furukawach?  Japan
2006-11-30T02:59:21.100Z,37.304,139.456,49.3,4.1,45 km ESE of Tochio-honch?  Japan
2006-12-01T01:35:15.060Z,39.157,143.267,20.8,4.2,118 km ESE of Yamada  Japan
2006-12-02T00:30:35.880Z,36.459,142.562,59,3.8,163 km ESE of Iwaki  Japan
2006-12-02T00:49:19.670Z,36.437,142.57,34.5,4.6,165 km ESE of Iwaki  Japan
2006-12-02T20:26:02.750Z,41.473,142.019,61.6,3.5,70 km ENE of Mutsu  Japan
2006-12-03T09:12:38.350Z,37.069,141.193,50.8,4,27 km E of Iwaki  Japan
2006-12-03T09:31:37.040Z,39.218,143.367,6.3,4.4,125 km ESE of Yamada  Japan
2006-12-03T13:54:56.220Z,42.353,144.605,45.3,4.4,71 km SSE of Kushiro  Japan
2006-12-03T21:08:37.310Z,35.639,140.491,62.9,4.6,8 km ENE of Narut?  Japan
2006-12-04T10:43:36.030Z,42.592,142.699,53.3,3.7,39 km NE of Shizunai-furukawach?  Japan
2006-12-06T08:49:43.350Z,41.429,142.168,57.6,3.6,81 km E of Mutsu  Japan
2006-12-06T14:04:50.390Z,42.195,144.725,34.8,5.1,91 km SSE of Kushiro  Japan
2006-12-06T23:27:48.630Z,41.589,142.596,25.7,4.2,84 km SSE of Shizunai-furukawach?  Japan
2006-12-08T07:14:28.090Z,37.905,139.263,156,3.7,7 km NNE of Suibara  Japan
2006-12-09T03:10:52.450Z,35.69,139.941,80,4,4 km WSW of Honch?  Japan
2006-12-09T03:29:21.170Z,35.699,140.001,70.4,4.4,1 km E of Honch?  Japan
2006-12-09T20:47:06.710Z,35.462,140.934,35,3.8,31 km SSE of Hasaki  Japan
2006-12-10T14:48:53.260Z,36.036,141.373,35,3.6,59 km NE of Hasaki  Japan
2006-12-12T21:36:21.940Z,40.647,143.676,40,3.4,184 km NE of Miyako  Japan
2006-12-14T10:13:47.380Z,35.976,140.103,72.5,4.4,2 km WNW of Ushiku  Japan
2006-12-15T06:16:42.970Z,42.239,144.848,28.9,4.1,90 km SSE of Kushiro  Japan
2006-12-16T10:00:07.860Z,35.102,138.706,10,4,7 km SSE of Fuji  Japan
2006-12-16T11:34:31.390Z,36.218,141.653,35.1,4,91 km NE of Hasaki  Japan
2006-12-18T19:53:22.650Z,35.939,141.554,26.8,3.4,68 km ENE of Hasaki  Japan
2006-12-19T18:20:39.300Z,38.485,143.16,38,4.2,141 km ESE of ?funato  Japan
2006-12-20T02:46:35.450Z,41.662,142.151,76.3,4.4,76 km SSW of Shizunai-furukawach?  Japan
2006-12-20T02:56:37.050Z,40.292,141.677,116.9,3.8,27 km SSE of Hachinohe  Japan
2006-12-21T01:51:49.560Z,35.789,138.286,35,3.5,11 km WSW of Hokuto  Japan
2006-12-23T10:09:41.100Z,42.126,142.658,49,3.9,33 km SE of Shizunai-furukawach?  Japan
2006-12-24T02:25:29.360Z,36.209,140.894,35,3.8,30 km ESE of ?arai  Japan
2006-12-24T03:53:14.420Z,41.403,142.221,50.5,4.1,84 km E of Mutsu  Japan
2006-12-25T20:17:18.350Z,37.791,138.162,37.3,4.5,40 km SW of Ry?tsu-minato  Japan
2006-12-26T10:55:35.690Z,37.763,141.829,39.8,4.3,79 km ENE of Namie  Japan
2006-12-26T12:20:50.750Z,41.563,142.09,64.6,3.5,79 km ENE of Mutsu  Japan
2006-12-27T03:17:32.980Z,40.103,142.439,67.6,4,66 km NE of Miyako  Japan
2006-12-28T00:24:59.340Z,38.861,141.512,81,4.3,29 km SW of ?funato  Japan
2006-12-29T01:57:43.020Z,37.786,138.909,193.9,3.6,4 km NNE of Maki  Japan
2006-12-30T09:07:56.300Z,42.184,143.275,37.5,3.5,76 km ESE of Shizunai-furukawach?  Japan
2006-12-30T22:49:49.550Z,34.805,140.57,41.7,4.3,44 km SSE of Katsuura  Japan
2006-12-30T23:30:04.150Z,34.768,140.368,35,4.9,42 km S of Katsuura  Japan
2007-01-02T14:17:48.240Z,42.333,142.977,64.7,4.2,50 km E of Shizunai-furukawach?  Japan
2007-01-03T15:40:04.630Z,36.431,140.686,52.8,4.3,11 km ESE of Funaishikawa  Japan
2007-01-03T23:47:49.360Z,35.1,139.678,98.7,4.2,6 km SE of Miura  Japan
2007-01-04T21:40:59.890Z,36.481,139.754,107,4.4,7 km SSE of Kanuma  Japan
2007-01-05T21:59:03.880Z,35.601,140.199,70.9,3.8,6 km SSE of Yotsukaid?  Japan
2007-01-07T12:47:54.460Z,38.278,141.916,45.4,3.7,56 km ESE of Ishinomaki  Japan
2007-01-08T09:12:59.500Z,38.275,141.608,53.9,4.1,31 km ESE of Ishinomaki  Japan
2007-01-08T09:59:39.540Z,37.169,138.815,46.2,4.5,6 km NE of Tōkamachi  Japan
2007-01-09T04:18:03.760Z,36.05,139.798,78.6,4.3,5 km S of Sakai  Japan
2007-01-10T08:49:33.190Z,36.444,141.185,35,3.2,50 km ESE of Hitachi  Japan
2007-01-10T10:19:13.660Z,36.554,141.239,45.6,4.1,50 km ESE of Takahagi  Japan
2007-01-10T11:02:48.190Z,40.746,139.133,21,4.4,96 km NW of Noshiro  Japan
2007-01-12T09:29:41.370Z,37.399,142.038,34.9,3.8,92 km E of Namie  Japan
2007-01-16T12:52:36.960Z,41.182,142.714,29.9,5,124 km ENE of Misawa  Japan
2007-01-17T04:11:38.070Z,38.276,142.38,63.4,4.2,95 km E of Ishinomaki  Japan
2007-01-18T00:12:26.490Z,34.45,140.277,67.3,4.2,70 km SSE of Tateyama  Japan
2007-01-19T14:43:13.480Z,36.942,141.537,55.3,4.3,59 km ESE of Iwaki  Japan
2007-01-23T04:07:29.470Z,39.823,141.078,100.4,4.6,14 km NNW of Morioka  Japan
2007-01-23T17:54:35.760Z,36.109,141.096,10,3.8,43 km ENE of Kashima-shi  Japan
2007-01-24T01:30:02.960Z,35.984,139.757,62,3.9,0 km E of Kasukabe  Japan
2007-01-25T07:55:22.310Z,36.956,141.007,85.5,4.4,15 km SE of Iwaki  Japan
2007-01-26T06:55:33.140Z,37.597,143.827,45,3.5,239 km ESE of Ishinomaki  Japan
2007-01-26T07:46:04.520Z,34.41,141.425,54.1,4.9,130 km SE of Katsuura  Japan
2007-01-26T08:09:25.830Z,34.068,141.705,19.5,3.8,174 km SE of Katsuura  Japan
2007-01-26T20:16:56.730Z,37.744,141.365,62,4.1,43 km NE of Namie  Japan
2007-01-27T07:11:57.950Z,35.946,139.479,126.7,4.4,4 km N of Kawagoe  Japan
2007-01-27T21:25:33.760Z,39.001,139.478,7.6,3.9,33 km WNW of Sakata  Japan
2007-01-28T16:47:57.980Z,34.164,141.619,10,4.2,161 km SE of Katsuura  Japan
2007-01-29T18:13:38.440Z,40.898,145.633,20.2,4.1,253 km SSE of Kushiro  Japan
2007-01-30T07:05:43.610Z,39.355,140.171,140.8,4.4,28 km WSW of ?magari  Japan
2007-01-30T17:07:16.800Z,34.068,141.528,38,4.4,163 km SE of Katsuura  Japan
2007-01-30T17:56:01.610Z,36.302,141.87,27.8,4.3,112 km ENE of Hasaki  Japan
2007-02-01T06:40:24.350Z,37.276,140.993,86.7,4,23 km S of Namie  Japan
2007-02-04T11:59:17.010Z,35.517,140.078,61.8,4.4,0 km W of Ichihara  Japan
2007-02-05T04:29:36.680Z,41.283,142.887,35,3.7,124 km SSE of Shizunai-furukawach?  Japan
2007-02-05T17:44:21.050Z,42.2,143.364,45,4.4,80 km S of Obihiro  Japan
2007-02-06T14:15:53.760Z,37.273,142.097,29.1,4.2,99 km ESE of Namie  Japan
2007-02-09T08:58:39.130Z,41.734,143.697,30.3,4.7,128 km ESE of Shizunai-furukawach?  Japan
2007-02-14T08:10:09.320Z,33.835,142.346,38.5,4.9,236 km SE of Katsuura  Japan
2007-02-15T20:54:14.070Z,35.719,138.806,162.8,4.2,6 km ENE of Enzan  Japan
2007-02-17T00:02:56.760Z,41.794,143.553,31,6,115 km ESE of Shizunai-furukawach?  Japan
2007-02-17T00:22:27.490Z,41.771,143.602,35,5.3,119 km ESE of Shizunai-furukawach?  Japan
2007-02-17T08:11:40.020Z,41.898,143.556,44.3,4.3,109 km ESE of Shizunai-furukawach?  Japan
2007-02-18T02:37:40.220Z,42.521,144.352,67.5,3.6,50 km S of Kushiro  Japan
2007-02-18T14:07:14.620Z,34.94,139.794,54.6,3.3,8 km SW of Tateyama  Japan
2007-02-19T21:24:01.620Z,40.434,142.058,79.9,4.4,47 km E of Hachinohe  Japan
2007-02-21T19:28:40.970Z,42.151,142.762,71.1,4,38 km ESE of Shizunai-furukawach?  Japan
2007-02-22T06:33:43.640Z,37.039,141.979,44,4.4,97 km E of Iwaki  Japan
2007-02-22T17:45:50.650Z,38.294,142.768,39.2,4.4,125 km SE of ?funato  Japan
2007-02-24T01:37:30.370Z,39.654,139.616,181.8,3.1,40 km SW of Tenn?  Japan
2007-02-25T02:36:58.360Z,36.478,141.325,55.2,4.2,60 km ESE of Takahagi  Japan
2007-02-26T15:41:21.150Z,41.842,139.72,196.5,4.5,76 km W of Kamiiso  Japan
2007-02-26T17:02:20.130Z,42.099,143.683,96.2,3.8,99 km SSE of Obihiro  Japan
2007-03-01T19:17:18.230Z,42.354,142.906,29.1,3.9,44 km E of Shizunai-furukawach?  Japan
2007-03-01T22:11:44.250Z,38.817,143.649,35,4.3,162 km ESE of Kamaishi  Japan
2007-03-02T20:14:08.100Z,41.345,142.724,43.4,4.9,113 km SSE of Shizunai-furukawach?  Japan
2007-03-03T09:06:57.520Z,35.681,140.723,46.9,3,7 km ESE of Asahi  Japan
2007-03-03T09:26:13.610Z,35.684,140.732,47.8,4.2,8 km ESE of Asahi  Japan
2007-03-03T20:01:29.510Z,39.125,143.289,30,4.5,121 km ESE of Yamada  Japan
2007-03-06T02:00:10.760Z,42.305,142.576,7.3,3.1,17 km E of Shizunai-furukawach?  Japan
2007-03-07T12:59:30.950Z,40.085,140.106,47,4,15 km SSE of Noshiro  Japan
2007-03-07T18:19:37.230Z,41.284,140.402,162,4.3,52 km N of Shimokizukuri  Japan
2007-03-08T01:25:39.170Z,41.684,143.261,42.4,4.3,103 km SE of Shizunai-furukawach?  Japan
2007-03-08T09:32:18.340Z,41.476,142.631,35.9,3.5,97 km SSE of Shizunai-furukawach?  Japan
2007-03-08T14:29:44.890Z,35.531,140.906,61.5,4.2,23 km SSE of Hasaki  Japan
2007-03-09T15:47:07.650Z,37.086,138.524,16.9,3.8,22 km WSW of T?kamachi  Japan
2007-03-11T22:19:33.980Z,35.917,140.37,96.1,3.1,6 km SE of Edosaki  Japan
2007-03-12T11:32:09.140Z,42.746,141.577,144.2,4.7,10 km SW of Chitose  Japan
2007-03-14T13:39:47.490Z,35.706,140.71,52.4,4.6,5 km ESE of Asahi  Japan
2007-03-15T05:43:11.320Z,41.956,141.215,125,4.7,43 km E of Honch?  Japan
2007-03-15T06:09:25.220Z,37.004,141.782,49,3.6,80 km E of Iwaki  Japan
2007-03-17T11:40:24.810Z,41.015,141.948,78.4,4.1,59 km NE of Misawa  Japan
2007-03-18T01:25:24.110Z,42.159,144.004,35,5.5,95 km SSW of Kushiro  Japan
2007-03-19T01:04:40.990Z,38.128,144.883,35,3.9,291 km ESE of Kamaishi  Japan
2007-03-21T00:19:18.850Z,41.666,141.342,133.1,4.3,43 km NNE of Mutsu  Japan
2007-03-22T01:28:54.100Z,35.953,139.882,76.6,4.4,1 km ENE of Noda  Japan
2007-03-23T06:38:49.050Z,42.16,142.463,55.5,4.4,20 km SSE of Shizunai-furukawach?  Japan
2007-03-24T22:51:23.930Z,42.273,142.521,71.6,3.9,14 km ESE of Shizunai-furukawach?  Japan
2007-03-25T02:19:02.310Z,37.276,136.828,10,4.5,27 km NNW of Nanao  Japan
2007-03-25T03:40:42.410Z,37.454,136.862,10,3.4,45 km NNW of Nanao  Japan
2007-03-25T06:43:31.160Z,37.255,136.839,12.4,4,25 km NNW of Nanao  Japan
2007-03-25T19:03:24.940Z,37.305,136.849,10,3.5,30 km NNW of Nanao  Japan
2007-03-26T16:59:17.370Z,37.16,136.956,17.5,3.9,12 km N of Nanao  Japan
2007-03-29T20:21:27.460Z,42.21,143.129,56.8,4.6,64 km ESE of Shizunai-furukawach?  Japan
2007-03-31T13:32:08.330Z,38.859,141.42,74.5,4.9,25 km ESE of Ichinoseki  Japan
2007-04-01T04:32:13.850Z,42.414,143.776,50.3,4.2,72 km SE of Obihiro  Japan
2007-04-02T20:58:09.240Z,35.515,140.888,10,4.1,24 km SSE of Hasaki  Japan
2007-04-03T00:32:02.800Z,36.793,140.238,125.7,4.6,10 km WNW of Daigo  Japan
2007-04-03T00:54:46.450Z,35.63,140.617,57.6,4.4,9 km SE of Y?kaichiba  Japan
2007-04-03T10:28:48.280Z,35.563,141.024,37.5,4.1,25 km SE of Hasaki  Japan
2007-04-04T19:14:39.910Z,36.281,141.922,10,4.4,115 km ENE of Hasaki  Japan
2007-04-05T04:41:41.360Z,35.476,141.685,40.6,4.3,82 km ESE of Hasaki  Japan
2007-04-05T11:39:46.230Z,38.224,141.054,53,4.4,10 km S of Shiogama  Japan
2007-04-06T14:19:56.920Z,35.914,141.43,35,4.2,57 km ENE of Hasaki  Japan
2007-04-07T19:11:20.040Z,36.106,141.317,29.8,4.2,60 km NE of Hasaki  Japan
2007-04-09T13:02:31.950Z,36.964,141.737,49.4,3.7,76 km E of Iwaki  Japan
2007-04-10T01:22:20.170Z,37.574,141.756,108.8,3.9,67 km E of Namie  Japan
2007-04-10T01:23:48.710Z,38.929,141.483,106.8,4,25 km SW of ?funato  Japan
2007-04-11T02:18:27.370Z,34.304,140.337,87.2,3.9,86 km SSE of Tateyama  Japan
2007-04-11T08:42:43.490Z,37.025,141.103,87.4,3.8,19 km E of Iwaki  Japan
2007-04-12T04:40:39.800Z,42.376,144.059,100.8,3.9,71 km SSW of Kushiro  Japan
2007-04-12T13:00:01.010Z,41.358,142.578,61.1,4.1,109 km S of Shizunai-furukawach?  Japan
2007-04-12T13:50:30.820Z,38.198,141.095,49.4,4.1,14 km SSE of Shiogama  Japan
2007-04-13T20:42:24.560Z,36.645,141.222,37.4,4.5,45 km ESE of Kitaibaraki  Japan
2007-04-14T15:50:13.320Z,35.595,142.011,47.3,5,107 km E of Hasaki  Japan
2007-04-18T15:07:31.600Z,42.658,141.861,119.7,5.5,21 km E of Tomakomai  Japan
2007-04-19T21:06:32.070Z,36.217,141.553,10,3.4,84 km NE of Hasaki  Japan
2007-04-20T12:34:52.810Z,34.665,139.083,10,3.3,12 km E of Shimoda  Japan
2007-04-25T23:12:27.750Z,35.698,140.764,49.4,4.1,7 km WSW of Hasaki  Japan
2007-04-26T05:29:56.770Z,40.503,138.203,35,3.7,158 km WNW of Noshiro  Japan
2007-04-26T16:37:57.690Z,42.44,143.558,56.1,5.3,60 km SSE of Obihiro  Japan
2007-04-26T20:04:16.490Z,36.369,140.211,125.2,3.8,5 km WSW of Kasama  Japan
2007-04-27T09:08:16.230Z,41.053,143.066,44,4.3,145 km ENE of Hachinohe  Japan
2007-04-27T22:44:11.090Z,42.004,142.298,71.8,4.3,37 km S of Shizunai-furukawach?  Japan
2007-04-28T22:32:53.050Z,35.65,140.116,68.5,4.4,4 km W of Yotsukaid?  Japan
2007-04-29T02:54:46.800Z,35.947,140.844,59.2,4.4,18 km E of Kashima-shi  Japan
2007-04-30T06:43:21.720Z,38.085,142.768,31.7,4.3,133 km ESE of Ishinomaki  Japan
2007-04-30T07:21:24.880Z,41.695,143.861,46.5,4.2,142 km ESE of Shizunai-furukawach?  Japan
2007-04-30T14:17:55.120Z,39.105,142.2,43.4,4.3,34 km ESE of Kamaishi  Japan
2007-04-30T18:49:11.560Z,35.76,140.13,73.6,4.6,near the east coast of Honshu  Japan
2007-05-01T11:12:33.450Z,34.041,140.962,84.1,4.4,136 km SSE of Katsuura  Japan
2007-05-03T00:10:11.390Z,36.662,141.182,44.4,3.3,41 km ESE of Kitaibaraki  Japan
2007-05-03T08:34:53.090Z,37.337,141.594,45,3.6,near the east coast of Honshu  Japan
2007-05-03T18:37:46.060Z,41.971,143.128,48.5,4,74 km ESE of Shizunai-furukawach?  Japan
2007-05-05T08:09:29.860Z,36.942,138.178,0.1,3.3,7 km SSW of Arai  Japan
2007-05-06T01:09:41.690Z,36.968,141.545,53.9,4.3,59 km E of Iwaki  Japan
2007-05-06T19:28:50.520Z,36.547,139.56,112.4,3.4,15 km W of Kanuma  Japan
2007-05-07T14:09:38.510Z,41.936,142.528,65.6,4.4,46 km SSE of Shizunai-furukawach?  Japan
2007-05-08T12:01:34.830Z,36.06,139.89,46.3,4.3,1 km NW of Iwai  Japan
2007-05-08T14:08:24.570Z,41.117,141.362,123.1,3.6,22 km SSE of Mutsu  Japan
2007-05-08T17:08:46.220Z,36.523,140.691,54.5,3.9,9 km SSE of Hitachi  Japan
2007-05-08T23:52:03.030Z,35.798,139.243,5.4,4.1,1 km N of ?me  Japan
2007-05-11T22:21:42.190Z,39.204,144.548,35,3.8,225 km E of Yamada  Japan
2007-05-12T23:54:44.520Z,41.484,142.034,61.6,3,71 km ENE of Mutsu  Japan
2007-05-13T05:41:02.640Z,35.91,140.83,39.6,3.6,17 km ESE of Kashima-shi  Japan
2007-05-13T08:48:43.740Z,36.11,142.124,10,4.3,123 km ENE of Hasaki  Japan
2007-05-13T21:59:43.390Z,36.251,140.724,69.3,4,14 km ESE of ?arai  Japan
2007-05-15T20:21:02.810Z,41.486,142.124,53.3,4.4,78 km ENE of Mutsu  Japan
2007-05-16T01:52:08.790Z,37.757,143.204,35.8,4.2,182 km ESE of Ishinomaki  Japan
2007-05-16T05:33:48.580Z,34.107,142.353,35,3.7,219 km ESE of Katsuura  Japan
2007-05-18T08:02:17.930Z,36.381,140.612,67.8,4,7 km E of Katsuta  Japan
2007-05-18T15:59:58.530Z,41.597,141.991,58.3,5.5,73 km ENE of Mutsu  Japan
2007-05-18T22:39:05.540Z,37.765,141.82,40.1,3.6,78 km ENE of Namie  Japan
2007-05-20T18:17:26.750Z,41.042,141.396,86,3.9,31 km SSE of Mutsu  Japan
2007-05-25T23:54:37.640Z,42.343,142.997,55.4,3.9,51 km E of Shizunai-furukawach?  Japan
2007-05-26T15:06:41.080Z,37.69,141.362,88.4,4.3,39 km NE of Namie  Japan
2007-05-26T15:14:21.490Z,42.49,141.944,129.7,4,32 km ESE of Tomakomai  Japan
2007-05-26T16:51:41.610Z,39.14,143.3,10,4.1,121 km ESE of Yamada  Japan
2007-05-28T22:36:11.090Z,39.591,142.184,73.4,4.1,21 km ESE of Miyako  Japan
2007-05-29T07:03:33.250Z,38.412,141.116,12.8,4.2,6 km NE of Matsushima  Japan
2007-05-30T01:15:56.500Z,42.034,142.601,66.7,4.3,38 km SSE of Shizunai-furukawach?  Japan
2007-05-31T22:28:58.410Z,36.109,139.579,64.4,4.4,1 km NNW of Kisai  Japan
2007-06-02T05:43:16.820Z,36.135,139.832,69.7,4.5,4 km NE of Sakai  Japan
2007-06-02T06:03:31.920Z,39.882,140.239,40.5,4,21 km NNE of Akita  Japan
2007-06-02T07:51:29.060Z,42.245,143.957,76.2,4.1,88 km SSW of Kushiro  Japan
2007-06-02T10:43:08.020Z,42.446,142.344,97.4,3.7,12 km N of Shizunai-furukawach?  Japan
2007-06-04T04:33:55.020Z,36.09,139.864,47.6,4.3,5 km NW of Iwai  Japan
2007-06-04T14:49:17.910Z,34.905,140.935,15,4.3,62 km SE of ?hara  Japan
2007-06-05T04:59:11.460Z,34.889,140.329,65.7,4.1,28 km S of Katsuura  Japan
2007-06-07T07:17:12.220Z,37.913,141.484,81.5,3.6,57 km ESE of Watari  Japan
2007-06-07T18:45:08.110Z,38.241,141.692,51.1,3.7,39 km ESE of Ishinomaki  Japan
2007-06-08T13:24:41.600Z,41.743,145.079,18.1,4.7,148 km SSE of Kushiro  Japan
2007-06-09T04:14:00.460Z,42.093,142.576,70.4,4.3,31 km SSE of Shizunai-furukawach?  Japan
2007-06-09T10:33:15.420Z,37.845,140.811,86.1,3.5,8 km SSE of Marumori  Japan
2007-06-09T11:28:33.770Z,36.103,139.756,69,4.3,3 km W of Sakai  Japan
2007-06-10T16:53:52.380Z,41.012,142.161,83.5,4.1,74 km ENE of Misawa  Japan
2007-06-10T21:27:29.430Z,37.722,136.938,45.9,3.8,74 km N of Nanao  Japan
2007-06-12T05:08:04.790Z,42.241,142.909,53.1,4.1,45 km ESE of Shizunai-furukawach?  Japan
2007-06-13T01:49:35.500Z,38.375,141.992,71.6,4.4,60 km E of Ishinomaki  Japan
2007-06-15T14:03:49.590Z,36.067,140.811,47.6,3.1,18 km NE of Kashima-shi  Japan
2007-06-15T20:29:00.600Z,38.836,142.277,44.5,4.2,55 km ESE of ?funato  Japan
2007-06-17T03:15:57.540Z,36.706,142.395,21.3,4.4,140 km ESE of Iwaki  Japan
2007-06-19T06:27:50.860Z,38.796,140.332,117.1,4.5,4 km NNE of Shinj?  Japan
2007-06-19T22:44:24.230Z,38.55,136.934,384.4,3.9,141 km WNW of Ry?tsu-minato  Japan
2007-06-20T04:31:11.560Z,35.14,141.13,59.5,4.3,68 km E of ?hara  Japan
2007-06-20T12:56:03.300Z,36.714,142.159,14.6,4.2,119 km ESE of Iwaki  Japan
2007-06-20T14:00:27.780Z,35.193,141.134,39.4,5.1,65 km SSE of Hasaki  Japan
2007-06-20T14:04:15.710Z,35.417,141.66,35,4.6,82 km ESE of Hasaki  Japan
2007-06-20T14:13:22.290Z,35.215,141.274,35,4.5,70 km SE of Hasaki  Japan
2007-06-20T14:54:03.460Z,35.226,141.283,35,4.6,69 km SE of Hasaki  Japan
2007-06-20T14:57:03.960Z,35.368,141.761,35,4.1,93 km ESE of Hasaki  Japan
2007-06-20T15:45:57.630Z,35.223,141.344,35,4.1,near the east coast of Honshu  Japan
2007-06-20T16:59:39.980Z,35.286,141.482,40.6,4.8,76 km SE of Hasaki  Japan
2007-06-20T17:00:20.890Z,35.24,141.121,40,4.7,60 km SSE of Hasaki  Japan
2007-06-20T17:01:57.710Z,35.207,141.163,69.7,4.6,65 km SSE of Hasaki  Japan
2007-06-20T18:00:52.920Z,35.384,141.718,35,4.4,89 km ESE of Hasaki  Japan
2007-06-20T18:12:30.040Z,35.211,141.336,5.6,4.8,73 km SE of Hasaki  Japan
2007-06-22T22:20:04.280Z,42.539,142.185,125.4,5,27 km NNW of Shizunai-furukawach?  Japan
2007-06-22T22:49:15.360Z,38.098,141.896,32.3,3.9,63 km SE of Ishinomaki  Japan
2007-06-23T05:57:54.750Z,34.541,140.259,68.5,4.4,60 km SE of Tateyama  Japan
2007-06-23T07:15:30.820Z,41.919,141.248,129.6,4.7,45 km ENE of Hakodate  Japan
2007-06-23T14:52:57.730Z,36.594,140.807,54.5,4.4,14 km E of Hitachi  Japan
2007-06-23T16:32:06.240Z,35.531,140.974,27.5,4.1,25 km SSE of Hasaki  Japan
2007-06-25T02:45:31.580Z,36.199,140.863,71.4,3.4,28 km ESE of ?arai  Japan
2007-06-26T02:30:42.270Z,36.7,141.206,45.2,4.2,41 km ESE of Kitaibaraki  Japan
2007-06-26T12:08:02.460Z,41.258,139.039,29.1,4.4,122 km WNW of Shimokizukuri  Japan
2007-06-27T07:06:28.170Z,36.725,137.583,0,4.1,18 km ESE of Uozu  Japan
2007-06-28T04:37:53.580Z,41.515,142.083,71.9,4.2,76 km ENE of Mutsu  Japan
2007-06-28T09:26:26.000Z,35.812,139.187,15.4,4.4,5 km WNW of ?me  Japan
2007-06-28T13:55:22.270Z,36.057,139.698,106.3,3.9,2 km ESE of Kukich??  Japan
2007-06-29T13:56:38.100Z,34.495,140.395,72.2,4.2,72 km SSE of Kamogawa  Japan
2007-06-30T02:48:56.800Z,37.139,142.062,65.2,4.4,101 km ESE of Namie  Japan
2007-06-30T16:33:26.730Z,36.032,142.263,44.5,4.3,off the east coast of Honshu  Japan
2007-06-30T17:43:54.940Z,35.124,140.589,67,4.3,22 km SE of ?hara  Japan
2007-06-30T20:55:04.470Z,35.165,140.794,77.5,4.2,37 km ESE of ?hara  Japan
2007-07-01T02:53:55.770Z,41.219,140.341,195.8,3.9,44 km N of Shimokizukuri  Japan
2007-07-03T14:31:15.810Z,35.773,140.521,64.2,4.5,8 km NNW of Y?kaichiba  Japan
2007-07-04T12:43:13.350Z,41.147,140.284,166.5,3.1,37 km NNW of Shimokizukuri  Japan
2007-07-05T15:32:30.570Z,40.371,142.101,34.8,4.4,52 km ESE of Hachinohe  Japan
2007-07-05T20:58:51.210Z,41.491,139.309,196.6,3.2,116 km NW of Shimokizukuri  Japan
2007-07-08T11:16:00.990Z,34.625,141.572,58.6,4.5,127 km ESE of ?hara  Japan
2007-07-09T15:53:23.110Z,37.642,141.861,46.2,4,78 km ENE of Namie  Japan
2007-07-09T20:16:31.250Z,34.69,141.599,8.4,4.7,126 km ESE of ?hara  Japan
2007-07-10T04:15:25.710Z,41.859,139.485,15.3,4.2,96 km W of Kamiiso  Japan
2007-07-10T09:52:50.030Z,34.709,141.577,49.5,3.6,123 km ESE of ?hara  Japan
2007-07-11T17:10:18.200Z,37.097,137.519,251.1,4.4,17 km N of Ny?zen  Japan
2007-07-11T20:29:25.970Z,35.45,139.166,19.5,4.3,10 km NNW of Hadano  Japan
2007-07-12T08:43:37.970Z,42.108,142.246,77.7,3.8,27 km SSW of Shizunai-furukawach?  Japan
2007-07-16T01:13:22.370Z,37.535,138.446,12,6.6,20 km NNW of Kashiwazaki  Japan
2007-07-16T01:34:28.930Z,37.528,138.558,18.9,4.3,17 km N of Kashiwazaki  Japan
2007-07-16T01:52:14.580Z,37.497,138.596,16.8,4.2,15 km NNE of Kashiwazaki  Japan
2007-07-16T02:05:36.010Z,37.498,138.486,23.1,4.3,15 km NNW of Kashiwazaki  Japan
2007-07-16T06:37:40.430Z,37.502,138.467,15.1,5.7,16 km NNW of Kashiwazaki  Japan
2007-07-16T07:00:28.040Z,37.521,138.658,21.9,3.8,18 km WNW of Nagaoka  Japan
2007-07-16T07:54:44.780Z,37.505,138.629,21.3,3.7,16 km NNE of Kashiwazaki  Japan
2007-07-16T08:13:11.410Z,37.465,138.629,21.6,3.8,12 km NNE of Kashiwazaki  Japan
2007-07-16T09:19:49.820Z,37.243,138.317,35,4,12 km NE of J?etsu  Japan
2007-07-16T12:08:02.120Z,37.509,138.63,20.4,4.4,17 km NNE of Kashiwazaki  Japan
2007-07-16T12:15:44.320Z,37.52,138.689,27.4,3.9,16 km WNW of Nagaoka  Japan
2007-07-17T19:39:39.350Z,37.149,138.55,10,3.9,19 km W of T?kamachi  Japan
2007-07-18T07:53:06.590Z,37.349,138.383,28.6,4.3,14 km W of Kashiwazaki  Japan
2007-07-18T11:02:55.910Z,37.472,138.493,20.7,3.7,12 km NNW of Kashiwazaki  Japan
2007-07-18T22:03:40.850Z,36.906,141.907,58.5,4.1,92 km E of Iwaki  Japan
2007-07-20T04:50:01.620Z,35.939,141.332,35,3.6,50 km ENE of Hasaki  Japan
2007-07-20T08:15:22.830Z,34.728,139.314,3.9,4.3,33 km SE of It?  Japan
2007-07-20T08:17:27.380Z,34.745,139.303,0,3.4,31 km SE of It?  Japan
2007-07-21T00:52:39.990Z,38.602,141.418,67.9,3.7,23 km NNE of Ishinomaki  Japan
2007-07-21T07:36:09.260Z,36.544,140.867,51.1,4.3,20 km ESE of Hitachi  Japan
2007-07-23T05:38:04.640Z,35.139,141.375,10,3.2,82 km SE of Hasaki  Japan
2007-07-24T02:38:43.220Z,35.302,139.067,13.7,4.1,9 km WNW of Odawara  Japan
2007-07-24T06:54:22.410Z,41.956,139.273,14,4.1,114 km W of Kamiiso  Japan
2007-07-24T19:55:09.520Z,35.026,142.574,10,3.7,176 km ESE of Hasaki  Japan
2007-07-24T21:52:07.830Z,37.482,138.541,47.5,4.9,12 km N of Kashiwazaki  Japan
2007-07-25T00:40:57.290Z,41.942,142.592,88.4,4.4,47 km SSE of Shizunai-furukawach?  Japan
2007-07-27T23:51:34.520Z,38.144,140.896,87.5,4.1,5 km NE of Iwanuma  Japan
2007-07-29T06:28:33.120Z,35.587,140.048,54.4,3.4,6 km WSW of Chiba  Japan
2007-07-29T20:43:11.730Z,34.298,142.034,46.1,4.1,183 km ESE of Katsuura  Japan
2007-08-03T02:01:16.750Z,37.318,138.333,18.2,4.3,19 km WSW of Kashiwazaki  Japan
2007-08-03T17:13:04.530Z,36.893,141.219,48.6,4.3,34 km ESE of Iwaki  Japan
2007-08-03T17:23:45.580Z,36.916,141.183,48.6,4.1,30 km ESE of Iwaki  Japan
2007-08-04T00:22:26.830Z,35.87,140.862,37.4,4.3,15 km N of Hasaki  Japan
2007-08-04T08:03:29.190Z,39.007,141.709,61.3,4,7 km S of ?funato  Japan
2007-08-05T12:20:51.730Z,35.76,140.245,63.3,3.4,4 km NNE of Sakura  Japan
2007-08-06T11:14:54.500Z,35.501,138.789,125.6,3.3,6 km N of Fujiyoshida  Japan
2007-08-06T12:06:41.800Z,37.362,140.957,95.5,3.4,13 km SSW of Namie  Japan
2007-08-08T12:27:21.030Z,37.652,140.812,77,3.7,25 km NW of Namie  Japan
2007-08-09T06:39:40.220Z,36.715,141.238,43.4,3.4,44 km E of Kitaibaraki  Japan
2007-08-09T07:34:15.790Z,39.981,144.945,35,4.4,259 km E of Miyako  Japan
2007-08-11T03:15:25.050Z,37.529,137.485,17.6,3.9,63 km NNW of Itoigawa  Japan
2007-08-12T00:56:46.160Z,37.556,141.676,44.9,3.6,60 km E of Namie  Japan
2007-08-12T12:23:57.700Z,38.939,141.958,75.1,4.3,25 km SE of ?funato  Japan
2007-08-15T00:23:28.110Z,41.4,142.114,99.6,3.7,76 km E of Mutsu  Japan
2007-08-15T02:07:52.120Z,38.735,141.557,100,4.3,39 km SSW of ?funato  Japan
2007-08-15T10:34:49.140Z,39.759,141.836,58.4,4.4,15 km NW of Miyako  Japan
2007-08-15T11:34:24.460Z,35.248,140.664,21.6,3.5,24 km E of ?hara  Japan
2007-08-15T19:15:10.270Z,35.378,140.269,48.7,5.2,5 km SSW of Mobara  Japan
2007-08-15T20:04:13.250Z,35.412,140.554,27.9,3.9,22 km SE of T?gane  Japan
2007-08-15T22:41:10.660Z,35.929,141.827,35,4.4,92 km ENE of Hasaki  Japan
2007-08-15T22:47:45.970Z,35.27,140.323,42.9,4.4,6 km WNW of ?hara  Japan
2007-08-15T23:20:35.320Z,35.29,140.286,44,4.9,10 km WNW of ?hara  Japan
2007-08-15T23:32:34.030Z,35.184,140.438,37.9,4.3,8 km SSE of ?hara  Japan
2007-08-16T00:22:09.900Z,35.296,140.507,11.9,5,11 km ENE of ?hara  Japan
2007-08-16T15:22:08.410Z,34.881,139.017,44,4.3,11 km SSW of It?  Japan
2007-08-17T19:14:44.510Z,35.36,140.18,26.9,5,12 km SW of Mobara  Japan
2007-08-18T04:36:38.940Z,35.296,140.18,35.2,4.5,17 km SW of Mobara  Japan
2007-08-18T07:55:10.080Z,35.248,140.088,33.3,5.2,16 km N of Kamogawa  Japan
2007-08-18T08:07:01.490Z,35.29,139.986,53.3,4.4,11 km SSE of Kisarazu  Japan
2007-08-18T14:16:00.680Z,35.405,140.314,25.9,3.9,2 km SE of Mobara  Japan
2007-08-18T17:17:52.050Z,40.389,142.042,65.1,4.1,47 km ESE of Hachinohe  Japan
2007-08-22T07:26:24.100Z,42.02,140.638,123.6,5.6,14 km NNW of Honch?  Japan
2007-08-23T01:15:35.850Z,35.55,140.17,68.5,4.1,7 km SE of Chiba  Japan
2007-08-24T04:20:03.130Z,41.807,143.277,14.8,5,95 km SE of Shizunai-furukawach?  Japan
2007-08-25T12:57:10.500Z,40.106,141.255,109.2,4.3,12 km SSW of Ichinohe  Japan
2007-08-27T04:48:31.990Z,34.325,139.827,103.5,4.4,73 km S of Tateyama  Japan
2007-08-28T11:04:58.030Z,35.859,141.421,10,4.2,54 km ENE of Hasaki  Japan
2007-08-29T13:38:35.330Z,35.838,141.011,1,3.8,19 km NE of Hasaki  Japan
2007-09-01T06:42:43.540Z,42.052,142.396,85.2,4,31 km S of Shizunai-furukawach?  Japan
2007-09-02T20:24:55.990Z,39.772,141.968,67.5,4.4,14 km N of Miyako  Japan
2007-09-09T05:01:53.610Z,39.559,142.608,81.1,3.8,57 km E of Yamada  Japan
2007-09-09T05:45:25.160Z,42.352,142.478,87.9,4,9 km ENE of Shizunai-furukawach?  Japan
2007-09-10T04:40:52.790Z,41.678,141.467,113.7,4,47 km NNE of Mutsu  Japan
2007-09-10T05:29:00.040Z,41.99,142.567,62.7,4.5,41 km SSE of Shizunai-furukawach?  Japan
2007-09-10T14:58:40.400Z,40.372,143.701,21.8,3.9,170 km ENE of Miyako  Japan
2007-09-10T16:31:13.330Z,39.749,142.33,96,4.2,35 km ENE of Miyako  Japan
2007-09-16T03:07:58.400Z,38.629,140.144,140.6,3.2,19 km SW of Shinj?  Japan
2007-09-20T22:54:31.480Z,35.185,140.832,44.8,5,40 km E of ?hara  Japan
2007-09-21T00:25:58.840Z,35.066,140.405,78.9,4.5,12 km SE of Katsuura  Japan
2007-09-21T13:40:32.390Z,35.068,141.134,19.3,4.7,70 km ESE of ?hara  Japan
2007-09-21T13:42:31.260Z,35.239,141.2,40.8,3.4,64 km SSE of Hasaki  Japan
2007-09-21T14:09:19.030Z,35.264,141.202,39,3.3,61 km SSE of Hasaki  Japan
2007-09-21T14:47:05.610Z,35.239,141.253,40.7,4.4,66 km SE of Hasaki  Japan
2007-09-21T17:37:31.050Z,35.366,141.568,10,4.1,78 km ESE of Hasaki  Japan
2007-09-23T07:32:29.680Z,36.5,142.701,75,3.7,173 km ESE of Iwaki  Japan
2007-09-23T08:12:32.570Z,36.518,142.655,86,3.5,168 km ESE of Iwaki  Japan
2007-09-23T19:10:29.530Z,36.494,142.721,48,4.2,175 km ESE of Iwaki  Japan
2007-09-25T16:17:44.170Z,36.401,142.731,12.1,4.4,180 km ESE of Iwaki  Japan
2007-09-25T17:14:38.100Z,41.354,142.202,70.9,4.1,82 km E of Mutsu  Japan
2007-09-25T22:35:01.380Z,41.444,143.62,48.2,4.3,143 km SE of Shizunai-furukawach?  Japan
2007-09-26T03:26:17.910Z,41.401,144.401,46.1,4.2,174 km S of Kushiro  Japan
2007-09-28T23:56:32.250Z,40.743,142.983,16.5,4,128 km ENE of Hachinohe  Japan
2007-09-29T05:53:39.930Z,41.476,142.012,63.6,3.8,69 km ENE of Mutsu  Japan
2007-09-29T21:58:33.030Z,35.9,141.524,34.2,3.6,65 km ENE of Hasaki  Japan
2007-09-29T22:49:33.350Z,36.678,141.323,48.3,3.8,52 km ESE of Kitaibaraki  Japan
2007-09-30T17:21:16.530Z,35.183,138.994,32.9,4.7,3 km WSW of Hakone  Japan
2007-10-05T16:47:16.650Z,36.359,140.963,45.1,4,34 km E of ?arai  Japan
2007-10-05T18:46:07.250Z,35.251,139.185,45.1,4,2 km ESE of Odawara  Japan
2007-10-05T22:57:27.670Z,41.093,143.244,46,3.3,155 km SSE of Shizunai-furukawach?  Japan
2007-10-06T07:55:21.120Z,41.556,142.061,66,3.7,76 km ENE of Mutsu  Japan
2007-10-06T23:12:27.140Z,36.451,141.196,45.2,3.4,51 km ESE of Hitachi  Japan
2007-10-07T13:36:06.150Z,35.567,140.505,57.9,5,8 km ESE of Narut?  Japan
2007-10-08T09:58:27.580Z,41.578,143.711,41.8,4.2,139 km SE of Shizunai-furukawach?  Japan
2007-10-08T14:35:21.650Z,41.633,139.911,165.9,4.4,64 km WSW of Kamiiso  Japan
2007-10-09T15:51:25.760Z,41.942,143.667,35,4.5,114 km SSE of Obihiro  Japan
2007-10-10T09:08:45.600Z,40.463,139.784,165.9,4.4,35 km NW of Noshiro  Japan
2007-10-10T14:43:58.550Z,35.612,139.676,78.2,4.3,8 km S of Tokyo  Japan
2007-10-10T22:45:20.120Z,35.632,141.056,35,4.4,23 km ESE of Hasaki  Japan
2007-10-11T16:19:55.370Z,37.953,142.098,50.5,3.9,86 km SE of Ishinomaki  Japan
2007-10-13T13:34:19.390Z,36.563,140.916,49.3,3.8,24 km E of Hitachi  Japan
2007-10-15T21:27:43.710Z,36.922,142.273,35,4,124 km E of Iwaki  Japan
2007-10-17T13:33:18.440Z,36.125,139.825,60,4,3 km NE of Sakai  Japan
2007-10-17T14:08:37.840Z,36.746,141.252,47,4.4,45 km E of Kitaibaraki  Japan
2007-10-18T21:42:28.600Z,35.623,138.753,167.3,3.5,8 km SSE of Enzan  Japan
2007-10-20T00:06:21.300Z,37.855,142.397,38.5,4.3,114 km ESE of Ishinomaki  Japan
2007-10-20T03:14:53.390Z,41.423,142.492,49.5,4.5,101 km S of Shizunai-furukawach?  Japan
2007-10-20T08:36:36.390Z,37.176,141.457,47.7,4,52 km ENE of Iwaki  Japan
2007-10-20T10:05:54.420Z,40.149,142.476,68.3,4.3,72 km NE of Miyako  Japan
2007-10-20T10:10:31.210Z,40.275,142.358,56.4,4.2,77 km ESE of Hachinohe  Japan
2007-10-21T02:15:32.650Z,34.002,141.227,46.6,3.9,152 km SSE of Katsuura  Japan
2007-10-22T05:08:59.390Z,42.177,142.957,75.5,4.1,51 km ESE of Shizunai-furukawach?  Japan
2007-10-23T01:22:56.750Z,37.682,141.692,42.2,4.5,64 km ENE of Namie  Japan
2007-10-23T07:16:34.390Z,42.314,143.046,49.4,3.8,56 km E of Shizunai-furukawach?  Japan
2007-10-27T05:45:02.500Z,42.31,144.381,58.4,4.1,73 km S of Kushiro  Japan
2007-10-28T14:37:07.530Z,35.994,140.056,79.3,4,7 km ESE of Mitsukaid?  Japan
2007-10-31T14:21:00.350Z,36.764,141.881,35,4.3,94 km ESE of Iwaki  Japan
2007-11-07T11:05:41.720Z,38.358,141.611,61.3,4.5,27 km ESE of Ishinomaki  Japan
2007-11-09T07:34:06.600Z,35.481,139.716,98,3.8,4 km S of Kawasaki  Japan
2007-11-11T10:48:54.720Z,36.043,139.866,59.6,4.3,3 km WSW of Iwai  Japan
2007-11-12T00:20:42.410Z,36.774,140.916,56.7,4.3,14 km E of Kitaibaraki  Japan
2007-11-13T03:08:52.860Z,34.722,139.856,93.7,3.1,29 km S of Tateyama  Japan
2007-11-17T05:56:28.360Z,42.021,142.271,70.8,4.4,35 km SSW of Shizunai-furukawach?  Japan
2007-11-19T06:00:24.280Z,38.86,141.494,104.1,4.2,30 km SW of ?funato  Japan
2007-11-25T21:42:10.660Z,37.938,141.458,91.8,4.6,54 km ESE of Watari  Japan
2007-11-25T21:57:27.730Z,35.175,141.106,42.3,4.3,65 km E of ?hara  Japan
2007-11-26T13:51:39.800Z,37.392,141.586,42.4,5.9,52 km E of Namie  Japan
2007-11-26T23:05:56.980Z,35.668,140.261,40.9,4,5 km WNW of Yachimata  Japan
2007-11-27T10:22:04.210Z,42.017,142.178,74.1,4.6,38 km SSW of Shizunai-furukawach?  Japan
2007-11-27T10:41:01.470Z,39.017,142.5,36,4.1,61 km ESE of Kamaishi  Japan
2007-11-28T16:46:20.390Z,37.273,142.489,35,4.2,133 km E of Namie  Japan
2007-11-29T22:27:23.680Z,35.505,141.16,37.2,4.7,38 km SE of Hasaki  Japan
2007-11-29T22:42:35.190Z,41.833,143.665,28.9,3.6,120 km ESE of Shizunai-furukawach?  Japan
2007-11-30T00:07:52.500Z,41.885,143.45,35.3,4,102 km ESE of Shizunai-furukawach?  Japan
2007-11-30T09:36:58.080Z,36.427,140.696,52.9,4.6,12 km ESE of Funaishikawa  Japan
2007-12-01T16:28:10.230Z,42.333,143.006,52.2,3.4,52 km E of Shizunai-furukawach?  Japan
2007-12-02T00:24:40.100Z,36.201,139.81,67.5,3.9,8 km ENE of Koga  Japan
2007-12-05T12:27:27.100Z,39.12,142.525,26.6,4.1,59 km ESE of Kamaishi  Japan
2007-12-08T12:26:20.820Z,38.865,143.507,10,3.5,149 km ESE of Kamaishi  Japan
2007-12-09T04:09:54.760Z,40.689,143.302,3.9,4.4,153 km E of Hachinohe  Japan
2007-12-10T09:31:29.120Z,35.231,141.322,26.9,3,71 km SE of Hasaki  Japan
2007-12-11T13:24:50.980Z,35.251,141.571,22.9,4.2,85 km SE of Hasaki  Japan
2007-12-15T04:18:16.410Z,39.637,142.103,47.9,3.7,13 km E of Miyako  Japan
2007-12-15T05:09:34.130Z,37.696,142.307,31.9,4,117 km E of Namie  Japan
2007-12-15T13:28:50.710Z,41.509,140.355,142.2,3.5,42 km SW of Kamiiso  Japan
2007-12-15T17:26:11.080Z,42.13,142.62,67.1,4,30 km SE of Shizunai-furukawach?  Japan
2007-12-16T03:04:30.280Z,41.84,141.24,96.4,4.2,42 km E of Hakodate  Japan
2007-12-16T05:15:47.260Z,40.134,144.819,42.4,4.3,252 km ENE of Miyako  Japan
2007-12-17T05:26:37.030Z,38.568,140.149,124.6,3.8,22 km W of Obanazawa  Japan
2007-12-18T21:19:30.010Z,36.221,142.382,11.6,3.9,149 km ENE of Hasaki  Japan
2007-12-19T11:31:25.340Z,37.022,142.065,45,4,105 km E of Iwaki  Japan
2007-12-19T15:16:40.360Z,37.817,142.427,43.5,3.5,119 km SE of Ishinomaki  Japan
2007-12-20T11:52:54.140Z,34.323,142.104,15.8,3.6,187 km ESE of ?hara  Japan
2007-12-20T12:24:28.800Z,34.694,141.549,19.8,3.3,122 km ESE of ?hara  Japan
2007-12-21T00:14:57.520Z,34.743,141.519,45.6,3.3,117 km ESE of ?hara  Japan
2007-12-21T09:02:47.230Z,35.499,141.111,34.3,3.6,36 km SE of Hasaki  Japan
2007-12-21T13:54:13.000Z,34.532,141.926,37.3,3.2,161 km ESE of ?hara  Japan
2007-12-22T08:51:43.720Z,34.579,140.244,101.1,4.5,56 km SE of Tateyama  Japan
2007-12-22T10:39:13.970Z,37.231,139.292,5.3,4.4,37 km SE of Tochio-honch?  Japan
2007-12-23T09:53:11.190Z,41.602,142.036,58.8,4.9,76 km ENE of Mutsu  Japan
2007-12-25T14:04:34.730Z,38.503,142.026,48.4,6.1,64 km E of Ishinomaki  Japan
2007-12-25T23:38:54.020Z,38.366,142.312,31.5,4.4,88 km E of Ishinomaki  Japan
2007-12-27T09:56:12.770Z,36.575,141.343,47.2,3.7,58 km ESE of Kitaibaraki  Japan
2007-12-27T10:12:37.040Z,40.566,143.781,29.8,4.2,187 km ENE of Miyako  Japan
2007-12-27T21:01:37.110Z,35.926,141.417,35,3.3,56 km ENE of Hasaki  Japan
2007-12-28T01:51:38.790Z,42.152,142.517,46.2,4.3,23 km SSE of Shizunai-furukawach?  Japan
2008-01-01T11:12:08.530Z,39.019,142.341,40,4.2,near the east coast of Honshu  Japan
2008-01-01T16:20:06.970Z,42.408,143.057,55.9,4.2,57 km E of Shizunai-furukawach?  Japan
2008-01-02T10:56:56.800Z,37.536,142.175,31.7,3.9,104 km E of Namie  Japan
2008-01-03T19:29:37.240Z,39.93,142.548,35,4.1,60 km ENE of Miyako  Japan
2008-01-04T09:36:00.830Z,35.644,140.082,70.8,4.4,5 km NNW of Chiba  Japan
2008-01-06T00:34:53.670Z,37.83,140.019,7,4.1,12 km SW of Yonezawa  Japan
2008-01-07T13:49:55.470Z,40.765,141.356,15,3.9,9 km NNW of Misawa  Japan
2008-01-08T21:24:11.120Z,36.687,141.453,35,3.9,63 km E of Kitaibaraki  Japan
2008-01-09T20:46:35.190Z,38.363,142.014,81.2,3.8,62 km E of Ishinomaki  Japan
2008-01-09T22:15:27.840Z,36.056,141.375,33.5,4.3,60 km NE of Hasaki  Japan
2008-01-10T23:00:31.670Z,39.374,141.953,46.5,4.6,4 km E of ?tsuchi  Japan
2008-01-13T14:00:07.480Z,39.274,143.112,35,4,102 km ESE of Yamada  Japan
2008-01-13T21:07:10.150Z,38.869,142.058,66.4,4.3,near the east coast of Honshu  Japan
2008-01-14T17:21:26.960Z,42.168,142.845,58.7,3.8,43 km ESE of Shizunai-furukawach?  Japan
2008-01-15T17:55:41.670Z,36.546,141.123,42.1,4.7,40 km ESE of Takahagi  Japan
2008-01-17T10:53:46.350Z,41.636,142.35,66,3.6,77 km S of Shizunai-furukawach?  Japan
2008-01-18T09:17:09.440Z,40.879,143.189,22,4.1,148 km ENE of Hachinohe  Japan
2008-01-19T09:53:21.170Z,37.11,141.103,52.5,4.4,20 km ENE of Iwaki  Japan
2008-01-19T19:02:18.690Z,41.902,144.437,18.5,4,119 km S of Kushiro  Japan
2008-01-19T22:05:33.470Z,36.277,141.982,35,3.5,119 km ENE of Hasaki  Japan
2008-01-21T03:12:22.640Z,41.201,142.064,70.9,4.7,71 km E of Mutsu  Japan
2008-01-22T10:08:20.200Z,35.817,141.39,10,4.4,51 km E of Hasaki  Japan
2008-01-22T19:34:47.940Z,42.283,142.969,84.2,4.9,49 km E of Shizunai-furukawach?  Japan
2008-01-23T10:51:24.090Z,34.982,141.643,1.1,4.3,111 km SE of Hasaki  Japan
2008-01-23T12:56:35.620Z,34.931,141.355,47.1,3.2,94 km ESE of ?hara  Japan
2008-01-24T14:27:08.170Z,37.55,142.954,35,4.4,172 km E of Namie  Japan
2008-01-24T16:07:03.280Z,37.415,142.897,41.1,4.2,168 km E of Namie  Japan
2008-01-25T15:56:23.970Z,38.739,142.32,37.5,3.8,near the east coast of Honshu  Japan
2008-01-26T10:12:15.940Z,41.614,142.961,31,3.3,93 km SSE of Shizunai-furukawach?  Japan
2008-01-30T16:19:41.000Z,40.274,142.665,65.9,4.1,93 km NE of Miyako  Japan
2008-01-31T04:08:42.510Z,37.262,143.152,35,4,192 km E of Namie  Japan
2008-01-31T14:55:51.660Z,37.438,143.098,59,4.3,185 km E of Namie  Japan
2008-02-02T04:07:22.390Z,36.158,141.035,41.6,4.2,41 km ENE of Kashima-shi  Japan
2008-02-03T05:25:16.600Z,37.459,143.155,50,3.5,190 km E of Namie  Japan
2008-02-03T05:36:21.140Z,35.45,141.154,33.9,3.2,42 km SE of Hasaki  Japan
2008-02-03T18:59:23.190Z,37.066,137.177,267.9,4.3,near the west coast of Honshu  Japan
2008-02-06T00:20:17.200Z,34.93,140.138,101.8,4.1,18 km S of Kamogawa  Japan
2008-02-07T01:32:02.110Z,38.809,141.923,84.6,3.1,34 km SSE of ?funato  Japan
2008-02-08T03:37:32.690Z,35.396,141.062,43.7,3.1,42 km SSE of Hasaki  Japan
2008-02-08T22:07:06.590Z,36.719,141.149,46.1,4.9,36 km ESE of Kitaibaraki  Japan
2008-02-10T00:37:16.410Z,34.724,140.036,95.3,5,32 km SSE of Tateyama  Japan
2008-02-10T08:04:43.170Z,39.478,141.083,123.9,4.2,10 km NNW of Hanamaki  Japan
2008-02-10T14:57:46.480Z,35.226,140.4,10,4.2,2 km SSE of ?hara  Japan
2008-02-10T16:49:33.940Z,35.28,140.694,10,4.1,27 km E of ?hara  Japan
2008-02-10T18:46:10.020Z,35.992,139.619,54.3,3.7,2 km NNE of Ageoshimo  Japan
2008-02-11T07:30:26.460Z,35.543,140.14,64,3.7,5 km ENE of Ichihara  Japan
2008-02-11T09:31:39.310Z,37.457,142.78,39,4,157 km E of Namie  Japan
2008-02-11T14:45:00.600Z,40.533,143.31,45.2,3.7,152 km NE of Miyako  Japan
2008-02-11T15:43:55.110Z,37.276,140.602,86.1,3.9,19 km S of Funehikimachi-funehiki  Japan
2008-02-12T23:35:50.260Z,38.84,141.525,83.8,4,30 km SSW of ?funato  Japan
2008-02-14T05:29:12.860Z,40.827,142.682,52.5,4.2,106 km ENE of Hachinohe  Japan
2008-02-14T15:45:07.070Z,36.051,141.05,35,4.4,37 km ENE of Kashima-shi  Japan
2008-02-16T18:15:49.650Z,36.269,141.11,36.1,4.4,47 km E of ?arai  Japan
2008-02-18T08:24:18.630Z,36.373,141.966,10,3.6,118 km ESE of Takahagi  Japan
2008-02-19T23:40:23.840Z,36.586,141.563,69.9,4.1,76 km ESE of Kitaibaraki  Japan
2008-02-20T03:40:25.830Z,36.661,143.628,35,4,248 km E of Iwaki  Japan
2008-02-21T23:42:15.740Z,33.857,141.69,45,3.4,off the east coast of Honshu  Japan
2008-02-22T11:27:00.010Z,36.941,141.154,49.5,4.4,26 km ESE of Iwaki  Japan
2008-02-24T20:25:00.430Z,35.425,141.307,30.2,4.3,54 km SE of Hasaki  Japan
2008-02-25T13:52:21.640Z,36.725,141.235,70.7,3.9,43 km E of Kitaibaraki  Japan
2008-02-26T18:28:48.010Z,36.114,139.45,126.1,3.6,1 km N of Fukiage-fujimi  Japan
2008-02-28T02:37:38.880Z,34.099,140.794,51.6,3.9,124 km SSE of Katsuura  Japan
2008-02-28T23:53:09.100Z,35.285,143.014,10,3.4,203 km ESE of Hasaki  Japan
2008-03-01T03:45:04.920Z,39.575,142.186,94.7,4.1,22 km ESE of Miyako  Japan
2008-03-02T09:29:11.200Z,41.259,142.531,35.6,4,110 km E of Mutsu  Japan
2008-03-02T09:33:31.720Z,36.614,140.432,83.3,4.1,7 km N of ?miya  Japan
2008-03-03T08:57:53.590Z,36.676,141.336,45.4,4.4,53 km ESE of Kitaibaraki  Japan
2008-03-03T09:45:18.660Z,36.391,141.132,45.8,4.8,near the east coast of Honshu  Japan
2008-03-04T02:34:29.900Z,38.032,141.856,43.5,3.4,64 km SE of Ishinomaki  Japan
2008-03-07T16:54:57.170Z,36.453,140.612,57,5.2,4 km ESE of Funaishikawa  Japan
2008-03-08T21:13:44.850Z,36.057,139.949,47.1,4.3,4 km E of Iwai  Japan
2008-03-10T01:56:35.250Z,42.52,143.438,69.9,3.6,48 km SSE of Obihiro  Japan
2008-03-10T17:27:48.680Z,37.128,141.121,85.7,4.1,22 km ENE of Iwaki  Japan
2008-03-12T08:59:58.920Z,37.448,138.57,19.9,4.3,9 km N of Kashiwazaki  Japan
2008-03-13T12:56:46.930Z,34.744,139.398,135,3.5,37 km SE of It?  Japan
2008-03-14T07:16:54.750Z,39.509,139.511,35,4,56 km WSW of Akita  Japan
2008-03-15T01:47:24.220Z,36.129,141.75,45.2,4.3,93 km ENE of Hasaki  Japan
2008-03-15T03:33:41.330Z,36.159,141.802,28.8,4.3,near the east coast of Honshu  Japan
2008-03-15T05:45:05.860Z,37.347,142.244,35,4.3,111 km E of Namie  Japan
2008-03-15T14:00:45.680Z,36.211,141.902,73,4.6,109 km ENE of Hasaki  Japan
2008-03-17T06:49:15.340Z,36.584,141.359,45.4,3.8,58 km ESE of Kitaibaraki  Japan
2008-03-17T07:40:12.810Z,36.016,141.61,26.1,4.3,76 km ENE of Hasaki  Japan
2008-03-19T14:18:34.220Z,37.047,140.963,65.1,4,7 km E of Iwaki  Japan
2008-03-19T16:36:37.090Z,36.052,139.813,60.1,4.1,5 km SSE of Sakai  Japan
2008-03-20T03:24:24.010Z,35.715,140.178,71.5,3.9,5 km W of Sakura  Japan
2008-03-21T09:16:23.390Z,41.709,144.295,25,4.6,140 km S of Kushiro  Japan
2008-03-21T09:22:33.820Z,41.707,144.289,25.4,4.1,141 km S of Kushiro  Japan
2008-03-23T06:54:13.580Z,40.128,142.733,42.9,4.2,86 km NE of Miyako  Japan
2008-03-23T19:11:17.950Z,39.95,143.188,23,4.3,112 km ENE of Miyako  Japan
2008-03-24T02:01:58.850Z,36.062,139.952,47.3,3.5,4 km ENE of Iwai  Japan
2008-03-24T02:18:00.770Z,36.745,141.631,52.5,3.4,74 km ESE of Iwaki  Japan
2008-03-24T03:40:12.140Z,37.137,141.292,41.8,5.2,37 km ENE of Iwaki  Japan
2008-03-24T07:46:48.030Z,36.452,142.605,35,4.3,167 km ESE of Iwaki  Japan
2008-03-24T13:29:47.850Z,37.304,141.17,67.1,4.3,24 km SE of Namie  Japan
2008-03-24T15:54:54.770Z,36.046,139.768,118.7,4.1,4 km ENE of Sugito  Japan
2008-03-26T21:30:44.900Z,42.451,142.949,105.8,4.3,49 km ENE of Shizunai-furukawach?  Japan
2008-03-27T08:13:42.950Z,39.806,140.319,162.3,3.2,19 km ENE of Akita  Japan
2008-03-28T23:03:22.370Z,39.51,142.064,72.1,4.8,10 km ENE of Yamada  Japan
2008-03-30T01:49:07.460Z,35.706,140.05,71.3,4,5 km E of Honch?  Japan
2008-04-01T05:48:50.330Z,35.534,139.598,85.8,4.4,10 km W of Kawasaki  Japan
2008-04-01T14:29:07.460Z,34.881,140.412,89.7,4.7,30 km SSE of Katsuura  Japan
2008-04-02T17:15:16.750Z,36.773,141.739,10,4.2,82 km ESE of Iwaki  Japan
2008-04-04T10:01:52.350Z,36.062,139.592,63,4.9,0 km SW of Sh?bu  Japan
2008-04-04T22:33:41.770Z,36.606,141.389,46.2,4.4,60 km ESE of Kitaibaraki  Japan
2008-04-06T10:09:06.030Z,38.907,141.562,69.6,4.2,22 km SW of ?funato  Japan
2008-04-06T12:55:44.390Z,35.931,140.185,54.6,4.4,3 km N of Ry?gasaki  Japan
2008-04-07T13:06:45.290Z,36.214,141.072,21.4,3.7,45 km ESE of ?arai  Japan
2008-04-10T00:54:01.370Z,35.754,140.134,67.3,4.2,7 km SE of Shiroi  Japan
2008-04-10T20:32:54.700Z,38.888,142.152,48.3,4.2,42 km ESE of ?funato  Japan
2008-04-16T19:19:36.270Z,39.028,140.005,166,5.8,6 km ENE of Yuza  Japan
2008-04-17T01:34:06.220Z,37.391,137.935,22.3,3.7,37 km NW of J?etsu  Japan
2008-04-18T09:48:53.140Z,38.928,141.448,35,3.8,27 km E of Ichinoseki  Japan
2008-04-18T21:36:30.600Z,37.06,141.944,35.7,3.8,94 km E of Iwaki  Japan
2008-04-19T09:44:07.730Z,36.683,142.055,21.5,4.1,112 km ESE of Iwaki  Japan
2008-04-21T15:32:14.740Z,41.168,142.834,36.2,4.2,132 km ENE of Misawa  Japan
2008-04-25T09:52:47.770Z,35.62,140.46,46.4,5.1,4 km ENE of Narut?  Japan
2008-04-25T10:27:06.360Z,35.675,140.725,47.1,3.2,8 km SE of Asahi  Japan
2008-04-25T18:16:11.550Z,36.173,141.846,42.1,4,103 km ENE of Hasaki  Japan
2008-04-25T20:49:30.870Z,40.862,141.363,93.5,3.6,19 km N of Misawa  Japan
2008-04-27T22:31:35.090Z,35.567,140.094,70.2,4.3,4 km SSW of Chiba  Japan
2008-04-28T12:50:54.320Z,42.347,143.146,50.2,4,63 km S of Obihiro  Japan
2008-04-29T05:26:04.680Z,41.452,142.03,46.7,5.8,70 km ENE of Mutsu  Japan
2008-04-30T22:34:11.870Z,36.041,140.244,56.3,4.4,4 km ENE of Ami  Japan
2008-05-01T21:58:52.290Z,37.077,141.465,42.6,4.9,51 km E of Iwaki  Japan
2008-05-02T05:41:26.290Z,37.278,141.539,37.7,4.9,52 km ESE of Namie  Japan
2008-05-02T14:51:50.380Z,35.339,140.303,41.3,4.3,9 km S of Mobara  Japan
2008-05-02T16:29:52.810Z,40.527,139.919,173.9,4.4,36 km NNW of Noshiro  Japan
2008-05-03T12:06:19.870Z,39.635,142.106,47.6,3.7,14 km E of Miyako  Japan
2008-05-05T00:26:56.030Z,36.203,141.695,10,4.9,93 km ENE of Hasaki  Japan
2008-05-05T01:45:19.310Z,36.297,141.897,59.9,3.6,114 km ENE of Hasaki  Japan
2008-05-07T05:10:30.340Z,36.145,141.797,35,4.4,98 km ENE of Hasaki  Japan
2008-05-07T05:35:39.920Z,36.141,141.886,36.7,4.2,105 km ENE of Hasaki  Japan
2008-05-07T09:36:57.180Z,36.262,141.882,36,3.8,111 km ENE of Hasaki  Japan
2008-05-07T09:58:17.600Z,36.172,141.775,36.3,4.8,97 km ENE of Hasaki  Japan
2008-05-07T09:59:04.330Z,36.141,141.704,35,4.9,90 km ENE of Hasaki  Japan
2008-05-07T10:49:58.730Z,36.26,141.722,37.4,4.6,99 km NE of Hasaki  Japan
2008-05-07T11:09:04.670Z,36.23,141.741,34,4.5,98 km ENE of Hasaki  Japan
2008-05-07T15:25:15.370Z,36.156,141.83,35,4.5,101 km ENE of Hasaki  Japan
2008-05-07T15:37:24.050Z,36.185,141.959,35,4.3,113 km ENE of Hasaki  Japan
2008-05-07T16:02:02.600Z,36.178,141.545,19,6.2,80 km NE of Hasaki  Japan
2008-05-07T16:03:40.430Z,36.226,141.766,35,5.4,100 km ENE of Hasaki  Japan
2008-05-07T16:09:04.080Z,36.232,141.907,6.1,5.3,111 km ENE of Hasaki  Japan
2008-05-07T16:11:39.690Z,36.222,141.835,35.8,4.9,105 km ENE of Hasaki  Japan
2008-05-07T16:12:27.630Z,36.228,141.7,38.5,5.1,95 km NE of Hasaki  Japan
2008-05-07T16:16:20.640Z,36.138,141.851,13.8,4.7,102 km ENE of Hasaki  Japan
2008-05-07T16:16:36.190Z,36.156,141.756,23.3,6.1,95 km ENE of Hasaki  Japan
2008-05-07T16:24:10.220Z,36.125,141.842,29.4,5,100 km ENE of Hasaki  Japan
2008-05-07T16:26:24.530Z,36.318,141.803,37.2,4.8,106 km ESE of Takahagi  Japan
2008-05-07T16:27:40.130Z,36.38,141.758,35,5,100 km ESE of Takahagi  Japan
2008-05-07T16:45:18.700Z,36.164,141.526,27,6.9,78 km NE of Hasaki  Japan
2008-05-07T16:50:59.150Z,36.504,141.588,35,4.6,81 km ESE of Kitaibaraki  Japan
2008-05-07T16:55:53.240Z,36.314,141.41,35,4.1,74 km E of ?arai  Japan
2008-05-07T17:02:34.970Z,36.202,141.373,35,4.1,70 km ENE of Kashima-shi  Japan
2008-05-07T17:04:22.800Z,36.314,141.663,35,3.9,95 km ESE of Takahagi  Japan
2008-05-07T17:07:37.300Z,36.111,141.639,24.9,4.3,83 km ENE of Hasaki  Japan
2008-05-07T17:17:21.560Z,36.179,141.81,35,4,101 km ENE of Hasaki  Japan
2008-05-07T17:18:56.930Z,36.273,141.753,28.2,4.3,102 km NE of Hasaki  Japan
2008-05-07T17:21:05.210Z,36.188,141.472,41.4,4.5,76 km NE of Hasaki  Japan
2008-05-07T17:28:56.140Z,36.165,141.77,24.8,4.6,97 km ENE of Hasaki  Japan
2008-05-07T17:31:18.990Z,36.248,141.584,37.9,5.4,88 km NE of Hasaki  Japan
2008-05-07T17:40:56.910Z,36.204,141.833,36.9,4.4,104 km ENE of Hasaki  Japan
2008-05-07T18:00:48.230Z,36.04,141.802,43.3,4.1,93 km ENE of Hasaki  Japan
2008-05-07T18:11:39.840Z,36.696,141.509,35,4.2,68 km SE of Iwaki  Japan
2008-05-07T18:19:56.660Z,36.148,141.501,15.8,5,75 km NE of Hasaki  Japan
2008-05-07T18:39:34.550Z,36.121,141.909,15.3,4.6,106 km ENE of Hasaki  Japan
2008-05-07T18:51:29.990Z,36.143,141.778,43.7,4.4,96 km ENE of Hasaki  Japan
2008-05-07T18:58:49.400Z,36.196,141.532,43.3,4.3,81 km NE of Hasaki  Japan
2008-05-07T19:19:06.960Z,35.202,141.923,35,4,115 km ESE of Hasaki  Japan
2008-05-07T19:20:23.040Z,36.178,141.46,39.9,4.7,75 km NE of Hasaki  Japan
2008-05-07T20:19:22.930Z,36.094,142.05,35,4.3,116 km ENE of Hasaki  Japan
2008-05-07T20:34:20.980Z,36.266,141.373,40.4,4.3,71 km E of ?arai  Japan
2008-05-07T20:37:49.000Z,36.075,141.802,43.6,4.1,95 km ENE of Hasaki  Japan
2008-05-07T20:58:00.210Z,36.206,141.832,35,4.2,104 km ENE of Hasaki  Japan
2008-05-07T21:07:33.040Z,35.974,141.897,41.5,4.1,99 km ENE of Hasaki  Japan
2008-05-07T21:26:57.870Z,36.378,141.41,42.5,4.3,72 km ESE of Hitachi  Japan
2008-05-07T22:12:40.790Z,36.307,141.81,35,4,107 km ESE of Takahagi  Japan
2008-05-07T22:24:43.190Z,36.102,142.117,35,4.1,122 km ENE of Hasaki  Japan
2008-05-07T22:50:14.460Z,36.055,141.726,35,4.3,88 km ENE of Hasaki  Japan
2008-05-08T01:19:28.530Z,36.527,141.755,35,3.4,94 km ESE of Kitaibaraki  Japan
2008-05-08T05:26:31.790Z,35.994,141.921,35,4.5,102 km ENE of Hasaki  Japan
2008-05-08T06:29:11.120Z,36.161,141.81,35,4.2,100 km ENE of Hasaki  Japan
2008-05-08T06:49:53.350Z,35.964,142.01,35,4.1,off the east coast of Honshu  Japan
2008-05-08T09:40:36.570Z,36.09,141.931,19.4,5,106 km ENE of Hasaki  Japan
2008-05-08T09:48:40.840Z,35.963,142.096,14.2,4.5,off the east coast of Honshu  Japan
2008-05-08T10:49:12.610Z,36.14,142.203,69,3.2,off the east coast of Honshu  Japan
2008-05-08T11:18:03.410Z,35.986,141.732,35,3,85 km ENE of Hasaki  Japan
2008-05-08T11:37:14.690Z,35.98,142.161,35,4.5,123 km ENE of Hasaki  Japan
2008-05-08T11:54:48.970Z,36.024,141.847,35,3.3,97 km ENE of Hasaki  Japan
2008-05-08T11:58:54.040Z,36.121,141.849,35,4.4,101 km ENE of Hasaki  Japan
2008-05-08T12:30:38.380Z,35.586,141.646,35,3.3,75 km ESE of Hasaki  Japan
2008-05-08T17:37:59.180Z,36.125,141.934,40.3,4.2,108 km ENE of Hasaki  Japan
2008-05-08T20:11:47.050Z,36.074,141.504,26.1,4.5,71 km ENE of Hasaki  Japan
2008-05-08T21:12:21.700Z,36.344,142.024,35,4.2,124 km ESE of Takahagi  Japan
2008-05-08T21:18:43.350Z,36.275,142.029,31.8,5,123 km ENE of Hasaki  Japan
2008-05-08T22:43:08.120Z,35.596,139.981,66.8,4.7,11 km S of Honch?  Japan
2008-05-08T22:48:01.610Z,35.625,140.104,67.1,4,3 km NNW of Chiba  Japan
2008-05-08T23:01:56.940Z,35.784,140.509,42.8,4.3,10 km NNW of Y?kaichiba  Japan
2008-05-08T23:21:06.960Z,36.108,141.683,17,5.6,87 km ENE of Hasaki  Japan
2008-05-08T23:48:58.600Z,36.043,141.911,35,4.3,103 km ENE of Hasaki  Japan
2008-05-08T23:58:29.940Z,36.547,140.985,35,4.4,30 km SE of Takahagi  Japan
2008-05-09T00:24:23.590Z,36.081,141.856,35,3.9,near the east coast of Honshu  Japan
2008-05-09T02:09:28.490Z,36.078,141.891,40.7,4.3,102 km ENE of Hasaki  Japan
2008-05-09T02:14:48.930Z,35.994,142.288,35,3.7,134 km ENE of Hasaki  Japan
2008-05-09T03:44:51.720Z,36.287,142.009,12.4,4.3,122 km ENE of Hasaki  Japan
2008-05-09T09:14:51.800Z,35.941,141.955,10,4.4,103 km ENE of Hasaki  Japan
2008-05-09T10:02:46.000Z,36.143,141.769,41.4,4.4,95 km ENE of Hasaki  Japan
2008-05-09T17:40:55.450Z,35.701,142.006,35,4.2,106 km E of Hasaki  Japan
2008-05-09T22:59:21.090Z,35.103,141.896,35,4.1,119 km SE of Hasaki  Japan
2008-05-10T00:00:55.490Z,41.463,141.983,67.6,4.9,66 km ENE of Mutsu  Japan
2008-05-10T00:31:50.850Z,39.054,142.092,35,3.9,31 km SE of Kamaishi  Japan
2008-05-10T04:27:33.850Z,36.053,141.763,40.1,4.2,91 km ENE of Hasaki  Japan
2008-05-10T16:20:27.640Z,40.35,142.075,50.3,3.9,51 km ESE of Hachinohe  Japan
2008-05-10T21:22:57.410Z,36.152,141.999,35,4,114 km ENE of Hasaki  Japan
2008-05-11T04:43:50.030Z,36.082,141.617,43.4,4.5,80 km ENE of Hasaki  Japan
2008-05-11T13:08:25.680Z,36.081,141.419,14.3,4.2,65 km NE of Hasaki  Japan
2008-05-11T17:17:36.990Z,36.613,142.02,12.1,4.3,112 km ESE of Iwaki  Japan
2008-05-11T17:23:40.630Z,36.634,141.879,23,3.2,100 km ESE of Iwaki  Japan
2008-05-11T17:29:00.490Z,35.958,141.99,35,3.6,107 km ENE of Hasaki  Japan
2008-05-13T00:48:16.370Z,36.165,141.627,42.8,3.7,86 km ENE of Hasaki  Japan
2008-05-13T18:00:13.450Z,41.454,142.059,70.1,4.3,72 km ENE of Mutsu  Japan
2008-05-13T21:33:12.390Z,36.066,141.362,35,4.2,60 km NE of Hasaki  Japan
2008-05-13T23:20:44.210Z,36.708,140.963,35,4,21 km ESE of Kitaibaraki  Japan
2008-05-14T00:52:10.880Z,37.015,141.985,35,4.1,98 km E of Iwaki  Japan
2008-05-14T09:45:35.100Z,41.95,141.813,35,3.3,62 km SW of Shizunai-furukawach?  Japan
2008-05-14T10:31:46.040Z,35.974,141.969,35,3.3,106 km ENE of Hasaki  Japan
2008-05-14T17:53:13.560Z,37.083,142.392,35,4.2,131 km ESE of Namie  Japan
2008-05-15T16:31:23.620Z,39.579,144.949,53.4,4.2,258 km E of Yamada  Japan
2008-05-16T19:55:03.770Z,36.297,141.895,35,4.2,114 km ENE of Hasaki  Japan
2008-05-16T23:48:21.480Z,36.401,141.413,25,4.3,71 km ESE of Takahagi  Japan
2008-05-17T10:22:19.100Z,35.418,140.458,54.5,3.1,14 km E of Mobara  Japan
2008-05-17T15:06:13.420Z,37.227,139.871,122.6,3.3,32 km NNW of Kuroiso  Japan
2008-05-18T01:31:19.340Z,40.838,142.577,50.7,4.1,98 km ENE of Hachinohe  Japan
2008-05-20T01:49:08.080Z,36.534,142.306,35,3.6,139 km ESE of Iwaki  Japan
2008-05-20T09:00:20.290Z,35.927,141.13,35.9,3.9,34 km NE of Hasaki  Japan
2008-05-20T18:07:56.680Z,34.683,141.779,60.8,4.4,141 km ESE of ?hara  Japan
2008-05-22T17:40:02.750Z,41.608,142.069,68,4.7,79 km ENE of Mutsu  Japan
2008-05-23T10:56:27.760Z,41.827,142.277,92.6,4.1,56 km S of Shizunai-furukawach?  Japan
2008-05-24T10:12:16.960Z,36.245,142.063,69,3.4,124 km ENE of Hasaki  Japan
2008-05-25T19:41:27.990Z,35.721,139.976,52.7,3.7,2 km NNW of Honch?  Japan
2008-05-27T08:54:51.060Z,36.308,141.879,62.2,4.4,113 km ESE of Takahagi  Japan
2008-05-28T01:07:24.110Z,41.892,142.034,54.1,4.2,56 km SSW of Shizunai-furukawach?  Japan
2008-05-28T16:41:59.290Z,39.086,140.512,4.1,4.5,9 km S of Yuzawa  Japan
2008-05-28T20:43:32.560Z,38.582,143.209,35,4.1,139 km SE of Kamaishi  Japan
2008-05-29T00:19:40.810Z,38.189,140.457,35,4,9 km ESE of Yamagata  Japan
2008-05-31T05:03:33.350Z,36.425,141.688,39.1,4.9,92 km ESE of Takahagi  Japan
2008-05-31T07:44:20.170Z,36.783,141.602,35,4.4,70 km ESE of Iwaki  Japan
2008-05-31T07:55:49.790Z,36.368,141.694,31.5,4.7,95 km ESE of Takahagi  Japan
2008-05-31T14:28:35.100Z,39.983,142.604,33.5,5,67 km ENE of Miyako  Japan
2008-06-01T15:58:29.490Z,38.368,141.835,48.4,4.7,47 km E of Ishinomaki  Japan
2008-06-02T10:53:21.020Z,42.565,144.166,61.2,3.6,48 km SSW of Kushiro  Japan
2008-06-03T16:41:40.280Z,35.966,142.211,35,4.6,127 km ENE of Hasaki  Japan
2008-06-04T13:12:34.550Z,38.517,140.078,10,4.1,23 km NW of Sagae  Japan
2008-06-04T14:33:41.730Z,36.054,140.1,74.5,4.4,6 km W of Naka  Japan
2008-06-04T17:03:06.660Z,41.538,139.058,205,5.7,135 km WSW of Kamiiso  Japan
2008-06-05T01:45:29.830Z,41.974,144.852,39.4,4.4,117 km SSE of Kushiro  Japan
2008-06-05T11:37:18.710Z,36.139,140.102,66,3.6,6 km S of Tsukuba  Japan
2008-06-06T02:49:15.620Z,36.413,141.691,57.3,4.1,93 km ESE of Takahagi  Japan
2008-06-10T00:03:15.860Z,36.324,141.736,34.9,4.3,101 km ESE of Takahagi  Japan
2008-06-10T19:02:04.040Z,36.839,143.054,35,4.2,194 km E of Iwaki  Japan
2008-06-10T20:39:15.620Z,41.675,142.311,81.6,4.2,73 km S of Shizunai-furukawach?  Japan
2008-06-11T17:25:09.380Z,36.142,139.829,51.5,3.7,5 km NNE of Sakai  Japan
2008-06-13T00:03:15.090Z,42.296,140.105,161,4.2,65 km WSW of Date  Japan
2008-06-13T02:21:32.630Z,35.911,137.703,12.7,4.3,24 km WNW of Ina  Japan
2008-06-13T18:06:00.720Z,36.877,139.139,140.3,4.1,eastern Honshu  Japan
2008-06-13T23:43:45.360Z,39.03,140.881,7.8,6.9,24 km WSW of Mizusawa  Japan
2008-06-13T23:49:05.680Z,39.114,140.942,11.5,5.1,16 km W of Mizusawa  Japan
2008-06-13T23:53:10.770Z,39.09,140.971,10.3,4.5,14 km WSW of Mizusawa  Japan
2008-06-13T23:56:45.220Z,39.113,140.97,12.1,4.9,14 km W of Mizusawa  Japan
2008-06-14T00:00:04.790Z,38.773,140.743,5.7,4.4,29 km NW of Furukawa  Japan
2008-06-14T00:00:35.310Z,39.133,140.919,11.4,4.7,18 km W of Mizusawa  Japan
2008-06-14T00:01:43.290Z,38.909,140.877,7.7,4.5,22 km W of Ichinoseki  Japan
2008-06-14T00:06:22.580Z,39.016,140.855,10.9,4.5,26 km WNW of Ichinoseki  Japan
2008-06-14T00:07:20.820Z,39.117,140.89,11.3,4.8,21 km W of Mizusawa  Japan
2008-06-14T00:08:01.900Z,38.832,140.808,5,4.5,29 km WSW of Ichinoseki  Japan
2008-06-14T00:14:33.520Z,38.77,140.714,3.8,3.5,30 km NW of Furukawa  Japan
2008-06-14T00:18:13.280Z,39.141,140.928,10.8,4.7,17 km W of Mizusawa  Japan
2008-06-14T00:20:11.950Z,38.882,140.678,6.4,5.5,35 km SSE of Yuzawa  Japan
2008-06-14T00:20:47.670Z,39.027,140.852,10.2,5.4,27 km WSW of Mizusawa  Japan
2008-06-14T00:29:28.370Z,39.126,140.915,11.3,4.1,18 km W of Mizusawa  Japan
2008-06-14T00:30:48.650Z,38.911,140.734,6.9,4.5,34 km W of Ichinoseki  Japan
2008-06-14T00:40:14.040Z,39.133,140.971,9.2,4.4,14 km W of Mizusawa  Japan
2008-06-14T00:49:03.400Z,39.092,140.907,10.8,4.1,20 km WSW of Mizusawa  Japan
2008-06-14T00:52:42.340Z,39.09,140.906,12.9,4.8,20 km WSW of Mizusawa  Japan
2008-06-14T00:58:16.740Z,39.115,140.953,9.8,4.1,15 km W of Mizusawa  Japan
2008-06-14T01:00:16.110Z,39.036,140.905,12.2,4.7,22 km WSW of Mizusawa  Japan
2008-06-14T01:11:01.670Z,38.914,140.869,7.9,4.2,22 km W of Ichinoseki  Japan
2008-06-14T01:16:37.050Z,39.076,140.943,11.2,3.9,17 km WSW of Mizusawa  Japan
2008-06-14T01:39:47.660Z,39.076,140.956,11.8,4.8,16 km WSW of Mizusawa  Japan
2008-06-14T01:49:42.070Z,39.094,140.88,9.8,4.4,22 km WSW of Mizusawa  Japan
2008-06-14T01:56:28.410Z,39.086,140.978,8.2,4.4,14 km WSW of Mizusawa  Japan
2008-06-14T02:19:31.160Z,39.111,140.865,10.1,4,23 km W of Mizusawa  Japan
2008-06-14T02:22:43.580Z,39.12,140.92,11,3.9,18 km W of Mizusawa  Japan
2008-06-14T02:35:16.860Z,39.023,140.889,9.6,4.6,24 km WNW of Ichinoseki  Japan
2008-06-14T02:40:41.840Z,38.878,140.846,8.9,4.1,25 km W of Ichinoseki  Japan
2008-06-14T02:48:20.700Z,39.102,140.926,11.7,4.2,18 km W of Mizusawa  Japan
2008-06-14T02:55:39.410Z,38.945,140.885,9.2,4.2,21 km W of Ichinoseki  Japan
2008-06-14T02:58:23.270Z,39.111,140.934,12,4.2,17 km W of Mizusawa  Japan
2008-06-14T03:09:20.260Z,38.878,140.864,9,4.4,23 km W of Ichinoseki  Japan
2008-06-14T03:10:07.350Z,38.881,140.863,8.9,4.3,23 km W of Ichinoseki  Japan
2008-06-14T03:10:31.870Z,39.094,140.863,8.8,4.7,23 km W of Mizusawa  Japan
2008-06-14T03:14:04.390Z,39.09,140.862,11.1,4.4,23 km WSW of Mizusawa  Japan
2008-06-14T03:27:32.820Z,39.143,140.943,10.8,4.9,16 km W of Mizusawa  Japan
2008-06-14T03:55:22.420Z,39.011,140.89,9.3,4.1,eastern Honshu  Japan
2008-06-14T04:10:47.330Z,39.099,140.864,10.4,4.3,23 km W of Mizusawa  Japan
2008-06-14T04:30:50.540Z,39.057,140.864,10.3,4.4,24 km WSW of Mizusawa  Japan
2008-06-14T04:35:52.460Z,38.898,140.674,6.6,3.9,33 km SSE of Yuzawa  Japan
2008-06-14T05:09:35.070Z,39.173,140.956,8.6,3.9,15 km WNW of Mizusawa  Japan
2008-06-14T05:12:51.000Z,39.114,140.937,11.2,4,17 km W of Mizusawa  Japan
2008-06-14T05:39:06.550Z,39.115,140.932,11.3,4.2,17 km W of Mizusawa  Japan
2008-06-14T05:39:17.560Z,39.142,140.891,10,4.7,eastern Honshu  Japan
2008-06-14T07:02:17.710Z,38.974,140.893,8,3.7,21 km WNW of Ichinoseki  Japan
2008-06-14T07:31:57.470Z,39.118,140.942,10.7,3.8,16 km W of Mizusawa  Japan
2008-06-14T08:11:19.490Z,39.163,140.951,9.2,3.2,16 km WNW of Mizusawa  Japan
2008-06-14T08:13:55.880Z,39.035,140.894,12.1,3.7,23 km WSW of Mizusawa  Japan
2008-06-14T08:34:08.760Z,39.147,140.925,11.2,4.2,18 km W of Mizusawa  Japan
2008-06-14T09:38:57.860Z,38.99,140.829,7,3.4,27 km WNW of Ichinoseki  Japan
2008-06-14T09:43:12.350Z,39.038,140.858,11.1,3.4,26 km WSW of Mizusawa  Japan
2008-06-14T09:59:12.860Z,38.879,140.794,3.4,3,29 km W of Ichinoseki  Japan
2008-06-14T10:11:56.440Z,38.867,140.86,8.9,3.9,24 km WSW of Ichinoseki  Japan
2008-06-14T11:21:14.780Z,38.88,140.757,7.3,3.8,32 km W of Ichinoseki  Japan
2008-06-14T11:42:22.970Z,39.042,140.874,9.4,3.8,24 km WSW of Mizusawa  Japan
2008-06-14T12:10:21.280Z,39.126,140.902,11.1,4,20 km W of Mizusawa  Japan
2008-06-14T12:48:28.090Z,39.133,140.906,11.5,4.6,19 km W of Mizusawa  Japan
2008-06-14T14:04:24.960Z,38.908,140.755,6.6,4,32 km W of Ichinoseki  Japan
2008-06-14T14:22:27.010Z,39.153,140.924,10.8,4.1,18 km W of Mizusawa  Japan
2008-06-14T14:42:32.420Z,38.995,140.89,10,4.8,22 km WNW of Ichinoseki  Japan
2008-06-14T17:25:29.030Z,39.011,140.939,11.6,4.2,19 km WNW of Ichinoseki  Japan
2008-06-14T17:29:27.040Z,39.09,140.973,10.9,4.4,14 km WSW of Mizusawa  Japan
2008-06-14T17:31:37.310Z,38.884,140.764,7.8,4.4,32 km W of Ichinoseki  Japan
2008-06-14T17:40:13.570Z,39.049,140.807,9.5,3.3,29 km ESE of Yuzawa  Japan
2008-06-14T18:29:20.760Z,39.165,140.86,10.3,4.3,23 km W of Mizusawa  Japan
2008-06-14T18:47:36.410Z,39.154,140.946,9.4,4.2,16 km W of Mizusawa  Japan
2008-06-14T19:23:24.730Z,38.792,140.787,2.1,4.2,28 km NNW of Furukawa  Japan
2008-06-14T21:02:30.000Z,38.767,140.778,3.6,4,26 km NW of Furukawa  Japan
2008-06-14T21:52:21.270Z,39.114,140.939,11,3.4,16 km W of Mizusawa  Japan
2008-06-15T01:35:52.760Z,39.131,140.906,11.1,4.1,19 km W of Mizusawa  Japan
2008-06-15T01:56:37.310Z,39.146,140.931,11.1,4,17 km W of Mizusawa  Japan
2008-06-15T03:30:01.840Z,39.168,140.96,9.3,4.2,15 km WNW of Mizusawa  Japan
2008-06-15T05:00:58.940Z,39.039,140.857,9.7,3.6,26 km WSW of Mizusawa  Japan
2008-06-15T05:22:47.460Z,38.925,140.885,9.7,3.4,21 km W of Ichinoseki  Japan
2008-06-15T06:25:39.020Z,39.106,140.928,11.4,3.4,18 km W of Mizusawa  Japan
2008-06-15T10:11:00.340Z,39.137,140.968,10.5,3.1,14 km W of Mizusawa  Japan
2008-06-15T17:36:19.460Z,39.144,140.932,10.5,4.2,17 km W of Mizusawa  Japan
2008-06-16T00:53:26.010Z,39,140.932,7.5,3.9,19 km WNW of Ichinoseki  Japan
2008-06-16T04:35:01.060Z,39.104,140.925,12.2,4.2,18 km W of Mizusawa  Japan
2008-06-16T04:56:51.970Z,39.007,140.793,10.4,3.9,30 km SE of Yuzawa  Japan
2008-06-16T05:38:10.770Z,39.133,140.937,11.6,4.3,16 km W of Mizusawa  Japan
2008-06-16T06:08:58.150Z,37.864,139.868,8.6,4,22 km WSW of Yonezawa  Japan
2008-06-16T08:08:21.870Z,39.164,140.953,9.2,3.9,15 km WNW of Mizusawa  Japan
2008-06-16T09:31:47.450Z,39.093,140.949,10.3,3.3,16 km WSW of Mizusawa  Japan
2008-06-16T11:35:01.410Z,39.188,140.952,8.3,4.1,16 km WNW of Mizusawa  Japan
2008-06-16T14:14:38.410Z,38.997,140.841,10.8,5.1,26 km WNW of Ichinoseki  Japan
2008-06-16T15:03:20.930Z,38.915,140.856,9.4,3.6,24 km W of Ichinoseki  Japan
2008-06-16T15:59:50.160Z,39.06,140.77,11.8,4.1,26 km ESE of Yuzawa  Japan
2008-06-16T18:23:01.660Z,39.092,140.933,11.1,4.1,17 km WSW of Mizusawa  Japan
2008-06-16T18:48:52.020Z,38.997,140.836,10.1,3.2,27 km WNW of Ichinoseki  Japan
2008-06-16T19:05:03.290Z,39.136,140.942,11,4.5,16 km W of Mizusawa  Japan
2008-06-16T19:56:19.560Z,39.15,140.937,10.8,4,17 km W of Mizusawa  Japan
2008-06-16T21:39:23.550Z,38.787,140.801,3,4,27 km NNW of Furukawa  Japan
2008-06-17T00:19:25.730Z,38.926,140.385,27.6,4,eastern Honshu  Japan
2008-06-17T03:42:52.700Z,38.845,140.823,7.7,3.8,28 km WSW of Ichinoseki  Japan
2008-06-17T11:09:13.170Z,38.943,140.912,9.5,3.1,eastern Honshu  Japan
2008-06-17T12:30:57.880Z,39.108,140.941,11,4.1,eastern Honshu  Japan
2008-06-17T15:54:42.190Z,39.148,140.887,50,4,21 km W of Mizusawa  Japan
2008-06-18T04:30:29.920Z,37.506,141.499,10,4,44 km E of Namie  Japan
2008-06-18T07:55:01.120Z,39.039,140.864,12.3,4.4,25 km WSW of Mizusawa  Japan
2008-06-18T09:04:33.470Z,39.101,140.93,11.5,4.3,17 km WSW of Mizusawa  Japan
2008-06-18T14:55:08.760Z,39.047,140.756,29.7,4.3,25 km ESE of Yuzawa  Japan
2008-06-19T02:34:13.330Z,39.195,140.988,4.6,4.4,14 km WNW of Mizusawa  Japan
2008-06-19T10:05:56.360Z,38.926,140.871,10.1,3.2,22 km W of Ichinoseki  Japan
2008-06-19T15:17:41.350Z,36.018,141.204,43.2,4.2,46 km NE of Hasaki  Japan
2008-06-19T17:32:11.080Z,39.177,140.804,38.8,4.4,26 km E of Yuzawa  Japan
2008-06-20T12:40:00.040Z,39.089,140.9,10.4,3.3,20 km WSW of Mizusawa  Japan
2008-06-20T16:55:30.050Z,39.173,140.958,10.3,3.8,15 km WNW of Mizusawa  Japan
2008-06-22T01:28:39.010Z,36.62,140.94,53.2,4,22 km ESE of Takahagi  Japan
2008-06-22T02:08:10.350Z,38.989,140.806,10,4.4,29 km WNW of Ichinoseki  Japan
2008-06-22T03:48:36.020Z,35.593,139.965,70.6,4.4,near the south coast of Honshu  Japan
2008-06-22T18:23:52.150Z,42.793,142.55,103.2,3.3,53 km NNE of Shizunai-furukawach?  Japan
2008-06-22T22:58:47.510Z,39.154,141.173,35,4.2,4 km NE of Mizusawa  Japan
2008-06-23T23:44:15.610Z,39.026,140.764,43,4.1,27 km SE of Yuzawa  Japan
2008-06-24T09:16:21.390Z,37.812,139.812,126.7,3.3,18 km NNW of Kitakata  Japan
2008-06-25T02:06:19.550Z,36.525,141.554,10,4.2,77 km ESE of Kitaibaraki  Japan
2008-06-25T18:57:47.730Z,38.87,140.833,35,3.8,26 km WSW of Ichinoseki  Japan
2008-06-25T23:37:11.960Z,41.937,142.486,55.6,5.5,45 km SSE of Shizunai-furukawach?  Japan
2008-06-26T01:14:36.240Z,41.52,143.31,37.8,3.9,119 km SE of Shizunai-furukawach?  Japan
2008-06-26T03:20:02.160Z,39.041,140.894,10.9,3.5,23 km WSW of Mizusawa  Japan
2008-06-26T06:51:11.140Z,39.082,140.97,6.9,4.4,15 km WSW of Mizusawa  Japan
2008-06-26T14:34:04.540Z,38.742,140.604,35,4.5,23 km NE of Obanazawa  Japan
2008-06-27T07:23:47.020Z,38.75,140.768,2.6,4.1,25 km NW of Furukawa  Japan
2008-06-27T13:57:26.320Z,38.753,140.765,3.2,4.4,26 km NW of Furukawa  Japan
2008-06-28T00:50:01.560Z,38.753,140.777,2.7,4.2,25 km NW of Furukawa  Japan
2008-06-29T01:05:52.730Z,34.025,141.337,35,3.9,155 km SE of Katsuura  Japan
2008-06-29T06:53:24.240Z,38.885,140.734,7.4,4.1,34 km W of Ichinoseki  Japan
2008-06-30T22:55:53.520Z,35.756,139.658,93.6,3.7,4 km SE of Wako  Japan
2008-07-01T02:36:56.920Z,39.156,140.953,10.2,3.9,15 km W of Mizusawa  Japan
2008-07-01T11:17:52.690Z,38.977,140.489,17.9,4.1,eastern Honshu  Japan
2008-07-01T11:50:35.980Z,36.603,141.234,45.8,3.3,near the east coast of Honshu  Japan
2008-07-03T01:00:06.640Z,42.329,143.011,51,4.2,53 km E of Shizunai-furukawach?  Japan
2008-07-03T19:12:02.280Z,35.465,140.718,34.6,4.4,28 km SSE of Asahi  Japan
2008-07-04T01:54:22.090Z,42.005,142.216,148.8,3.8,38 km SSW of Shizunai-furukawach?  Japan
2008-07-05T04:14:40.140Z,39.132,140.916,35.7,4.1,18 km W of Mizusawa  Japan
2008-07-05T05:21:45.970Z,39.066,140.949,9.2,4.3,17 km WSW of Mizusawa  Japan
2008-07-05T07:49:02.560Z,36.643,140.952,49.7,5.1,22 km ESE of Takahagi  Japan
2008-07-05T11:13:30.160Z,36.398,141.73,65.5,3.3,97 km ESE of Takahagi  Japan
2008-07-05T22:05:44.710Z,36.092,142.297,18.1,4.7,137 km ENE of Hasaki  Japan
2008-07-06T07:30:24.550Z,35.629,139.511,70.1,3.1,4 km SW of Ch?fu  Japan
2008-07-07T06:14:17.050Z,39.036,140.887,10.1,4.2,23 km WSW of Mizusawa  Japan
2008-07-07T12:18:28.060Z,42.504,140.751,136.5,3.4,10 km WNW of Date  Japan
2008-07-07T20:22:28.710Z,38.977,140.997,10,4.1,13 km WNW of Ichinoseki  Japan
2008-07-09T12:27:28.680Z,35.951,138.966,135.3,4.2,10 km WSW of Chichibu  Japan
2008-07-10T10:29:04.860Z,35.895,141.574,31.2,4,69 km ENE of Hasaki  Japan
2008-07-11T23:06:03.680Z,39.173,140.843,8.1,4.4,25 km W of Mizusawa  Japan
2008-07-12T03:03:17.380Z,36.374,141.406,28.6,4.3,72 km ESE of Hitachi  Japan
2008-07-12T03:04:39.510Z,36.482,141.486,10,4.4,73 km ESE of Takahagi  Japan
2008-07-12T09:24:30.120Z,41.392,142.868,35,4.4,112 km SSE of Shizunai-furukawach?  Japan
2008-07-12T18:17:04.320Z,42.462,143.275,64.5,4.1,50 km S of Obihiro  Japan
2008-07-12T19:54:22.820Z,36.69,142.234,35,4,126 km ESE of Iwaki  Japan
2008-07-14T10:41:10.440Z,35.817,140.943,27.6,3.6,13 km NE of Hasaki  Japan
2008-07-14T14:56:40.270Z,39.134,140.9,10.7,4.1,20 km W of Mizusawa  Japan
2008-07-15T12:37:14.950Z,35.527,138.984,21,4.3,10 km S of ?tsuki  Japan
2008-07-15T13:23:06.620Z,35.488,138.946,23.3,4.1,14 km ENE of Fujiyoshida  Japan
2008-07-17T14:53:40.990Z,35.662,141.223,50.4,4.2,36 km ESE of Hasaki  Japan
2008-07-17T18:24:16.350Z,36.677,141.42,49.4,3.3,61 km ESE of Kitaibaraki  Japan
2008-07-17T19:05:01.620Z,35.506,138.734,142.7,3.9,4 km ENE of Fujikawaguchiko  Japan
2008-07-19T02:39:28.700Z,37.552,142.214,22,7,107 km E of Namie  Japan
2008-07-19T02:47:29.440Z,37.562,142.402,31.4,5.3,124 km E of Namie  Japan
2008-07-19T04:09:32.920Z,39.21,140.826,10,4.3,26 km WSW of Kitakami  Japan
2008-07-19T12:31:16.260Z,37.539,142.638,20.4,3.7,144 km E of Namie  Japan
2008-07-19T13:01:24.890Z,37.282,142.77,1.3,4.4,158 km E of Namie  Japan
2008-07-19T14:24:01.460Z,41.604,142.043,64.7,3.8,77 km ENE of Mutsu  Japan
2008-07-19T18:04:00.290Z,37.288,143.014,10,4.2,179 km E of Namie  Japan
2008-07-19T21:36:28.720Z,38.584,144.483,35,3.6,239 km ESE of Kamaishi  Japan
2008-07-20T01:36:26.740Z,37.21,143.168,10,4.1,194 km E of Namie  Japan
2008-07-20T02:22:53.870Z,37.561,142.871,10,4.6,165 km E of Namie  Japan
2008-07-20T02:36:37.560Z,37.578,143.033,10,4.4,178 km ESE of Ishinomaki  Japan
2008-07-20T05:29:17.180Z,41.717,144.232,31.1,3.7,140 km S of Kushiro  Japan
2008-07-20T05:33:14.750Z,41.713,144.228,31.2,4.7,140 km S of Kushiro  Japan
2008-07-20T14:16:22.400Z,36.18,141.854,9.7,4.3,104 km ENE of Hasaki  Japan
2008-07-20T20:48:10.000Z,37.475,142.914,30.9,4.5,169 km E of Namie  Japan
2008-07-20T22:41:00.930Z,37.242,143.063,10,4.3,off the east coast of Honshu  Japan
2008-07-20T23:02:03.300Z,37.278,142.876,10,4.3,167 km E of Namie  Japan
2008-07-21T04:50:13.190Z,37.354,141.791,35,4.4,71 km ESE of Namie  Japan
2008-07-21T06:16:38.180Z,36.211,141.984,10,4.3,116 km ENE of Hasaki  Japan
2008-07-21T07:26:32.410Z,36.176,142.022,35.9,4.3,117 km ENE of Hasaki  Japan
2008-07-21T09:01:04.640Z,37.816,142.559,10,5,128 km ESE of Ishinomaki  Japan
2008-07-21T11:30:29.280Z,37.186,142.051,22,6,98 km ESE of Namie  Japan
2008-07-21T17:22:59.340Z,37.299,142.146,25.6,4.2,103 km ESE of Namie  Japan
2008-07-21T20:31:54.040Z,36.128,141.74,40.5,4.3,92 km ENE of Hasaki  Japan
2008-07-21T23:29:01.430Z,37.109,142.356,39.4,4.2,127 km ESE of Namie  Japan
2008-07-22T08:46:47.850Z,37.728,142.31,10,5.4,117 km SE of Ishinomaki  Japan
2008-07-22T14:58:44.330Z,36.943,142.899,10,3.4,178 km ESE of Namie  Japan
2008-07-22T16:08:41.440Z,37.514,143.231,10,4,197 km ESE of Ishinomaki  Japan
2008-07-22T16:28:07.190Z,37.444,143.049,12.6,4.4,181 km E of Namie  Japan
2008-07-22T19:17:00.500Z,34.335,140.018,37.1,4.3,73 km S of Tateyama  Japan
2008-07-22T20:15:31.000Z,37.485,142.613,10,3.7,142 km E of Namie  Japan
2008-07-23T01:49:45.200Z,37.533,143.123,10,4.1,187 km E of Namie  Japan
2008-07-23T03:54:24.350Z,38.996,140.86,9.5,4.3,25 km WNW of Ichinoseki  Japan
2008-07-23T05:07:29.030Z,41.271,140.498,130.9,3.3,51 km NNE of Shimokizukuri  Japan
2008-07-23T15:26:19.950Z,39.802,141.464,108,6.8,29 km ENE of Morioka  Japan
2008-07-23T18:04:44.540Z,41.615,142.102,62.8,4.3,82 km ENE of Mutsu  Japan
2008-07-23T22:10:51.730Z,37.435,143.464,35,3.7,218 km E of Namie  Japan
2008-07-24T02:27:53.960Z,39.62,141.522,111.9,5.2,33 km ESE of Morioka  Japan
2008-07-24T20:48:05.540Z,38.888,140.796,47.4,4,29 km W of Ichinoseki  Japan
2008-07-25T00:34:05.640Z,37.59,142.761,10,4.3,156 km E of Namie  Japan
2008-07-25T00:39:23.290Z,37.568,142.644,29.4,4.5,145 km E of Namie  Japan
2008-07-25T07:00:38.740Z,37.43,143.072,27.7,4.3,183 km E of Namie  Japan
2008-07-25T08:59:24.930Z,39.634,142.11,48,3.9,14 km E of Miyako  Japan
2008-07-26T01:07:42.380Z,37.617,141.888,44.3,4.1,79 km E of Namie  Japan
2008-07-27T02:05:37.740Z,39.36,140.294,133,3,19 km WSW of ?magari  Japan
2008-07-28T15:55:19.550Z,38.958,140.848,41.3,4,25 km W of Ichinoseki  Japan
2008-07-29T07:27:32.970Z,39.062,140.861,9.7,4,24 km WSW of Mizusawa  Japan
2008-07-29T07:35:53.070Z,39.062,140.863,9.7,4.4,24 km WSW of Mizusawa  Japan
2008-07-29T23:15:55.180Z,39.101,140.814,21.3,4.1,27 km W of Mizusawa  Japan
2008-07-30T01:15:02.010Z,38.83,140.826,5.1,4.2,28 km WSW of Ichinoseki  Japan
2008-07-30T01:34:36.520Z,34.406,140.441,74.6,4.2,82 km SSE of Kamogawa  Japan
2008-07-30T06:01:47.560Z,36.209,141.783,58,3.5,100 km ENE of Hasaki  Japan
2008-07-31T04:54:39.830Z,38.513,142.402,31,4.2,85 km SE of ?funato  Japan
2008-07-31T05:31:52.750Z,39.167,142.382,31,3.8,46 km ESE of Kamaishi  Japan
2008-08-02T15:50:37.150Z,35.325,140.916,47.2,4.2,45 km S of Hasaki  Japan
2008-08-04T10:57:26.140Z,42.329,144.69,36.6,4.1,76 km SSE of Kushiro  Japan
2008-08-05T08:10:49.890Z,42.274,144.899,28.2,4.2,88 km SSE of Kushiro  Japan
2008-08-05T14:38:14.360Z,37.482,143.233,35,4.3,197 km E of Namie  Japan
2008-08-06T13:16:43.120Z,39.207,140.524,10,4,4 km NNE of Yuzawa  Japan
2008-08-06T21:12:53.280Z,35.487,140.903,36.3,4.4,28 km SSE of Hasaki  Japan
2008-08-06T22:38:52.730Z,35.624,141.647,55.7,4.3,74 km E of Hasaki  Japan
2008-08-07T03:03:04.670Z,42.006,142.596,61.5,3.3,41 km SSE of Shizunai-furukawach?  Japan
2008-08-07T08:59:47.570Z,35.525,141.003,40,3.2,27 km SSE of Hasaki  Japan
2008-08-07T12:29:28.860Z,37.45,143.189,50,3.6,193 km E of Namie  Japan
2008-08-08T03:57:15.080Z,36.021,139.347,68.3,4.4,8 km NNW of Sakado  Japan
2008-08-08T15:53:09.940Z,41.171,142.189,39,5.4,82 km E of Mutsu  Japan
2008-08-09T00:54:36.130Z,42.116,142.414,54.8,4.4,24 km S of Shizunai-furukawach?  Japan
2008-08-09T14:21:18.570Z,41.43,142.401,78.6,3.6,100 km E of Mutsu  Japan
2008-08-13T01:45:11.280Z,36.419,140.64,60.9,4.2,8 km SE of Funaishikawa  Japan
2008-08-13T12:18:57.760Z,38.778,141.613,73.2,4.5,33 km SSW of ?funato  Japan
2008-08-14T05:34:17.170Z,40.034,144.099,33,3.8,189 km ENE of Miyako  Japan
2008-08-14T09:04:42.120Z,41.107,141.108,120.5,4.2,22 km SSW of Mutsu  Japan
2008-08-15T15:04:42.620Z,35.827,141.101,33.1,4.4,26 km ENE of Hasaki  Japan
2008-08-16T08:20:31.320Z,40.504,141.439,89.3,4.2,5 km W of Hachinohe  Japan
2008-08-19T09:38:04.880Z,36.77,141.726,50.2,3.9,81 km ESE of Iwaki  Japan
2008-08-20T05:28:03.430Z,38.947,142.528,29.6,4.2,67 km ESE of Kamaishi  Japan
2008-08-20T06:13:29.220Z,36.067,139.737,52.1,4.4,1 km ESE of Satte  Japan
2008-08-20T18:27:43.870Z,39.39,140.912,102.5,3.4,17 km W of Hanamaki  Japan
2008-08-20T23:56:44.780Z,37.783,141.933,49.9,4.1,88 km ENE of Namie  Japan
2008-08-22T00:25:47.180Z,34.898,139.962,7.9,4.3,12 km SE of Tateyama  Japan
2008-08-22T05:09:10.730Z,37.61,143.171,10,4.4,187 km ESE of Ishinomaki  Japan
2008-08-22T06:02:39.700Z,39.135,140.933,9.7,4,17 km W of Mizusawa  Japan
2008-08-22T10:59:50.120Z,36.463,140.401,51.5,5.2,9 km S of ?miya  Japan
2008-08-24T16:32:35.270Z,41.862,141.134,117.6,3.7,34 km ENE of Hakodate  Japan
2008-08-25T08:53:06.550Z,36.387,138.033,188.5,4.4,14 km ENE of Hotaka  Japan
2008-08-25T10:35:00.030Z,39.146,140.928,9.6,3.2,17 km W of Mizusawa  Japan
2008-08-25T11:57:43.430Z,39.146,140.929,9.8,3.9,17 km W of Mizusawa  Japan
2008-08-25T23:39:38.320Z,35.576,140.072,75.6,4.3,4 km WSW of Chiba  Japan
2008-08-26T06:16:06.650Z,36.982,140.476,108.7,4,18 km S of Ishikawa  Japan
2008-08-27T00:14:01.430Z,41.543,142.054,70.5,4.3,75 km ENE of Mutsu  Japan
2008-08-28T02:38:01.080Z,36.925,141.775,38.2,3.5,80 km E of Iwaki  Japan
2008-08-28T08:31:42.660Z,36.077,141.224,35,4.4,51 km NE of Hasaki  Japan
2008-08-28T11:58:52.670Z,39.041,140.898,7.2,3.2,22 km WSW of Mizusawa  Japan
2008-08-29T16:06:21.430Z,38.263,141.611,35,3.2,32 km ESE of Ishinomaki  Japan
2008-08-29T19:54:46.340Z,37.798,142.537,10,4.2,128 km ESE of Ishinomaki  Japan
2008-08-29T19:55:38.950Z,37.673,142.336,33.3,4.3,119 km E of Namie  Japan
2008-08-29T20:04:47.570Z,37.766,142.332,30.5,4.4,115 km SE of Ishinomaki  Japan
2008-08-29T20:13:25.910Z,37.917,142.625,35,4.4,128 km ESE of Ishinomaki  Japan
2008-08-30T20:15:42.240Z,36.28,138.736,131.9,4.3,14 km W of Tomioka  Japan
2008-08-31T05:04:21.600Z,39.136,142.897,26.1,3.7,89 km ESE of Yamada  Japan
2008-09-01T04:43:01.470Z,37.97,142.553,35,4.1,off the east coast of Honshu  Japan
2008-09-01T05:41:16.690Z,42.598,141.708,128.1,4.4,9 km ESE of Tomakomai  Japan
2008-09-01T10:46:15.290Z,41.768,144.044,47.9,4.4,136 km SSW of Kushiro  Japan
2008-09-02T08:17:00.870Z,42.78,142.681,93.9,4.3,45 km WSW of Obihiro  Japan
2008-09-02T09:35:15.730Z,39.074,140.827,30.8,4.2,27 km WSW of Mizusawa  Japan
2008-09-04T12:43:44.700Z,36.978,141.652,50,4.2,68 km E of Iwaki  Japan
2008-09-06T06:20:43.160Z,41.774,141.703,77.2,4.2,67 km NE of Mutsu  Japan
2008-09-06T07:05:05.520Z,42.569,141.292,121.1,4.3,5 km WNW of Shiraoi  Japan
2008-09-06T07:29:14.370Z,35.337,140.963,10,4.6,45 km SSE of Hasaki  Japan
2008-09-07T10:03:39.390Z,42.305,143.018,49.1,4,53 km E of Shizunai-furukawach?  Japan
2008-09-08T00:25:49.390Z,36.406,140.96,58.2,4.1,35 km SE of Hitachi  Japan
2008-09-09T23:57:18.690Z,40.24,141.959,87.1,4.3,48 km SE of Hachinohe  Japan
2008-09-10T00:24:15.010Z,37.767,142.266,39.9,3.9,111 km SE of Ishinomaki  Japan
2008-09-10T02:28:20.270Z,37.88,142.75,35,3.7,140 km ESE of Ishinomaki  Japan
2008-09-10T23:38:30.130Z,38.605,141.796,38.4,3.9,48 km ENE of Ishinomaki  Japan
2008-09-11T00:20:50.920Z,41.892,143.754,25,6.8,122 km SSE of Obihiro  Japan
2008-09-11T00:32:48.360Z,41.753,143.882,35.3,5.3,140 km SSE of Obihiro  Japan
2008-09-11T01:08:10.130Z,41.678,144.079,29.6,5,146 km S of Kushiro  Japan
2008-09-11T01:24:49.180Z,41.707,144.272,26.3,4.5,141 km S of Kushiro  Japan
2008-09-11T01:31:59.630Z,41.649,144.157,35,3.5,148 km S of Kushiro  Japan
2008-09-11T03:14:01.700Z,36.467,141.075,38.4,4.6,40 km ESE of Hitachi  Japan
2008-09-11T04:00:59.560Z,41.794,144.132,23.9,4.8,132 km S of Kushiro  Japan
2008-09-11T04:57:02.330Z,41.722,144.159,25.7,4.7,140 km S of Kushiro  Japan
2008-09-11T05:03:13.500Z,41.809,144.044,34.3,4,132 km SSW of Kushiro  Japan
2008-09-11T05:29:48.760Z,41.7,144.351,25.2,3.6,141 km S of Kushiro  Japan
2008-09-11T05:44:09.100Z,41.726,144.227,30.6,3.9,139 km S of Kushiro  Japan
2008-09-11T06:36:50.570Z,41.691,144.302,26.8,3.6,Hokkaido  Japan region
2008-09-11T08:51:05.200Z,41.649,144.274,29.4,3.5,147 km S of Kushiro  Japan
2008-09-11T10:07:47.590Z,41.754,144.278,33.6,3.9,Hokkaido  Japan region
2008-09-11T10:53:23.350Z,41.766,144.272,33.1,3.9,134 km S of Kushiro  Japan
2008-09-11T16:03:49.620Z,40.687,142.934,64.1,4.2,123 km E of Hachinohe  Japan
2008-09-11T22:34:45.680Z,42.42,144.549,41.2,5,63 km SSE of Kushiro  Japan
2008-09-12T00:39:57.130Z,42.371,144.649,48.9,4.1,70 km SSE of Kushiro  Japan
2008-09-12T08:09:00.020Z,36.39,140.167,103.7,4.1,7 km NE of Iwase  Japan
2008-09-12T21:05:18.630Z,34.716,141.031,53.3,4.3,80 km SE of Katsuura  Japan
2008-09-14T16:05:55.190Z,38.896,140.794,49.2,4.3,29 km W of Ichinoseki  Japan
2008-09-14T16:25:12.900Z,41.752,144.513,12.3,3.8,136 km S of Kushiro  Japan
2008-09-15T07:53:01.640Z,41.715,144.069,29.9,4.9,142 km S of Kushiro  Japan
2008-09-15T08:02:47.170Z,41.664,144.138,36.7,4.4,146 km S of Kushiro  Japan
2008-09-15T23:07:48.630Z,38.039,142.494,37.6,4.3,112 km ESE of Ishinomaki  Japan
2008-09-16T16:20:02.700Z,42.563,143.629,51.3,3.8,52 km SE of Obihiro  Japan
2008-09-16T18:38:34.330Z,41.834,145.539,28.9,4,158 km SE of Kushiro  Japan
2008-09-17T01:47:19.930Z,41.76,143.927,36.2,4.1,139 km SSW of Kushiro  Japan
2008-09-18T13:53:35.570Z,41.722,144.218,21.1,4.2,139 km S of Kushiro  Japan
2008-09-19T00:58:24.930Z,41.801,144.442,35,3.7,130 km S of Kushiro  Japan
2008-09-19T21:19:13.940Z,41.803,142.985,48.6,3.9,78 km SE of Shizunai-furukawach?  Japan
2008-09-20T09:33:21.280Z,41.74,144.201,27,3.6,137 km S of Kushiro  Japan
2008-09-20T22:17:11.350Z,35.616,140.062,70.8,4.7,5 km WNW of Chiba  Japan
2008-09-21T05:15:29.450Z,37.14,141.626,43.1,3.8,66 km E of Iwaki  Japan
2008-09-22T07:31:59.170Z,41.578,140.45,149,5.6,31 km SSW of Kamiiso  Japan
2008-09-22T20:43:37.640Z,36.687,141.414,35,4.4,60 km E of Kitaibaraki  Japan
2008-09-23T13:26:53.210Z,38.727,142.237,42.4,4.3,59 km SE of ?funato  Japan
2008-09-23T23:43:49.050Z,39.037,141.535,71.9,4.3,16 km WSW of ?funato  Japan
2008-09-25T00:36:24.310Z,41.913,143.924,35,3.8,123 km SSW of Kushiro  Japan
2008-09-25T01:36:44.150Z,36.456,140.595,55.4,4,2 km ESE of Funaishikawa  Japan
2008-09-25T03:31:23.580Z,40.022,144.07,35,4.3,186 km ENE of Miyako  Japan
2008-09-25T06:04:57.600Z,38.875,140.861,5.5,4.2,24 km W of Ichinoseki  Japan
2008-09-25T15:06:42.350Z,36.77,142.183,13.5,4.8,119 km ESE of Iwaki  Japan
2008-09-25T16:38:18.280Z,36.712,142.304,16.2,4.2,132 km ESE of Iwaki  Japan
2008-09-26T16:53:26.860Z,40.492,142.799,39.3,5,110 km E of Hachinohe  Japan
2008-09-27T23:42:33.880Z,36.342,141.08,54,3.7,44 km E of ?arai  Japan
2008-09-28T02:20:45.970Z,39.038,141.211,10,3.5,12 km SSE of Mizusawa  Japan
2008-09-28T16:24:42.150Z,41.887,144.05,35.7,3.9,123 km SSW of Kushiro  Japan
2008-09-28T16:36:57.030Z,36.706,142.338,27.6,4.1,135 km ESE of Iwaki  Japan
2008-09-28T19:33:43.790Z,40.712,145.294,46.1,4.3,262 km SSE of Kushiro  Japan
2008-09-30T03:25:44.370Z,37.468,145.559,33.3,4,off the east coast of Honshu  Japan
2008-10-02T01:41:17.500Z,41.449,142.299,72.6,3.4,92 km E of Mutsu  Japan
2008-10-02T21:07:35.630Z,37.705,142.722,12.1,4,147 km ESE of Ishinomaki  Japan
2008-10-03T19:22:58.280Z,41.973,142.374,73.5,4.3,40 km S of Shizunai-furukawach?  Japan
2008-10-05T01:54:07.080Z,42.009,142.248,56.9,4.1,37 km SSW of Shizunai-furukawach?  Japan
2008-10-05T05:19:49.150Z,34.323,140.331,77,3.1,84 km SSE of Tateyama  Japan
2008-10-06T19:54:17.600Z,41.188,142.227,63.3,4.3,85 km E of Mutsu  Japan
2008-10-07T06:22:32.870Z,39.509,141.323,119.3,3.6,22 km NE of Hanamaki  Japan
2008-10-08T06:07:48.520Z,35.499,140.073,43.6,4.9,2 km SSW of Ichihara  Japan
2008-10-08T09:07:21.560Z,39.067,140.921,8.2,3.5,19 km WSW of Mizusawa  Japan
2008-10-08T17:52:45.120Z,41.151,142.285,57.9,4.5,90 km E of Mutsu  Japan
2008-10-09T05:58:25.090Z,37.225,142.711,17,3.7,154 km E of Namie  Japan
2008-10-09T14:32:41.600Z,40.027,144.152,7.4,4.4,193 km ENE of Miyako  Japan
2008-10-10T19:27:34.300Z,41.473,141.93,67.4,4.5,63 km ENE of Mutsu  Japan
2008-10-11T09:32:16.350Z,34.316,141.766,32.1,3.3,161 km SE of Katsuura  Japan
2008-10-12T01:04:42.020Z,35.43,140.421,29.7,4,11 km E of Mobara  Japan
2008-10-12T22:14:00.750Z,37.294,141.829,35,4.3,76 km ESE of Namie  Japan
2008-10-14T03:37:46.160Z,35.399,140.329,26.9,4.2,4 km SE of Mobara  Japan
2008-10-16T00:23:18.680Z,35.428,140.272,30.4,4.4,2 km W of Mobara  Japan
2008-10-16T11:49:29.800Z,42.617,142.669,110.2,4.2,40 km NE of Shizunai-furukawach?  Japan
2008-10-17T00:50:39.400Z,36.395,141.332,65.8,4.2,65 km ESE of Hitachi  Japan
2008-10-17T05:34:30.590Z,42.681,143.139,105.7,4.4,26 km SSW of Obihiro  Japan
2008-10-18T03:49:37.690Z,39.404,143.5,16,4.1,133 km E of Yamada  Japan
2008-10-18T10:38:26.400Z,37.915,141.3,80.7,3.8,41 km ESE of Watari  Japan
2008-10-19T22:29:19.870Z,39.43,143.627,49.7,4.1,144 km E of Yamada  Japan
2008-10-20T00:29:24.880Z,39.223,143.389,35,4.3,off the east coast of Honshu  Japan
2008-10-20T01:34:12.730Z,39.322,143.403,36.3,4.6,126 km E of Yamada  Japan
2008-10-20T03:33:20.980Z,39.407,143.404,35.1,4.4,125 km E of Yamada  Japan
2008-10-20T04:18:09.350Z,39.351,143.46,42.2,4.3,130 km E of Yamada  Japan
2008-10-20T04:49:11.430Z,39.383,143.313,52.9,4.2,117 km E of Yamada  Japan
2008-10-20T21:57:25.580Z,36.688,141.337,41.9,4.1,53 km ESE of Kitaibaraki  Japan
2008-10-22T11:06:14.290Z,36.911,141.234,51.7,3.8,34 km ESE of Iwaki  Japan
2008-10-22T22:47:04.850Z,42.296,141.188,134.7,3.9,16 km E of Muroran  Japan
2008-10-23T01:20:04.940Z,41.631,143.722,35,4,136 km SE of Shizunai-furukawach?  Japan
2008-10-23T17:12:58.140Z,35.744,140.729,45,4.2,near the east coast of Honshu  Japan
2008-10-23T19:10:48.580Z,37.469,141.615,52.1,4.3,54 km E of Namie  Japan
2008-10-24T10:27:32.170Z,36.672,141.328,46.9,3.4,53 km ESE of Kitaibaraki  Japan
2008-10-24T19:56:11.030Z,35.964,141.586,35.5,4.5,72 km ENE of Hasaki  Japan
2008-10-24T23:05:04.520Z,42.744,142.73,126.3,3.9,43 km WSW of Obihiro  Japan
2008-10-25T02:16:41.610Z,36.228,141.067,35,4,44 km ESE of ?arai  Japan
2008-10-25T03:09:25.270Z,35.859,141.572,28.3,3.7,68 km ENE of Hasaki  Japan
2008-10-25T06:01:37.700Z,35.953,141.624,24.7,5,75 km ENE of Hasaki  Japan
2008-10-25T15:29:53.270Z,38.705,140.694,21.1,4.2,27 km WNW of Furukawa  Japan
2008-10-25T21:35:35.940Z,38.62,141.903,47.3,3.5,52 km SSE of ?funato  Japan
2008-10-26T21:55:44.800Z,39.378,143.371,50.1,4.3,122 km E of Yamada  Japan
2008-10-27T10:48:44.410Z,41.914,144.814,25,4.4,123 km SSE of Kushiro  Japan
2008-10-27T12:12:04.800Z,42.034,142.604,61.6,3.4,Hokkaido  Japan region
2008-10-27T22:53:13.530Z,39.107,140.86,10.7,3.7,23 km W of Mizusawa  Japan
2008-10-27T23:59:31.880Z,35.73,140.217,65.1,4,2 km NW of Sakura  Japan
2008-10-28T16:52:00.970Z,35.839,140.202,62.6,4,6 km SSE of Ry?gasaki  Japan
2008-10-29T15:48:40.400Z,38.09,141.638,83.5,5.1,46 km SE of Ishinomaki  Japan
2008-10-30T19:18:36.850Z,42.425,144.507,24.8,4.3,62 km S of Kushiro  Japan
2008-10-30T19:35:23.860Z,42.279,144.574,32.8,4,79 km SSE of Kushiro  Japan
2008-10-31T14:06:07.160Z,38.816,141.592,73.9,3.2,30 km SSW of ?funato  Japan
2008-11-01T00:43:36.040Z,41.875,140.132,177,3.9,43 km W of Kamiiso  Japan
2008-11-01T00:57:07.250Z,35.672,141.168,37.7,4,31 km ESE of Hasaki  Japan
2008-11-01T06:22:31.420Z,34.33,140.652,55.8,4.4,near the east coast of Honshu  Japan
2008-11-01T21:46:30.120Z,36.636,141.648,20.9,4.3,82 km ESE of Kitaibaraki  Japan
2008-11-03T19:06:39.860Z,39.063,140.818,40.2,4.7,eastern Honshu  Japan
2008-11-04T08:32:31.370Z,35.258,141.269,27.2,4.2,65 km SE of Hasaki  Japan
2008-11-04T08:40:12.470Z,35.247,141.24,44.5,4.5,65 km SE of Hasaki  Japan
2008-11-05T04:10:32.250Z,36.014,140.033,76.7,3.5,4 km E of Mitsukaid?  Japan
2008-11-07T04:28:24.600Z,37.169,142.418,37.5,3.8,130 km ESE of Namie  Japan
2008-11-08T10:22:29.720Z,38.867,140.724,6,3.8,35 km W of Ichinoseki  Japan
2008-11-09T13:49:48.980Z,38.703,140.884,42.5,3.4,15 km NNW of Furukawa  Japan
2008-11-09T15:49:32.140Z,38.825,141.726,84.6,3.9,27 km S of ?funato  Japan
2008-11-09T16:45:00.190Z,36.696,141.401,43.2,3.9,59 km E of Kitaibaraki  Japan
2008-11-12T04:39:53.000Z,38.88,140.604,48.3,4.5,29 km ENE of Shinj?  Japan
2008-11-14T19:14:54.580Z,42.445,143.123,49,4.2,52 km S of Obihiro  Japan
2008-11-16T01:49:53.350Z,41.488,143.353,50.8,4.3,124 km SE of Shizunai-furukawach?  Japan
2008-11-16T05:11:30.340Z,38.978,142.305,53.2,3.6,50 km SE of Kamaishi  Japan
2008-11-17T01:56:24.830Z,37.645,142.568,35,3.9,139 km E of Namie  Japan
2008-11-17T04:03:07.090Z,36.452,142.37,10.6,4,148 km ESE of Iwaki  Japan
2008-11-17T04:23:39.120Z,39.89,143.555,32.8,3.9,140 km E of Miyako  Japan
2008-11-17T04:55:15.620Z,36.364,142.17,35,3.1,135 km ESE of Kitaibaraki  Japan
2008-11-17T08:26:58.040Z,38.007,142.668,30,4.1,128 km ESE of Ishinomaki  Japan
2008-11-17T10:09:54.220Z,40.844,142.377,79.5,4.4,83 km ENE of Hachinohe  Japan
2008-11-17T16:54:14.220Z,41.654,144.176,47.8,4.3,147 km S of Kushiro  Japan
2008-11-18T00:01:14.090Z,36.21,137.447,245.6,3.7,19 km ENE of Takayama  Japan
2008-11-19T18:44:49.960Z,36.039,141.617,35.1,4.1,78 km ENE of Hasaki  Japan
2008-11-19T19:25:42.690Z,35.972,141.567,34.8,5,71 km ENE of Hasaki  Japan
2008-11-20T05:17:07.750Z,34.894,140.173,45.6,3.2,23 km SSE of Kamogawa  Japan
2008-11-20T06:00:21.460Z,42.664,142.796,92.2,3.2,43 km SW of Obihiro  Japan
2008-11-20T11:58:30.230Z,35.976,141.62,35.1,4.3,75 km ENE of Hasaki  Japan
2008-11-21T10:10:19.340Z,36.25,140.48,51.8,4.1,6 km ESE of Okunoya  Japan
2008-11-21T21:27:14.090Z,38.651,138.042,40.6,4,72 km NNW of Ry?tsu-minato  Japan
2008-11-22T12:13:32.340Z,35.983,140.226,41.2,4.2,6 km SSE of Ami  Japan
2008-11-24T22:59:58.450Z,35.849,141.485,28.8,4.2,60 km ENE of Hasaki  Japan
2008-11-28T01:13:35.330Z,37.947,141.843,56.7,4.2,70 km SE of Ishinomaki  Japan
2008-11-28T20:18:32.390Z,41.81,143.965,10,4.3,133 km SSW of Kushiro  Japan
2008-12-01T03:47:07.060Z,36.368,143.393,36.8,4.2,236 km ESE of Iwaki  Japan
2008-12-03T08:52:09.740Z,39.537,144.97,10,4,259 km E of Yamada  Japan
2008-12-03T21:03:04.240Z,41.679,142.963,40.8,4,87 km SE of Shizunai-furukawach?  Japan
2008-12-03T23:16:54.870Z,38.589,142.878,14,5.8,114 km ESE of ?funato  Japan
2008-12-04T01:42:24.080Z,38.559,143.288,35.8,4.2,146 km ESE of Kamaishi  Japan
2008-12-04T03:10:55.000Z,38.567,142.89,16,5.3,116 km ESE of ?funato  Japan
2008-12-04T08:29:38.830Z,37.545,141.37,48.5,4.2,33 km ENE of Namie  Japan
2008-12-04T10:13:45.430Z,38.463,142.157,31.7,3.8,74 km E of Ishinomaki  Japan
2008-12-04T18:42:02.270Z,38.557,143.093,10,4.1,132 km ESE of Ōfunato  Japan
2008-12-05T20:03:11.110Z,38.529,143.003,34.3,5.5,126 km ESE of ?funato  Japan
2008-12-05T20:20:30.480Z,38.543,143.205,30.6,4.2,141 km SE of Kamaishi  Japan
2008-12-06T03:28:27.590Z,38.269,143.52,10,3.7,180 km ESE of ?funato  Japan
2008-12-06T03:31:16.370Z,41.248,142.546,53.8,4,111 km E of Mutsu  Japan
2008-12-06T17:21:28.040Z,41.847,140.571,126,3.9,7 km WNW of Kamiiso  Japan
2008-12-06T20:09:03.620Z,38.756,143.33,10,4,139 km ESE of Kamaishi  Japan
2008-12-06T21:02:46.630Z,36.743,141.424,35.8,4.2,59 km SE of Iwaki  Japan
2008-12-06T21:38:04.320Z,38.046,140.996,35,4.1,12 km E of Watari  Japan
2008-12-06T22:31:58.070Z,38.465,141.173,39.8,4,5 km NW of Yamoto  Japan
2008-12-06T23:28:41.390Z,36.668,141.611,46.8,4.1,77 km ESE of Iwaki  Japan
2008-12-07T20:39:35.910Z,38.588,143.114,37.4,4.2,132 km SE of Kamaishi  Japan
2008-12-07T21:50:24.200Z,40.883,142.196,78.2,4.1,71 km ENE of Misawa  Japan
2008-12-08T07:43:39.800Z,38.548,143.169,8.9,4.2,138 km SE of Kamaishi  Japan
2008-12-08T21:16:52.640Z,36.861,139.915,108.5,3.9,6 km NNW of Yaita  Japan
2008-12-09T09:35:41.560Z,36.385,141.033,47.1,3.4,41 km E of ?arai  Japan
2008-12-09T10:09:09.480Z,38.753,140.786,4,3.3,24 km NW of Furukawa  Japan
2008-12-11T06:22:36.930Z,38.632,143.246,40,4,139 km ESE of Kamaishi  Japan
2008-12-12T03:33:19.440Z,41.696,144.161,36.7,4.3,143 km S of Kushiro  Japan
2008-12-12T05:21:07.750Z,42.358,141.149,122.7,4.7,14 km ENE of Muroran  Japan
2008-12-13T07:20:51.270Z,38.473,143.166,37.2,4.7,142 km ESE of ?funato  Japan
2008-12-13T08:23:41.760Z,42.648,142.121,137.5,4.5,40 km NNW of Shizunai-furukawach?  Japan
2008-12-13T15:04:01.320Z,34.068,141.764,29.6,3.2,178 km SE of Katsuura  Japan
2008-12-14T10:25:41.040Z,36.378,141.049,44.9,4.6,42 km E of ?arai  Japan
2008-12-14T14:34:32.750Z,37.179,142.248,24.7,4,115 km ESE of Namie  Japan
2008-12-14T19:24:04.640Z,37.115,142.152,15.3,4,110 km ESE of Namie  Japan
2008-12-14T20:29:31.650Z,39.082,144.504,33.2,5.2,224 km ESE of Yamada  Japan
2008-12-15T09:24:21.390Z,38.943,140.899,7.8,3.4,20 km W of Ichinoseki  Japan
2008-12-15T12:14:48.590Z,37.848,139.681,0,4.3,27 km NW of Kitakata  Japan
2008-12-17T13:10:43.680Z,40.126,142.466,61.7,4,69 km NE of Miyako  Japan
2008-12-17T14:29:15.050Z,37.187,142.341,36.7,4.3,123 km ESE of Namie  Japan
2008-12-17T19:10:04.490Z,41.327,141.876,81.3,3.9,Hokkaido  Japan region
2008-12-17T20:43:37.050Z,39.272,143.022,8.3,4.3,94 km ESE of Yamada  Japan
2008-12-18T06:47:13.620Z,38.429,143.002,34.9,5.3,132 km ESE of ?funato  Japan
2008-12-19T06:53:01.370Z,40.987,142.014,77.1,4.3,62 km ENE of Misawa  Japan
2008-12-20T04:41:38.900Z,40.895,142.188,74.9,4.4,71 km ENE of Misawa  Japan
2008-12-20T10:29:23.100Z,36.541,142.425,19,6.3,148 km ESE of Iwaki  Japan
2008-12-20T10:35:08.090Z,36.634,142.5,15,4.8,151 km ESE of Iwaki  Japan
2008-12-20T10:40:00.200Z,36.584,142.5,25,3.8,153 km ESE of Iwaki  Japan
2008-12-20T10:48:23.650Z,36.561,142.461,10,5.2,150 km ESE of Iwaki  Japan
2008-12-20T10:55:21.320Z,36.561,142.505,66,4,154 km ESE of Iwaki  Japan
2008-12-20T10:55:34.700Z,38.811,140.807,4,3.9,29 km NNW of Furukawa  Japan
2008-12-20T11:15:00.730Z,36.569,142.607,21,3.2,162 km ESE of Iwaki  Japan
2008-12-20T11:29:35.830Z,36.546,142.572,2,3.4,160 km ESE of Iwaki  Japan
2008-12-20T12:22:01.830Z,36.52,142.485,10,4.9,154 km ESE of Iwaki  Japan
2008-12-20T12:31:25.520Z,36.583,142.528,25,3.6,155 km ESE of Iwaki  Japan
2008-12-20T12:34:30.130Z,36.523,142.501,10,3.3,155 km ESE of Iwaki  Japan
2008-12-20T14:43:32.020Z,36.577,142.494,19,3.5,153 km ESE of Iwaki  Japan
2008-12-20T14:51:07.920Z,36.204,141.502,15,4.3,79 km NE of Hasaki  Japan
2008-12-20T17:37:16.360Z,36.612,142.204,10,5.1,127 km ESE of Iwaki  Japan
2008-12-20T18:04:58.270Z,37.004,141.626,45.5,4.4,66 km E of Iwaki  Japan
2008-12-20T19:11:30.830Z,36.706,142.379,10,4.2,138 km ESE of Iwaki  Japan
2008-12-20T19:13:38.420Z,36.671,142.045,10,5.4,111 km ESE of Iwaki  Japan
2008-12-20T19:40:39.630Z,37.213,141.191,54.3,4.2,32 km ENE of Iwaki  Japan
2008-12-21T00:24:18.320Z,36.506,142.563,10,4.2,161 km ESE of Iwaki  Japan
2008-12-21T07:35:51.280Z,36.596,142.589,24,3.3,160 km ESE of Iwaki  Japan
2008-12-21T08:20:05.010Z,36.776,140.634,80.6,3.4,9 km NW of Takahagi  Japan
2008-12-21T09:16:44.740Z,36.541,142.317,13,5.9,139 km ESE of Iwaki  Japan
2008-12-21T09:55:00.480Z,36.522,142.444,14.1,4.6,151 km ESE of Iwaki  Japan
2008-12-21T10:23:41.490Z,36.703,142.376,10,4.8,138 km ESE of Iwaki  Japan
2008-12-21T10:36:13.620Z,36.607,142.414,10,4.2,145 km ESE of Iwaki  Japan
2008-12-21T10:55:48.280Z,42.058,141.589,85.2,3.2,57 km ESE of Muroran  Japan
2008-12-21T12:19:21.260Z,36.597,142.335,10,4.6,138 km ESE of Iwaki  Japan
2008-12-21T16:41:55.180Z,36.447,142.608,10,4.1,167 km ESE of Iwaki  Japan
2008-12-21T22:30:17.330Z,37.07,141.811,35,4,82 km E of Iwaki  Japan
2008-12-22T14:28:16.100Z,34.71,142.098,35,3.3,161 km SE of Hasaki  Japan
2008-12-23T01:12:28.440Z,36.619,142.59,10,3.8,159 km ESE of Iwaki  Japan
2008-12-23T08:23:23.870Z,36.437,142.506,10,4.2,160 km ESE of Iwaki  Japan
2008-12-23T10:05:25.250Z,36.568,142.541,29,4,157 km ESE of Iwaki  Japan
2008-12-23T13:44:35.390Z,36.682,142.332,10,3.9,135 km ESE of Iwaki  Japan
2008-12-23T16:46:16.250Z,36.926,142.17,10,3.2,115 km E of Iwaki  Japan
2008-12-23T18:37:15.490Z,39.054,140.976,30.2,3.6,16 km WSW of Mizusawa  Japan
2008-12-23T19:45:33.630Z,36.483,142.456,13.1,4.4,153 km ESE of Iwaki  Japan
2008-12-23T19:56:29.170Z,35.697,139.123,125.1,4,8 km N of Uenohara  Japan
2008-12-23T20:25:45.800Z,36.496,142.516,15.9,4.3,158 km ESE of Iwaki  Japan
2008-12-23T20:57:20.160Z,36.462,142.399,8.2,5.4,150 km ESE of Iwaki  Japan
2008-12-24T01:24:28.330Z,37.042,141.783,35,3.1,80 km E of Iwaki  Japan
2008-12-24T03:40:51.190Z,41.62,143.234,29.9,4.3,107 km SE of Shizunai-furukawach?  Japan
2008-12-24T11:07:20.160Z,36.485,142.537,73,3.2,160 km ESE of Iwaki  Japan
2008-12-24T15:11:30.730Z,36.466,142.449,10,4.4,154 km ESE of Iwaki  Japan
2008-12-24T20:32:08.490Z,42.343,144.529,46.9,4.9,71 km S of Kushiro  Japan
2008-12-25T09:08:14.410Z,36.436,142.677,41,3.4,174 km ESE of Iwaki  Japan
2008-12-25T09:27:14.920Z,36.573,142.408,24,3.8,145 km ESE of Iwaki  Japan
2008-12-25T10:43:12.830Z,36.397,142.36,22.2,5.3,off the east coast of Honshu  Japan
2008-12-25T12:39:32.130Z,41.875,144.391,32.1,4.4,122 km S of Kushiro  Japan
2008-12-25T13:15:32.390Z,36.496,142.472,11,3.3,154 km ESE of Iwaki  Japan
2008-12-25T13:30:41.650Z,36.275,142.558,4.3,3.7,166 km ENE of Hasaki  Japan
2008-12-25T19:42:39.830Z,36.385,142.466,0.6,4.4,159 km ESE of Iwaki  Japan
2008-12-27T07:05:45.600Z,41.77,143.326,41.1,4.2,101 km SE of Shizunai-furukawach?  Japan
2008-12-28T05:56:24.420Z,38.705,142.248,37.4,4,61 km SE of ?funato  Japan
2008-12-28T07:09:01.580Z,36.618,142.428,20,3.7,145 km ESE of Iwaki  Japan
2008-12-28T08:27:29.100Z,36.41,142.751,10,4.2,181 km ESE of Iwaki  Japan
2008-12-30T14:25:13.860Z,37.293,138.471,28.8,3.9,10 km SW of Kashiwazaki  Japan
2008-12-30T14:52:17.250Z,42.391,143.882,88.3,4,76 km SSW of Kushiro  Japan
2008-12-30T15:48:33.080Z,35.398,140.706,40.8,4.6,32 km ENE of ?hara  Japan
2008-12-31T13:54:21.460Z,37.09,137.491,244.9,4.4,16 km N of Ny?zen  Japan
2008-12-31T23:49:58.700Z,42.164,142.602,80.6,4.2,27 km SE of Shizunai-furukawach?  Japan
2009-01-03T03:01:14.490Z,38.846,140.659,138.6,4.1,32 km ENE of Shinj?  Japan
2009-01-03T04:46:48.400Z,34.709,141.608,38.3,4.6,126 km ESE of ?hara  Japan
2009-01-03T07:13:05.100Z,37.127,141.056,57.6,4.6,17 km ENE of Iwaki  Japan
2009-01-03T12:39:28.880Z,42.04,142.56,63.3,4.3,36 km SSE of Shizunai-furukawach?  Japan
2009-01-05T01:36:29.130Z,36.884,141.88,38.7,4.5,90 km ESE of Iwaki  Japan
2009-01-05T21:19:28.340Z,34.083,141.437,8.8,4.5,156 km SE of Katsuura  Japan
2009-01-05T23:52:56.020Z,37.643,142.844,28.5,4.9,160 km ESE of Ishinomaki  Japan
2009-01-06T21:44:38.120Z,36.968,141.728,43.8,4.1,75 km E of Iwaki  Japan
2009-01-07T09:30:56.110Z,41.7,142.602,38.4,3.8,73 km SSE of Shizunai-furukawach?  Japan
2009-01-10T11:17:57.820Z,41.656,143.922,33.5,4.4,149 km ESE of Shizunai-furukawach?  Japan
2009-01-10T11:39:42.670Z,41.655,143.958,35.8,4.2,150 km SSW of Kushiro  Japan
2009-01-11T05:57:11.780Z,42.673,143.419,71,4.6,32 km SSE of Obihiro  Japan
2009-01-19T11:13:59.740Z,34.613,141.634,40.4,5.1,133 km ESE of ?hara  Japan
2009-01-19T19:04:28.630Z,34.618,141.704,30.9,4.1,138 km ESE of ?hara  Japan
2009-01-21T07:09:30.050Z,37.766,142.054,48.3,4,97 km SE of Ishinomaki  Japan
2009-01-22T00:09:34.400Z,40.926,139.88,162.4,4.7,43 km WNW of Shimokizukuri  Japan
2009-01-24T09:32:06.960Z,38.231,140.553,138.2,3.9,16 km E of Yamagata  Japan
2009-01-25T10:45:39.910Z,40.441,144.937,35,4.1,270 km ENE of Miyako  Japan
2009-01-25T17:07:56.550Z,34.547,141.681,39,3.9,141 km SE of ?hara  Japan
2009-01-26T08:54:22.070Z,36.493,139.47,140.9,4.4,16 km NE of Kiry?  Japan
2009-01-28T23:56:05.720Z,35.485,140.539,42.8,4.7,16 km SE of Narut?  Japan
2009-01-29T00:05:49.050Z,35.564,140.641,47.5,4.2,16 km S of Asahi  Japan
2009-01-30T19:07:24.850Z,42.383,143.641,57.5,4.4,69 km SSE of Obihiro  Japan
2009-01-30T21:03:57.710Z,35.569,140.306,59.7,3.9,5 km N of ?ami  Japan
2009-01-31T21:51:52.180Z,36.719,141.148,34,5.7,36 km ESE of Kitaibaraki  Japan
2009-02-01T09:32:48.680Z,37.884,142.403,37.9,5.1,113 km ESE of Ishinomaki  Japan
2009-02-01T10:19:16.640Z,42.276,144.547,41.5,4,78 km S of Kushiro  Japan
2009-02-01T10:23:55.470Z,37.869,142.591,48.1,4.1,128 km ESE of Ishinomaki  Japan
2009-02-02T03:02:45.770Z,40.318,143.877,16.4,4.3,181 km ENE of Miyako  Japan
2009-02-11T10:07:18.580Z,37.211,141.121,50.1,4.1,27 km NE of Iwaki  Japan
2009-02-14T17:11:17.540Z,36.277,142.587,35,4.4,169 km ENE of Hasaki  Japan
2009-02-15T09:24:31.700Z,40.239,142.236,33,5.7,68 km ESE of Hachinohe  Japan
2009-02-15T12:54:13.120Z,37.702,142.139,33,3.9,103 km ENE of Namie  Japan
2009-02-16T19:54:25.900Z,35.141,140.003,17.6,4.5,10 km WNW of Kamogawa  Japan
2009-02-17T00:12:57.780Z,37.525,141.248,53.7,4.9,22 km ENE of Namie  Japan
2009-02-19T19:00:42.540Z,40.421,143.718,9.8,4.8,174 km ENE of Miyako  Japan
2009-02-20T09:17:20.180Z,35.905,140.18,69.7,4.1,0 km NNW of Ry?gasaki  Japan
2009-02-21T04:30:37.020Z,41.176,142.039,72.1,4.1,70 km E of Mutsu  Japan
2009-02-22T14:24:11.660Z,41.749,144.02,33.4,5.4,139 km SSW of Kushiro  Japan
2009-02-26T11:44:05.080Z,41.638,144.727,38.3,4.4,151 km S of Kushiro  Japan
2009-02-28T00:35:56.700Z,42.61,142.104,105,5.5,37 km NW of Shizunai-furukawach?  Japan
2009-03-01T13:56:28.440Z,38.676,143.269,38.7,4.2,138 km ESE of Kamaishi  Japan
2009-03-04T10:04:31.300Z,35.811,140.9,35,4.5,10 km NE of Hasaki  Japan
2009-03-07T14:33:04.910Z,41.796,143.693,32.7,5.3,124 km ESE of Shizunai-furukawach?  Japan
2009-03-10T01:41:05.450Z,42.408,143.066,59.3,4.2,57 km SSW of Obihiro  Japan
2009-03-13T12:21:53.560Z,35.156,139.898,93.4,3.9,18 km SSE of Futtsu  Japan
2009-03-17T00:40:05.270Z,38.005,142.566,32.7,4.4,119 km ESE of Ishinomaki  Japan
2009-03-18T00:30:35.650Z,36.75,141.954,38.1,4.3,101 km ESE of Iwaki  Japan
2009-03-23T19:53:39.420Z,37.145,142.013,31.7,4.2,97 km ESE of Namie  Japan
2009-03-25T01:23:15.670Z,38.283,141.876,55.7,4.3,52 km ESE of Ishinomaki  Japan
2009-03-25T06:26:06.220Z,36.032,140.764,10,4.3,13 km NE of Kashima-shi  Japan
2009-03-27T09:48:55.890Z,35.613,143.098,25.6,4.2,205 km E of Hasaki  Japan
2009-03-27T16:23:16.980Z,36.657,139.369,135.5,4.1,24 km WSW of Nikk?  Japan
2009-04-01T01:50:44.090Z,35.502,143.078,28.7,4,204 km E of Hasaki  Japan
2009-04-02T19:11:34.680Z,35.584,143.117,21.2,4.1,207 km E of Hasaki  Japan
2009-04-05T01:29:16.780Z,40.261,144.467,34.1,4.4,226 km ENE of Miyako  Japan
2009-04-05T08:00:26.100Z,42.365,142.843,65.1,4.9,39 km E of Shizunai-furukawach?  Japan
2009-04-06T02:31:19.930Z,39.194,142.388,33.4,4.5,45 km ESE of Kamaishi  Japan
2009-04-08T04:28:51.270Z,36.17,141.82,24,4.3,101 km ENE of Hasaki  Japan
2009-04-09T13:12:09.020Z,35.479,143.083,37,4.3,205 km E of Hasaki  Japan
2009-04-13T16:58:51.610Z,35.593,140.768,32.2,4.4,16 km SSW of Hasaki  Japan
2009-04-15T08:34:42.930Z,41.734,144.314,26.6,4.3,137 km S of Kushiro  Japan
2009-04-20T22:54:27.360Z,35.796,140.658,63.2,4.7,7 km SSE of Omigawa  Japan
2009-04-21T09:57:50.540Z,37.365,141.399,43.2,5.3,near the east coast of Honshu  Japan
2009-04-23T14:24:42.380Z,36.073,143.118,42.4,4.4,209 km E of Hasaki  Japan
2009-04-25T13:54:31.590Z,40.244,142.245,56,4.8,69 km ESE of Hachinohe  Japan
2009-04-26T03:56:42.710Z,35.889,143.121,34.4,4.4,207 km E of Hasaki  Japan
2009-04-27T15:09:26.920Z,37.573,142.93,29.5,4.5,170 km E of Namie  Japan
2009-04-27T21:37:36.880Z,36.364,140.954,52.8,5.2,33 km E of ?arai  Japan
2009-04-28T23:00:06.990Z,41.816,144.307,39,4.3,128 km S of Kushiro  Japan
2009-04-30T10:40:51.170Z,42.06,142.48,65.9,4.4,31 km SSE of Shizunai-furukawach?  Japan
2009-05-09T19:34:33.220Z,36.542,142.635,26.6,5.1,166 km ESE of Iwaki  Japan
2009-05-10T02:30:08.680Z,42.477,142.329,91,4.5,16 km N of Shizunai-furukawach?  Japan
2009-05-10T04:28:33.130Z,36.769,142.88,4.3,4.3,180 km E of Iwaki  Japan
2009-05-12T10:40:18.860Z,36.976,138.36,24.3,4.6,12 km ESE of Arai  Japan
2009-05-15T06:19:56.880Z,36.882,142.021,35.3,4.2,103 km E of Iwaki  Japan
2009-05-24T10:03:11.310Z,40.272,143.903,15.8,4.1,181 km ENE of Miyako  Japan
2009-05-26T10:31:21.420Z,42.023,142.213,66.4,4.9,36 km SSW of Shizunai-furukawach?  Japan
2009-05-26T21:40:43.410Z,39.556,141.903,49.4,4.3,10 km SSW of Miyako  Japan
2009-05-29T16:54:00.540Z,37.76,143.193,35.4,4.3,181 km ESE of Ishinomaki  Japan
2009-05-31T15:33:04.250Z,37.819,141.547,61.3,5,60 km NE of Namie  Japan
2009-06-02T12:34:40.900Z,36.883,141.749,35,4.1,79 km ESE of Iwaki  Japan
2009-06-05T03:30:33.060Z,41.824,143.445,29,6.4,105 km ESE of Shizunai-furukawach?  Japan
2009-06-06T03:49:23.190Z,35.546,141.182,29.9,4.4,37 km ESE of Hasaki  Japan
2009-06-06T05:52:43.300Z,35.483,140.914,34,5.8,28 km SSE of Hasaki  Japan
2009-06-06T19:38:26.920Z,36.622,141.592,35.1,4.3,77 km ESE of Kitaibaraki  Japan
2009-06-09T02:07:38.040Z,40.138,142.512,60,4.6,73 km NE of Miyako  Japan
2009-06-10T04:06:34.760Z,35.577,141.113,35,4.4,30 km SE of Hasaki  Japan
2009-06-11T02:50:17.700Z,35.523,141.063,39.2,4.4,31 km SE of Hasaki  Japan
2009-06-13T19:20:48.280Z,35.542,143.13,10,4.1,209 km E of Hasaki  Japan
2009-06-14T18:32:21.890Z,40.856,141.911,93.3,4.2,47 km ENE of Misawa  Japan
2009-06-16T22:35:17.890Z,35.549,141.115,35,4.4,32 km SE of Hasaki  Japan
2009-06-17T17:01:28.990Z,42.444,142.85,110.2,4.1,41 km ENE of Shizunai-furukawach?  Japan
2009-06-19T05:32:49.530Z,35.532,141.233,21.3,4.4,42 km ESE of Hasaki  Japan
2009-06-19T23:50:56.090Z,39.103,143.49,28.5,4.5,138 km ESE of Yamada  Japan
2009-06-19T23:52:07.580Z,39.084,143.273,35,4.6,121 km ESE of Yamada  Japan
2009-06-20T02:52:57.430Z,39.087,143.199,21.6,5.3,off the east coast of Honshu  Japan
2009-06-21T10:24:24.690Z,39.184,143.382,37.8,4.1,127 km ESE of Yamada  Japan
2009-06-21T16:09:54.080Z,41.009,138.929,25.9,3.8,123 km W of Shimokizukuri  Japan
2009-06-23T01:06:37.600Z,37.206,142.285,13.2,4.4,117 km ESE of Namie  Japan
2009-06-23T07:24:13.380Z,39.203,143.463,28,5.1,133 km ESE of Yamada  Japan
2009-06-23T07:37:17.570Z,38.85,142.389,37,5.6,63 km ESE of ?funato  Japan
2009-06-24T04:05:00.930Z,35.546,143.147,10,4.1,210 km E of Hasaki  Japan
2009-06-24T05:35:58.920Z,35.457,143.122,7.9,4.1,209 km E of Hasaki  Japan
2009-06-27T11:42:15.990Z,39.164,140.925,43.5,4.4,18 km W of Mizusawa  Japan
2009-07-02T02:26:22.190Z,36.642,141.8,43.3,4.1,93 km ESE of Iwaki  Japan
2009-07-02T03:50:20.390Z,37.901,141.95,52.2,4.3,80 km SE of Ishinomaki  Japan
2009-07-10T15:01:36.420Z,42.609,141.295,127.7,4.9,7 km NW of Shiraoi  Japan
2009-07-19T01:47:59.910Z,37.35,141.745,41.3,4.4,67 km ESE of Namie  Japan
2009-07-21T18:56:39.880Z,36.57,140.563,93.7,4.2,8 km WSW of Hitachi  Japan
2009-07-22T22:36:05.990Z,37.446,141.996,41.9,4,88 km E of Namie  Japan
2009-07-28T08:11:49.140Z,36.011,141.482,12.7,4.3,66 km ENE of Hasaki  Japan
2009-07-28T11:52:55.290Z,41.368,140.166,32,4.1,63 km NNW of Shimokizukuri  Japan
2009-07-31T02:30:04.720Z,42.75,141.858,111.9,4.2,18 km ESE of Chitose  Japan
2009-08-01T09:45:50.760Z,37.576,141.789,47.4,5,70 km E of Namie  Japan
2009-08-01T15:57:04.130Z,38.277,138.631,37.8,4.7,27 km NE of Ry?tsu-minato  Japan
2009-08-01T17:54:33.880Z,38.28,138.615,35.3,4.4,27 km NE of Ry?tsu-minato  Japan
2009-08-01T17:59:48.450Z,40.214,140.896,100.5,4.3,9 km ENE of Hanawa  Japan
2009-08-03T07:19:31.230Z,37.236,141.43,44.3,4.4,46 km SE of Namie  Japan
2009-08-06T05:39:47.800Z,37.182,142.107,31.7,4.5,103 km ESE of Namie  Japan
2009-08-07T22:30:35.180Z,37.239,142.186,38.1,4.3,108 km ESE of Namie  Japan
2009-08-09T11:47:15.310Z,36.101,138.717,142.2,4.2,23 km SW of Tomioka  Japan
2009-08-15T20:30:06.370Z,36.049,141.844,10,4.2,97 km ENE of Hasaki  Japan
2009-08-16T17:21:10.010Z,35.749,140.642,62.8,4.4,3 km NNW of Asahi  Japan
2009-08-17T21:58:55.830Z,36.995,139.951,86.2,4.4,9 km WNW of Kuroiso  Japan
2009-08-20T23:51:16.570Z,35.663,140.074,60.7,4.2,7 km NNW of Chiba  Japan
2009-08-22T14:48:18.380Z,38.039,142.443,34.3,4.2,108 km ESE of Ishinomaki  Japan
2009-08-24T05:26:17.100Z,41.016,140.065,175.8,5.3,34 km NW of Shimokizukuri  Japan
2009-08-24T17:22:50.750Z,42.135,142.752,49.7,4.5,38 km SE of Shizunai-furukawach?  Japan
2009-08-24T21:37:04.790Z,35.399,141.129,29.5,4.4,45 km SE of Hasaki  Japan
2009-08-25T11:19:27.090Z,35.298,140.229,35,4.2,15 km SSW of Mobara  Japan
2009-08-28T22:24:45.780Z,42.407,143.902,50,4.3,74 km SSW of Kushiro  Japan
2009-08-30T15:45:54.580Z,37.055,141.509,40.8,4.6,55 km E of Iwaki  Japan
2009-08-31T06:16:01.260Z,41.083,144.372,10,4.1,210 km S of Kushiro  Japan
2009-09-01T12:02:17.890Z,35.508,140.938,10,4.7,26 km SSE of Hasaki  Japan
2009-09-03T09:32:41.750Z,37.9,142.771,42.7,4,141 km ESE of Ishinomaki  Japan
2009-09-04T01:18:16.870Z,34.237,140.674,45.1,4.3,106 km SSE of Katsuura  Japan
2009-09-04T02:30:30.390Z,35.655,139.978,49.1,4.8,5 km S of Honch?  Japan
2009-09-05T01:59:35.170Z,37.108,139.977,98.5,4.3,16 km NNW of Kuroiso  Japan
2009-09-07T04:42:37.200Z,38.504,143.151,28,4.4,139 km ESE of ?funato  Japan
2009-09-07T16:24:26.400Z,42.196,142.863,59.3,4.8,43 km ESE of Shizunai-furukawach?  Japan
2009-09-08T13:33:53.890Z,37.765,141.795,64.9,4.2,76 km ENE of Namie  Japan
2009-09-09T15:39:41.030Z,41.2,142.252,60.9,4,87 km E of Mutsu  Japan
2009-09-13T08:37:10.730Z,41.3,142.725,11.5,4.3,118 km SSE of Shizunai-furukawach?  Japan
2009-09-18T06:36:29.060Z,41.649,142.123,76.2,4.6,78 km SSW of Shizunai-furukawach?  Japan
2009-09-22T11:40:43.560Z,37.559,141.683,67.2,4.5,60 km E of Namie  Japan
2009-09-26T06:07:41.390Z,34.559,140.522,51.8,4.2,67 km SSE of Katsuura  Japan
2009-09-29T17:21:44.230Z,41.544,142.05,62.9,4.5,75 km ENE of Mutsu  Japan
2009-10-01T10:43:02.170Z,36.382,140.718,44,4.1,14 km ENE of ?arai  Japan
2009-10-02T00:43:59.750Z,36.691,141.589,5.7,4.2,74 km ESE of Iwaki  Japan
2009-10-02T01:43:58.680Z,41.763,143.648,40.5,4.8,123 km ESE of Shizunai-furukawach?  Japan
2009-10-03T13:57:25.920Z,40.785,141.142,55.2,4,23 km WNW of Misawa  Japan
2009-10-05T00:35:12.680Z,42.491,141.599,22.8,4.6,16 km S of Tomakomai  Japan
2009-10-08T15:47:17.760Z,37.439,142.998,35,4.1,176 km E of Namie  Japan
2009-10-09T06:11:15.350Z,35.789,141.163,35,4.3,30 km ENE of Hasaki  Japan
2009-10-10T08:42:51.030Z,41.808,142.084,99.8,5.1,62 km SSW of Shizunai-furukawach?  Japan
2009-10-11T06:01:52.880Z,36.324,139.425,150.3,4.4,2 km WSW of Ashikaga  Japan
2009-10-12T09:42:20.320Z,37.467,139.695,10,4.7,25 km SW of Kitakata  Japan
2009-10-14T13:09:59.320Z,38.295,142.414,41.7,4.3,98 km E of Ishinomaki  Japan
2009-10-18T14:13:03.280Z,40.185,141.169,97,4.3,10 km WSW of Ichinohe  Japan
2009-10-21T02:58:38.570Z,38.886,140.747,50.4,4.4,eastern Honshu  Japan
2009-10-23T01:28:29.330Z,36.578,141.065,55.1,4.9,34 km ESE of Takahagi  Japan
2009-10-28T05:25:29.080Z,37.438,141.64,27,4.4,near the east coast of Honshu  Japan
2009-10-30T17:42:11.600Z,41.184,142.697,44,4.5,123 km ENE of Misawa  Japan
2009-11-04T08:56:23.260Z,37.165,141.835,50.3,4.3,82 km ESE of Namie  Japan
2009-11-06T19:22:29.310Z,36.655,141.356,26.1,4.3,56 km ESE of Kitaibaraki  Japan
2009-11-07T09:39:38.090Z,41.233,139.705,10,4.4,72 km NW of Shimokizukuri  Japan
2009-11-08T23:17:00.370Z,39.94,142.675,35,4.1,near the east coast of Honshu  Japan
2009-11-09T18:01:52.320Z,41.961,142.244,66.4,4.6,42 km SSW of Shizunai-furukawach?  Japan
2009-11-10T10:31:48.970Z,36.135,141.771,36.4,4.1,95 km ENE of Hasaki  Japan
2009-11-13T01:00:42.050Z,41.745,145.087,46.8,4.3,148 km SSE of Kushiro  Japan
2009-11-13T12:09:06.650Z,37.199,142.078,37.7,4.2,100 km ESE of Namie  Japan
2009-11-13T19:23:35.630Z,35.336,139.613,35,4.2,5 km NE of Zushi  Japan
2009-11-20T16:55:02.310Z,42.331,142.945,65,4.1,47 km E of Shizunai-furukawach?  Japan
2009-11-21T06:39:44.700Z,37.021,139.811,47.1,4.4,22 km WNW of Kuroiso  Japan
2009-11-26T11:03:30.270Z,39.907,144.862,35,4.3,251 km E of Miyako  Japan
2009-12-02T06:14:29.590Z,37.223,141.362,59.7,5.1,43 km SE of Namie  Japan
2009-12-03T23:41:29.070Z,37.211,142.124,53.1,4.4,104 km ESE of Namie  Japan
2009-12-10T21:22:20.650Z,37.252,142.971,11.6,4.7,176 km E of Namie  Japan
2009-12-11T07:55:44.720Z,40.224,142.475,55.4,4.1,78 km NE of Miyako  Japan
2009-12-16T19:04:01.390Z,41.181,141.519,94.7,4.1,28 km ESE of Mutsu  Japan
2009-12-17T10:57:49.720Z,40.771,142.608,56.5,4.4,98 km ENE of Hachinohe  Japan
2009-12-17T14:45:24.880Z,34.934,139.179,13.6,4.9,9 km ESE of It?  Japan
2009-12-17T20:41:30.700Z,36.37,139.481,91.7,5.1,4 km NE of Ashikaga  Japan
2009-12-17T23:45:36.410Z,34.921,139.261,6.8,5,17 km ESE of It?  Japan
2009-12-18T15:53:15.130Z,34.946,139.172,18.9,4.3,8 km ESE of It?  Japan
2009-12-18T19:30:51.000Z,38.036,141.83,37.4,4.5,62 km SE of Ishinomaki  Japan
2009-12-20T11:52:32.820Z,35.769,140.986,21.2,4.3,14 km ENE of Hasaki  Japan
2009-12-20T14:30:28.150Z,41.08,143.056,40.7,4.6,146 km ENE of Hachinohe  Japan
2009-12-20T14:48:33.760Z,41.036,143.175,39.3,3.8,153 km ENE of Hachinohe  Japan
2009-12-23T21:01:30.810Z,35.124,140.212,25.3,4.2,9 km WSW of Katsuura  Japan
2009-12-23T22:22:31.180Z,35.137,140.174,29.1,4.4,8 km ENE of Kamogawa  Japan
2009-12-29T19:23:05.410Z,41.93,142.075,72.5,4.9,50 km SSW of Shizunai-furukawach?  Japan
2010-01-06T20:39:40.130Z,42.017,142.291,70.2,4.3,35 km S of Shizunai-furukawach?  Japan
2010-01-07T01:36:07.380Z,36.294,141.775,37.5,4.4,105 km NE of Hasaki  Japan
2010-01-07T13:24:11.130Z,36.235,141.746,37.6,4.2,99 km NE of Hasaki  Japan
2010-01-13T08:54:37.940Z,36.575,141.453,10,4,67 km ESE of Kitaibaraki  Japan
2010-01-14T18:46:25.100Z,42.338,142.991,60.1,5,51 km E of Shizunai-furukawach?  Japan
2010-01-17T06:04:36.520Z,37.938,143.599,7,5.6,206 km SE of ?funato  Japan
2010-01-17T13:09:41.640Z,36.067,141.882,17,4.5,101 km ENE of Hasaki  Japan
2010-01-19T19:26:49.200Z,39.686,143.381,29.7,4.3,123 km E of Miyako  Japan
2010-01-20T17:59:23.180Z,34.922,139.157,17.4,4.1,8 km SE of It?  Japan
2010-01-21T09:49:01.480Z,38.162,140.132,116.5,4.5,10 km NE of Nagai  Japan
2010-01-22T17:32:25.990Z,37.781,142.121,40.7,4.5,100 km SE of Ishinomaki  Japan
2010-01-22T19:05:04.870Z,42.321,140.651,130.1,4.3,24 km SW of Date  Japan
2010-01-24T07:19:10.590Z,41.238,141.46,47.5,4.2,21 km ESE of Mutsu  Japan
2010-01-27T16:04:13.300Z,42.035,142.657,73.6,4.4,40 km SE of Shizunai-furukawach?  Japan
2010-01-28T15:25:08.930Z,38.67,142.21,63.7,4.4,61 km SE of ?funato  Japan
2010-01-28T15:29:23.020Z,38.771,142.215,44.6,4.3,54 km SE of ?funato  Japan
2010-01-30T21:26:50.300Z,40.981,143.16,46.2,4.2,150 km ENE of Hachinohe  Japan
2010-02-04T12:24:14.660Z,39.755,140.478,144.6,4.7,19 km NNW of Kakunodatemachi  Japan
2010-02-14T02:57:39.280Z,37.147,141.415,57.3,4.3,48 km ENE of Iwaki  Japan
2010-02-16T01:57:16.440Z,40.332,143.651,15.8,5.3,164 km ENE of Miyako  Japan
2010-02-16T03:27:44.530Z,40.306,143.85,10,4.2,178 km ENE of Miyako  Japan
2010-02-16T03:31:56.960Z,40.278,143.867,5.5,4.3,178 km ENE of Miyako  Japan
2010-02-16T03:44:58.520Z,40.32,143.852,7.4,4.2,179 km ENE of Miyako  Japan
2010-02-16T05:30:59.340Z,40.371,143.797,18.1,4.2,177 km ENE of Miyako  Japan
2010-02-16T08:29:01.890Z,37.299,143.893,35,4.3,256 km E of Namie  Japan
2010-02-16T19:59:30.630Z,34.89,139.894,76,4.7,10 km SSE of Tateyama  Japan
2010-02-21T00:56:57.140Z,37.427,141.495,50.4,4.8,44 km E of Namie  Japan
2010-02-22T09:52:53.360Z,36.486,140.539,65.1,4.2,3 km NW of Funaishikawa  Japan
2010-02-28T08:15:57.670Z,34.809,141.917,10,4.4,142 km SE of Hasaki  Japan
2010-02-28T08:17:44.340Z,34.832,141.468,10,5.6,108 km ESE of ?hara  Japan
2010-02-28T13:51:55.360Z,34.741,141.812,10,4.2,141 km ESE of ?hara  Japan
2010-02-28T22:07:47.110Z,39.482,140.44,121.8,5.1,5 km NW of ?magari  Japan
2010-03-05T07:53:15.700Z,36.316,141.304,35.4,4.3,64 km E of ?arai  Japan
2010-03-10T12:50:02.560Z,42.106,141.217,105.5,4.1,Hokkaido  Japan region
2010-03-12T07:08:36.880Z,35.991,139.953,45.2,4,3 km SW of Mitsukaid?  Japan
2010-03-12T17:32:08.340Z,34.898,141.595,15.3,5.2,115 km SE of Hasaki  Japan
2010-03-13T12:46:26.380Z,37.594,141.299,76.7,5.6,29 km ENE of Namie  Japan
2010-03-14T01:59:19.650Z,42.019,141.203,102.9,4.4,37 km SSE of Muroran  Japan
2010-03-14T08:08:03.960Z,37.745,141.59,32,6.5,59 km ENE of Namie  Japan
2010-03-14T09:58:36.220Z,35.781,141.309,25.4,4.4,43 km E of Hasaki  Japan
2010-03-15T22:30:01.920Z,35.606,140.359,54.6,4.2,5 km W of Narut?  Japan
2010-03-15T22:30:32.050Z,35.549,140.144,63.5,4.5,6 km SSE of Chiba  Japan
2010-03-19T10:27:32.270Z,36.736,140.397,78,4.2,5 km SE of Daigo  Japan
2010-03-29T01:29:26.750Z,35.999,139.823,56.2,4.2,6 km ENE of Kasukabe  Japan
2010-03-30T21:18:34.900Z,36.463,140.605,53.9,4.4,3 km E of Funaishikawa  Japan
2010-04-02T18:32:56.470Z,37.968,142.611,41.7,4.3,125 km ESE of Ishinomaki  Japan
2010-04-04T12:07:48.950Z,41.781,144.657,25.2,4.1,134 km S of Kushiro  Japan
2010-04-05T09:36:33.000Z,36.855,142.039,10,4.4,105 km ESE of Iwaki  Japan
2010-04-16T07:38:18.460Z,37.985,139.298,43.9,4.4,4 km NW of Shibata  Japan
2010-04-16T12:32:07.310Z,36.48,141.35,44.8,4,62 km ESE of Takahagi  Japan
2010-04-18T07:33:46.540Z,37.337,141.767,34.7,4,69 km ESE of Namie  Japan
2010-04-20T03:05:38.510Z,34.918,140.968,5.3,4.3,63 km SE of ?hara  Japan
2010-04-25T21:22:47.500Z,37.949,142.423,68.2,4.8,111 km ESE of Ishinomaki  Japan
2010-04-28T22:21:47.190Z,36.435,140.844,37.3,4.4,25 km E of Funaishikawa  Japan
2010-04-29T08:01:02.570Z,36.919,141.214,35,4.5,32 km ESE of Iwaki  Japan
2010-05-01T09:20:40.900Z,37.547,138.961,43.7,4.6,2 km ENE of Mitsuke  Japan
2010-05-01T23:59:14.710Z,36.646,141.439,39.8,4.2,63 km ESE of Kitaibaraki  Japan
2010-05-06T19:38:24.810Z,36.901,140.644,43.9,4,15 km NW of Kitaibaraki  Japan
2010-05-14T02:52:58.490Z,35.411,141.742,28.8,4.4,89 km ESE of Hasaki  Japan
2010-05-16T08:52:24.810Z,35.146,141.193,35,4.1,72 km SSE of Hasaki  Japan
2010-06-01T04:49:24.070Z,37.529,141.365,59.2,4.7,32 km E of Namie  Japan
2010-06-02T22:39:30.200Z,38.978,140.751,51.1,4.3,30 km SE of Yuzawa  Japan
2010-06-03T23:25:17.810Z,38.432,139.892,145,4.5,32 km S of Tsuruoka  Japan
2010-06-05T22:19:29.970Z,35.696,140.17,63.2,4.3,5 km N of Yotsukaid?  Japan
2010-06-07T05:01:41.300Z,39.076,140.858,47.9,4.1,eastern Honshu  Japan
2010-06-08T09:26:02.770Z,42.065,140.691,127.3,4,18 km N of Honch?  Japan
2010-06-08T10:47:55.350Z,42.342,143.701,51.7,4.3,75 km SSE of Obihiro  Japan
2010-06-10T16:29:02.840Z,40.124,145.395,35,4.2,off the east coast of Honshu  Japan
2010-06-13T03:32:57.240Z,37.372,141.625,27,5.9,near the east coast of Honshu  Japan
2010-06-14T03:40:46.170Z,34.475,141.624,16.3,4.3,141 km ESE of Katsuura  Japan
2010-06-19T10:00:50.020Z,41.42,142.453,34.3,5,101 km S of Shizunai-furukawach?  Japan
2010-06-24T17:55:52.080Z,34.064,142.062,10,4.4,200 km SE of Katsuura  Japan
2010-06-27T21:03:27.220Z,41.662,141.657,67.6,5.3,55 km NE of Mutsu  Japan
2010-06-28T22:24:09.270Z,39.188,141.381,114.7,4.3,19 km SW of T?no  Japan
2010-07-02T12:30:07.600Z,42.012,142.48,64.5,4.5,36 km SSE of Shizunai-furukawach?  Japan
2010-07-03T19:33:14.680Z,39.058,140.715,24.9,5.1,eastern Honshu  Japan
2010-07-04T06:03:04.060Z,35.925,140.364,80.1,4.6,5 km SE of Inashiki  Japan
2010-07-04T21:55:51.980Z,39.697,142.369,27,6.3,37 km E of Miyako  Japan
2010-07-06T12:22:48.210Z,39.353,141.228,10,4.3,10 km ESE of Hanamaki  Japan
2010-07-08T17:50:13.730Z,35.21,141.347,9.5,4.5,74 km SE of Hasaki  Japan
2010-07-11T02:00:04.270Z,36.357,141.124,37,4.3,48 km E of ?arai  Japan
2010-07-22T21:06:34.200Z,35.839,140.413,47,5.1,9 km WSW of Sawara  Japan
2010-07-26T23:31:04.710Z,38.933,142.156,19.5,5,41 km ESE of ?funato  Japan
2010-07-27T23:06:45.620Z,42.332,143.738,52.4,4.5,78 km SE of Obihiro  Japan
2010-07-30T04:52:00.350Z,40.945,142.091,73.3,4.4,65 km ENE of Misawa  Japan
2010-07-31T09:20:44.400Z,34.093,140.877,54.1,3.9,127 km SSE of Katsuura  Japan
2010-08-01T11:47:01.910Z,36.297,141.957,36.4,4.3,119 km ENE of Hasaki  Japan
2010-08-01T11:52:20.060Z,36.282,141.997,11.9,4.3,121 km ENE of Hasaki  Japan
2010-08-02T22:30:48.040Z,36.803,140.098,84.5,4.8,9 km SE of ?tawara  Japan
2010-08-03T14:39:53.490Z,36.886,141.8,26.6,4.4,83 km ESE of Iwaki  Japan
2010-08-03T21:43:41.400Z,39.719,141.057,35,4.2,6 km ENE of Shizukuishi  Japan
2010-08-04T14:11:29.540Z,36.768,141.238,46.3,4.3,43 km E of Kitaibaraki  Japan
2010-08-04T23:53:46.180Z,37.826,141.179,78.9,4.5,37 km SE of Watari  Japan
2010-08-05T17:30:26.570Z,34.262,141.116,47.8,4.5,122 km SE of Katsuura  Japan
2010-08-07T16:03:24.540Z,37.749,142.161,33.2,4.6,105 km SE of Ishinomaki  Japan
2010-08-08T16:18:15.360Z,37.63,141.97,43.5,4.2,87 km E of Namie  Japan
2010-08-10T05:50:37.540Z,39.406,143.148,22.4,5.9,103 km E of Yamada  Japan
2010-08-10T06:04:12.300Z,39.398,143.277,38.3,4.4,114 km E of Yamada  Japan
2010-08-10T16:00:38.250Z,39.369,143.358,10,4.5,121 km E of Yamada  Japan
2010-08-10T20:00:23.610Z,39.47,143.292,37,4.1,115 km E of Yamada  Japan
2010-08-12T01:09:10.810Z,39.46,143.288,22.6,4.4,115 km E of Yamada  Japan
2010-08-13T08:32:39.850Z,39.682,143.123,24.5,4.4,101 km E of Miyako  Japan
2010-08-15T02:19:05.150Z,41.463,142.192,67.2,4.6,83 km ENE of Mutsu  Japan
2010-08-15T15:07:53.070Z,39.431,143.688,17.1,4,149 km E of Yamada  Japan
2010-08-15T15:30:24.150Z,36.296,141.805,12.9,4.5,107 km NE of Hasaki  Japan
2010-08-21T14:26:00.900Z,37.306,141.702,37,4.5,65 km ESE of Namie  Japan
2010-08-25T09:26:13.540Z,39.349,144.295,10,4.4,202 km E of Yamada  Japan
2010-08-28T00:19:14.100Z,38.32,142.543,36.4,4.3,109 km E of Ishinomaki  Japan
2010-08-28T15:14:37.880Z,35.266,141.037,9.2,4.3,55 km SSE of Hasaki  Japan
2010-08-31T02:30:36.080Z,40.403,139.13,47.6,4.7,79 km WNW of Noshiro  Japan
2010-08-31T18:27:31.520Z,36.582,141.37,48,4.4,59 km ESE of Kitaibaraki  Japan
2010-09-01T07:32:53.660Z,37.925,141.788,44.4,5.2,69 km SE of Ishinomaki  Japan
2010-09-10T23:28:16.150Z,38.474,142.134,53.8,4.4,73 km E of Ishinomaki  Japan
2010-09-13T05:47:47.290Z,41.497,141.986,45,5.8,68 km ENE of Mutsu  Japan
2010-09-21T20:15:10.430Z,40.639,139.421,182.8,4.7,70 km NW of Noshiro  Japan
2010-09-21T20:31:52.590Z,35.733,140.386,27.4,4.4,8 km SE of Narita  Japan
2010-09-26T07:11:29.220Z,42.691,141.858,119.6,4.2,21 km ENE of Tomakomai  Japan
2010-09-26T17:54:58.730Z,35.603,140.049,49.9,4.6,6 km W of Chiba  Japan
2010-09-28T01:44:01.340Z,42.095,142.533,66.8,4.3,29 km SSE of Shizunai-furukawach?  Japan
2010-09-28T18:35:47.810Z,39.728,141.977,79,4.1,9 km NNE of Miyako  Japan
2010-09-29T03:02:01.990Z,37.268,139.949,42.1,4.7,34 km NNW of Kuroiso  Japan
2010-09-29T08:00:00.500Z,37.257,139.883,33.3,5.5,35 km NNW of Kuroiso  Japan
2010-09-29T16:23:44.810Z,37.211,139.99,36.6,4.2,27 km N of Kuroiso  Japan
2010-09-30T12:47:08.400Z,37.102,140.954,35,5,8 km NE of Iwaki  Japan
2010-09-30T23:24:05.950Z,37.253,139.931,43.1,4.3,33 km NNW of Kuroiso  Japan
2010-10-02T01:23:44.760Z,36.01,141.123,35,4.3,40 km NE of Hasaki  Japan
2010-10-02T03:35:12.800Z,37.002,138.286,39.2,4.1,5 km E of Arai  Japan
2010-10-02T21:37:54.130Z,37.095,138.206,24.2,4.3,6 km SSW of J?etsu  Japan
2010-10-02T21:52:44.000Z,37.174,138.402,14.3,4.4,14 km E of J?etsu  Japan
2010-10-03T00:26:54.320Z,37.078,138.182,28.4,4.6,9 km SSW of J?etsu  Japan
2010-10-04T11:32:22.560Z,36.375,141.126,48.9,4.1,49 km E of ?arai  Japan
2010-10-05T22:35:59.310Z,41.484,142.037,74.2,4.3,71 km ENE of Mutsu  Japan
2010-10-08T06:53:35.070Z,38.605,140.54,42,4.4,12 km E of Obanazawa  Japan
2010-10-08T12:16:35.260Z,39.013,140.746,47.4,4.3,27 km SE of Yuzawa  Japan
2010-10-09T06:12:23.170Z,35.812,140.444,29.1,4.4,9 km SSW of Sawara  Japan
2010-10-09T19:07:41.530Z,41.305,144.665,35,4.1,Hokkaido  Japan region
2010-10-10T01:04:59.780Z,35.969,140.486,35,4,7 km NW of Itako  Japan
2010-10-10T14:47:10.170Z,35.589,140.855,4.5,4.4,near the east coast of Honshu  Japan
2010-10-11T14:10:33.620Z,41.126,141.262,107.8,4.2,18 km SSE of Mutsu  Japan
2010-10-12T09:58:22.910Z,38.352,143.657,10,4.3,186 km SE of Kamaishi  Japan
2010-10-14T13:58:55.590Z,42.311,142.871,59,5.6,41 km E of Shizunai-furukawach?  Japan
2010-10-15T21:14:28.670Z,40.19,142.268,48.4,4.5,66 km NNE of Miyako  Japan
2010-10-17T08:19:43.830Z,36.393,141.182,42.2,4.2,52 km ESE of Hitachi  Japan
2010-10-18T22:30:19.190Z,42.019,142.821,68.4,4.2,51 km SE of Shizunai-furukawach?  Japan
2010-10-19T21:50:25.700Z,36.332,142.26,16.9,4.3,144 km ESE of Kitaibaraki  Japan
2010-10-24T04:50:43.770Z,36.087,139.747,62.9,4.3,2 km NE of Satte  Japan
2010-10-24T21:10:00.660Z,39.774,141.797,77,4.3,18 km NW of Miyako  Japan
2010-10-27T10:30:50.700Z,41.681,143.783,39.1,4.1,137 km ESE of Shizunai-furukawach?  Japan
2010-10-30T19:06:17.880Z,34.321,141.267,26.3,5.2,126 km SE of Katsuura  Japan
2010-11-01T05:22:40.890Z,33.963,141.794,15.9,4.2,188 km SE of Katsuura  Japan
2010-11-01T12:20:59.900Z,37.449,143.044,34,4.3,180 km E of Namie  Japan
2010-11-02T22:55:30.310Z,37.486,143.108,12,4.3,186 km E of Namie  Japan
2010-11-03T20:33:48.530Z,42.239,142.418,36.7,4.3,11 km SSE of Shizunai-furukawach?  Japan
2010-11-04T22:30:51.800Z,36.71,141.212,39.5,4.8,42 km ESE of Kitaibaraki  Japan
2010-11-05T10:14:04.400Z,36.021,139.656,64,4.5,0 km NW of Shiraoka  Japan
2010-11-07T00:15:46.540Z,33.972,141.612,15.1,4.4,176 km SE of Katsuura  Japan
2010-11-14T06:10:29.350Z,34.036,141.373,26.8,5,156 km SE of Katsuura  Japan
2010-11-16T11:41:46.430Z,37.154,143.051,16.8,4.3,185 km ESE of Namie  Japan
2010-11-17T00:16:06.920Z,42.163,142.637,72.8,4.2,29 km SE of Shizunai-furukawach?  Japan
2010-11-18T19:08:10.050Z,39.667,142.068,65,4,11 km ENE of Miyako  Japan
2010-11-19T20:49:19.550Z,35.566,140.2,67,4.3,8 km ESE of Chiba  Japan
2010-11-24T11:09:11.650Z,36.202,140.804,38.8,5,23 km ESE of ?arai  Japan
2010-11-24T20:04:48.960Z,38.727,141.321,78.6,4.2,25 km NE of Wakuya  Japan
2010-11-24T23:56:00.420Z,40.089,142.405,72.4,4.1,63 km NE of Miyako  Japan
2010-12-05T18:20:02.810Z,35.534,140.104,66,4.2,2 km NE of Ichihara  Japan
2010-12-06T07:30:32.710Z,40.904,142.967,22,5.7,131 km ENE of Hachinohe  Japan
2010-12-06T07:39:49.050Z,40.875,143.161,16.3,4.3,146 km ENE of Hachinohe  Japan
2010-12-06T07:45:35.080Z,40.791,143.263,10,4.5,152 km ENE of Hachinohe  Japan
2010-12-09T16:21:07.160Z,39.128,143.346,10.9,4.9,126 km ESE of Yamada  Japan
2010-12-10T21:33:26.240Z,35.743,140.299,64.3,4.2,4 km NE of Shisui  Japan
2010-12-14T23:53:39.130Z,36.683,141.38,42.6,4.4,57 km ESE of Kitaibaraki  Japan
2010-12-15T05:43:48.190Z,41.963,144.407,38.8,4.7,112 km S of Kushiro  Japan
2010-12-15T07:37:23.600Z,41.191,142.592,47.3,4.9,115 km ENE of Misawa  Japan
2010-12-26T20:58:39.390Z,37.347,141.775,46.6,4.1,70 km ESE of Namie  Japan
2010-12-31T23:01:03.440Z,36.678,140.789,52.1,4.6,7 km ESE of Takahagi  Japan
2011-01-01T15:34:34.490Z,37.802,138.918,173,4.5,6 km NNE of Maki  Japan
2011-01-02T19:10:23.540Z,36.769,141.321,39.2,4.5,49 km SE of Iwaki  Japan
2011-01-03T04:45:15.280Z,38.567,139.099,39,4.8,49 km NW of Murakami  Japan
2011-01-07T17:45:14.240Z,35.122,141.351,10,4.4,82 km SE of Hasaki  Japan
2011-01-08T07:47:48.300Z,41.986,141.401,116.3,4.8,50 km SE of Muroran  Japan
2011-01-08T18:21:52.030Z,42.594,142.162,124.4,4.7,33 km NNW of Shizunai-furukawach?  Japan
2011-01-09T12:42:31.080Z,42.399,144.382,21.6,5.1,63 km S of Kushiro  Japan
2011-01-11T05:11:42.130Z,42.699,142.108,113.6,4.7,39 km ESE of Chitose  Japan
2011-01-12T03:43:06.230Z,39.1,143.102,35,4.2,107 km ESE of Yamada  Japan
2011-01-13T23:34:37.720Z,34.96,141.315,17.7,4.6,89 km ESE of ?hara  Japan
2011-01-16T11:14:12.340Z,34.451,141.643,46.2,5,143 km ESE of Katsuura  Japan
2011-01-17T07:13:51.250Z,36.595,141.051,50.2,4.3,32 km ESE of Takahagi  Japan
2011-01-17T19:22:29.900Z,38.153,143.238,10,4.2,167 km SE of ?funato  Japan
2011-01-19T10:26:43.790Z,36.06,142.479,35,4.7,152 km ENE of Hasaki  Japan
2011-01-22T05:49:02.450Z,42.36,142.895,62.1,5.1,43 km E of Shizunai-furukawach?  Japan
2011-01-23T02:59:37.660Z,37.63,144.496,36.3,4.3,290 km SE of ?funato  Japan
2011-01-25T05:24:40.110Z,35.127,141.117,14,5.1,67 km ESE of ?hara  Japan
2011-01-28T09:24:02.110Z,34.455,141.886,19.4,4.6,162 km ESE of ?hara  Japan
2011-01-29T09:31:33.030Z,35.063,141.31,35,4.7,86 km ESE of ?hara  Japan
2011-02-03T13:51:57.850Z,39.934,143.235,14.6,4.5,115 km ENE of Miyako  Japan
2011-02-04T20:22:14.320Z,38.823,144.496,30,4.4,231 km ESE of Yamada  Japan
2011-02-05T01:56:13.890Z,34.77,140.352,65.3,5.1,41 km S of Katsuura  Japan
2011-02-10T04:20:16.700Z,36.59,141.473,27.5,4.4,68 km ESE of Kitaibaraki  Japan
2011-02-10T13:03:02.650Z,37.151,141.279,33,5.3,36 km ENE of Iwaki  Japan
2011-02-12T16:28:30.340Z,38.402,143.274,31.2,4.5,154 km ESE of ?funato  Japan
2011-02-15T19:01:03.400Z,38.321,143.162,26.2,5.5,150 km SE of ?funato  Japan
2011-02-15T19:06:51.390Z,38.387,142.796,10,5.1,120 km SE of ?funato  Japan
2011-02-15T22:12:33.160Z,38.393,143.336,23.1,4.8,159 km ESE of ?funato  Japan
2011-02-16T01:30:17.100Z,35.646,140.801,43.8,4.5,10 km SSW of Hasaki  Japan
2011-02-17T23:26:35.060Z,36.736,141.172,44.4,4.6,38 km E of Kitaibaraki  Japan
2011-02-19T23:18:59.440Z,37.238,141.418,35,4.1,45 km SE of Namie  Japan
2011-02-21T11:34:06.480Z,37.997,140.934,99.6,4.5,8 km ESE of Watari  Japan
2011-02-21T13:24:02.280Z,38.253,143.321,7.7,4.9,166 km ESE of ?funato  Japan
2011-02-22T03:00:20.770Z,38.183,143.519,16.4,4.3,185 km ESE of ?funato  Japan
2011-02-22T09:53:39.320Z,38.229,143.166,31.7,5.1,157 km SE of ?funato  Japan
2011-02-25T19:12:31.230Z,34.333,140.235,66.8,5.3,79 km SSE of Tateyama  Japan
2011-02-26T07:34:50.620Z,37.061,141.57,54.7,4.5,61 km E of Iwaki  Japan
2011-02-26T09:57:47.830Z,37.155,141.536,44.5,4.1,59 km E of Iwaki  Japan
2011-02-26T14:40:57.020Z,38.194,143.158,22,5,158 km SE of ?funato  Japan
2011-02-26T15:38:43.790Z,37.36,141.652,27.1,5.1,59 km ESE of Namie  Japan
2011-02-26T17:18:59.690Z,36.13,137.486,6.6,4.9,21 km E of Takayama  Japan
2011-02-26T17:20:04.650Z,38.092,143.474,7.4,4.8,187 km SE of ?funato  Japan
2011-02-28T09:55:23.480Z,35.64,143.749,10,4.6,264 km E of Hasaki  Japan
2011-03-04T09:48:57.940Z,42.631,141.392,119.6,4.5,9 km NNE of Shiraoi  Japan
2011-03-09T02:45:20.330Z,38.435,142.842,32,7.3,120 km SE of ?funato  Japan
2011-03-09T02:55:12.640Z,38.465,143.235,19.8,5.1,148 km ESE of ?funato  Japan
2011-03-09T02:57:16.670Z,38.361,142.91,23.2,5.7,130 km SE of ?funato  Japan
2011-03-09T02:58:14.080Z,38.246,143.102,35,5.7,151 km SE of ?funato  Japan
2011-03-09T03:02:05.980Z,38.45,143.204,42,4.7,146 km ESE of ?funato  Japan
2011-03-09T03:05:52.240Z,38.277,142.842,41.9,4.6,131 km SE of ?funato  Japan
2011-03-09T03:08:35.770Z,38.311,143.169,29.3,5.3,151 km SE of ?funato  Japan
2011-03-09T03:18:59.710Z,38.713,143.065,22.6,5,121 km ESE of Kamaishi  Japan
2011-03-09T03:54:05.910Z,38.5,143.101,42.1,4.4,135 km ESE of ?funato  Japan
2011-03-09T04:05:00.250Z,38.628,143.078,23.9,4.9,127 km SE of Kamaishi  Japan
2011-03-09T04:05:54.980Z,38.655,142.753,35,5.2,101 km ESE of ?funato  Japan
2011-03-09T04:09:19.500Z,38.661,143.266,39.1,4.3,139 km ESE of Kamaishi  Japan
2011-03-09T04:15:40.530Z,38.689,142.968,39.2,4.8,115 km SE of Kamaishi  Japan
2011-03-09T04:32:09.690Z,38.672,143.031,35.2,5.1,121 km SE of Kamaishi  Japan
2011-03-09T04:33:30.970Z,38.51,143.053,35,4.8,131 km ESE of ?funato  Japan
2011-03-09T04:37:04.990Z,38.665,142.991,37.8,5.6,118 km SE of Kamaishi  Japan
2011-03-09T04:45:55.170Z,38.466,142.702,40.7,5.3,108 km SE of ?funato  Japan
2011-03-09T04:47:39.560Z,38.22,143.252,35,4.9,163 km SE of ?funato  Japan
2011-03-09T05:27:22.810Z,38.536,143.273,40,4.6,147 km SE of Kamaishi  Japan
2011-03-09T05:32:11.060Z,38.317,143.594,11,4.5,183 km ESE of ?funato  Japan
2011-03-09T06:12:12.780Z,38.626,143.13,10,5,131 km SE of Kamaishi  Japan
2011-03-09T06:13:46.470Z,38.23,143.132,38.8,5.1,154 km SE of ?funato  Japan
2011-03-09T06:25:14.570Z,38.273,143.054,26.9,5,146 km SE of ?funato  Japan
2011-03-09T06:29:32.320Z,38.422,143.317,21.7,4.2,156 km ESE of ?funato  Japan
2011-03-09T07:13:50.090Z,38.212,143.162,23.5,5,157 km SE of ?funato  Japan
2011-03-09T07:56:32.220Z,38.803,142.879,46.4,5.1,102 km ESE of Kamaishi  Japan
2011-03-09T08:02:38.390Z,38.613,143.08,30.4,5.2,128 km SE of Kamaishi  Japan
2011-03-09T08:55:40.770Z,38.62,143.057,35.5,4.8,126 km SE of Kamaishi  Japan
2011-03-09T10:13:40.610Z,38.699,143.119,38,4.7,125 km ESE of Kamaishi  Japan
2011-03-09T11:27:52.300Z,38.537,143.036,33.9,5.2,129 km ESE of ?funato  Japan
2011-03-09T12:03:18.020Z,38.348,143.14,16.5,4.7,147 km ESE of ?funato  Japan
2011-03-09T13:49:48.720Z,38.445,143.248,38.4,4.6,150 km ESE of ?funato  Japan
2011-03-09T14:24:07.000Z,38.569,143.203,18.8,4.8,139 km SE of Kamaishi  Japan
2011-03-09T16:59:25.760Z,38.53,143.111,33.7,4.6,135 km ESE of ?funato  Japan
2011-03-09T18:16:16.440Z,38.315,142.434,22,6,99 km E of Ishinomaki  Japan
2011-03-09T18:44:38.500Z,38.503,143.166,23.8,5.9,140 km ESE of ?funato  Japan
2011-03-09T19:16:28.640Z,38.681,143.414,10,4.1,149 km ESE of Kamaishi  Japan
2011-03-09T19:19:47.560Z,38.601,143.359,10,4.4,149 km ESE of Kamaishi  Japan
2011-03-09T21:00:59.110Z,38.266,142.739,41.8,4.9,126 km SE of ?funato  Japan
2011-03-09T21:22:17.580Z,38.345,142.648,23,6,114 km SE of ?funato  Japan
2011-03-09T21:24:01.680Z,38.296,142.808,15,6.5,128 km SE of ?funato  Japan
2011-03-09T22:42:49.720Z,38.08,142.95,45.1,4.2,149 km ESE of Ishinomaki  Japan
2011-03-09T23:36:58.680Z,38.398,143.167,19.9,5.4,146 km ESE of ?funato  Japan
2011-03-09T23:43:53.600Z,38.181,143.144,33.3,4.7,158 km SE of ?funato  Japan
2011-03-09T23:57:41.530Z,38.243,143.292,20.4,4.9,165 km SE of ?funato  Japan
2011-03-10T00:46:39.710Z,38.304,143.34,35.9,4.8,164 km ESE of ?funato  Japan
2011-03-10T01:20:23.210Z,38.375,143.105,26.8,4.9,143 km ESE of ?funato  Japan
2011-03-10T03:54:57.220Z,38.314,143.43,33.6,4.6,171 km ESE of ?funato  Japan
2011-03-10T04:13:59.930Z,38.399,143.353,22,4.5,160 km ESE of ?funato  Japan
2011-03-10T07:33:04.780Z,38.91,142.446,26.7,4.8,64 km SE of Kamaishi  Japan
2011-03-10T08:08:20.560Z,38.603,143.27,17.4,5.6,142 km ESE of Kamaishi  Japan
2011-03-10T08:59:19.820Z,38.558,143.353,25.3,4.9,151 km ESE of Kamaishi  Japan
2011-03-10T09:02:23.960Z,38.616,143.122,38.5,5.3,131 km SE of Kamaishi  Japan
2011-03-10T09:26:35.010Z,38.568,143.406,21.6,4.5,154 km ESE of Kamaishi  Japan
2011-03-10T11:21:09.150Z,38.586,143.038,24.8,5.1,126 km ESE of ?funato  Japan
2011-03-10T11:29:38.720Z,38.25,143.239,20.8,4.7,160 km SE of ?funato  Japan
2011-03-10T14:45:31.940Z,39.213,143.378,29.7,4.4,126 km ESE of Yamada  Japan
2011-03-10T16:54:45.020Z,38.046,143.296,3.7,5,178 km SE of ?funato  Japan
2011-03-10T21:49:47.920Z,38.491,143.112,40.6,4.7,137 km ESE of ?funato  Japan
2011-03-10T22:44:25.400Z,38.778,143.051,33.6,4.9,116 km ESE of Kamaishi  Japan
2011-03-10T22:45:09.090Z,38.654,143.392,35,4.4,149 km ESE of Kamaishi  Japan
2011-03-11T01:41:26.930Z,38.517,143.381,10.9,4.2,156 km ESE of Kamaishi  Japan
2011-03-11T04:12:32.680Z,38.191,143.154,32.2,4.2,159 km SE of Ōfunato  Japan
