time,latitude,longitude,depth,mag,region
2021-06-07T00:51:44.500Z,2.8488,128.5901,175.23,4.3,139 km NNE of Tobelo  Indonesia
2021-06-07T07:16:28.415Z,2.8449,127.6775,35,4.2,128 km NNW of Tobelo  Indonesia
2021-06-07T14:14:18.132Z,8.6447,127.0288,10,4.3,82 km ENE of Hinatuan  Philippines
2021-06-09T03:05:27.247Z,3.3687,126.5437,63.04,4.4,243 km NW of Tobelo  Indonesia
2021-06-09T08:11:08.280Z,9.085,126.1551,76.49,4.5,3 km S of Buenavista  Philippines
2021-06-09T18:49:36.060Z,5.8057,126.221,111.39,4.5,61 km S of Pondaguitan  Philippines
2021-06-09T22:00:32.741Z,3.3856,126.7122,35,4.5,233 km NW of Tobelo  Indonesia
2021-06-10T02:42:25.419Z,5.8647,126.2193,67.08,4.9,55 km S of Pondaguitan  Philippines
2021-06-11T21:37:56.209Z,6.067,126.1689,102.46,4.3,32 km S of Pondaguitan  Philippines
2021-06-13T01:14:51.824Z,1.364,124.4511,207.89,5,39 km W of Tomohon  Indonesia
2021-06-14T11:44:57.174Z,2.9379,127.3559,77.17,4.2,152 km NNW of Tobelo  Indonesia
2021-06-14T14:38:41.447Z,7.7102,124.967,5.86,5.7,5 km NW of Don Carlos  Philippines
2021-06-14T14:49:44.579Z,7.8263,125.005,10,4.7,4 km WSW of Dologon  Philippines
2021-06-14T14:49:54.793Z,7.5814,124.9042,10,5.3,2 km SSW of Kadingilan  Philippines
2021-06-14T14:56:14.457Z,7.7121,124.9707,10,4.3,5 km NW of Don Carlos  Philippines
2021-06-14T14:59:44.957Z,7.7497,124.9362,10,4.5,7 km W of Maramag  Philippines
2021-06-14T15:44:24.892Z,7.6354,124.7796,10,4.3,5 km NW of Osias  Philippines
2021-06-14T18:06:48.184Z,4.7832,125.8752,61.11,4.2,82 km SSE of Sarangani  Philippines
2021-06-15T06:15:44.541Z,7.0689,123.6684,10,4.5,47 km W of Rimpeso  Philippines
2021-06-15T13:40:11.795Z,5.0793,125.8756,149.96,4.5,58 km SE of Sarangani  Philippines
2021-06-17T01:04:37.197Z,9.0812,125.9583,10,4.3,12 km N of San Miguel  Philippines
2021-06-18T01:13:40.990Z,7.6462,124.7356,10,4.3,8 km ESE of Wao  Philippines
2021-06-18T12:59:52.946Z,3.4428,126.8404,35,4.1,229 km NW of Tobelo  Indonesia
2021-06-18T18:40:57.781Z,6.9375,124.8181,10,4.3,4 km WSW of Dunguan  Philippines
2021-06-18T21:15:28.167Z,7.5677,124.8496,10,4.5,5 km SE of Osias  Philippines
2021-06-19T03:38:51.512Z,6.0662,126.7513,99.59,4.4,71 km ESE of Pondaguitan  Philippines
2021-06-20T01:37:02.703Z,6.07,126.1648,124.12,4.5,32 km S of Pondaguitan  Philippines
2021-06-20T03:20:54.127Z,5.0525,126.0801,88.83,4.6,78 km ESE of Sarangani  Philippines
2021-06-21T04:30:34.543Z,5.5368,123.9986,477.28,4.1,75 km SSW of Malisbeng  Philippines
2021-06-21T18:55:58.412Z,5.8027,126.6275,63.82,4.2,79 km SE of Pondaguitan  Philippines
2021-06-22T13:55:08.826Z,2.5463,128.0027,163.99,4.2,90 km N of Tobelo  Indonesia
2021-06-23T06:20:05.900Z,2.4074,125.9964,82.35,4.3,152 km NE of Laikit  Laikit II (Dimembe)  Indonesia
2021-06-25T09:06:05.700Z,5.8796,125.7529,67.83,4.5,13 km ESE of Caburan  Philippines
2021-06-25T13:38:47.675Z,5.3433,127.1976,53.95,4.3,159 km SE of Pondaguitan  Philippines
2021-06-25T17:26:50.935Z,1.8382,125.0774,175.17,4.2,40 km NNE of Laikit  Laikit II (Dimembe)  Indonesia
2021-06-26T04:16:45.123Z,6.0644,126.5176,82.15,4.9,49 km SE of Pondaguitan  Philippines
2021-06-26T15:07:18.920Z,8.5281,126.6608,54.88,4.5,39 km ENE of Hinatuan  Philippines
2021-06-27T07:14:10.316Z,8.9437,126.2703,49.01,5,2 km WNW of Bacolod  Philippines
2021-06-28T15:06:38.141Z,1.8933,125.5053,57.36,4.2,74 km NE of Laikit  Laikit II (Dimembe)  Indonesia
2021-06-29T07:35:28.322Z,3.9761,125.8465,154.42,4.7,163 km SSE of Sarangani  Philippines
2021-06-29T08:56:04.709Z,9.1836,122.3194,62.43,4.6,41 km SW of Colipapa  Philippines
2021-06-29T20:31:04.311Z,3.621,126.6753,14.11,4.1,238 km SE of Sarangani  Philippines
2021-06-29T23:36:19.458Z,3.9102,125.8904,151.24,4.5,171 km SSE of Sarangani  Philippines
2021-06-30T09:58:05.823Z,9.4892,126.1217,36.14,4.6,22 km SE of Socorro  Philippines
2021-06-30T15:51:46.371Z,9.1432,126.4753,35,4.1,29 km NE of La Paz  Philippines
2021-06-30T18:53:43.024Z,5.6658,126.0994,122.29,4,57 km ESE of Caburan  Philippines
2021-07-02T13:39:40.518Z,7.102,123.2024,10,4.2,39 km SSW of Panubigan  Philippines
2021-07-02T13:43:14.085Z,1.8173,127.4782,118.63,4.3,59 km W of Tobelo  Indonesia
2021-07-04T16:28:32.024Z,3.3213,126.0544,35,4.3,235 km NNE of Laikit  Laikit II (Dimembe)  Indonesia
2021-07-04T16:39:26.885Z,1.3853,126.4206,39.5,4.4,125 km WNW of Ternate  Indonesia
2021-07-04T17:04:40.824Z,9.7783,126.4913,36.14,4.5,Mindanao  Philippines
2021-07-04T19:20:48.666Z,3.6388,126.7633,45.86,4.1,242 km SE of Sarangani  Philippines
2021-07-04T22:13:39.484Z,3.2917,122.5766,544.13,4.4,Celebes Sea
2021-07-04T23:52:57.565Z,2.8393,128.5111,223.26,4.3,134 km NNE of Tobelo  Indonesia
2021-07-05T19:57:23.025Z,9.0051,126.5935,45.66,4.5,33 km ENE of Aras-asan  Philippines
2021-07-06T14:38:16.369Z,6.9681,125.1636,11.49,4.5,4 km NE of Malasila  Philippines
2021-07-06T17:13:36.098Z,4.2124,124.605,321.74,4,162 km SW of Sarangani  Philippines
2021-07-06T21:35:00.908Z,1.9838,127.6452,10,4.5,49 km NW of Tobelo  Indonesia
2021-07-07T20:58:51.969Z,6.0093,125.3602,173.08,4.4,6 km SSW of Suyan  Philippines
2021-07-08T06:19:41.456Z,5.4695,126.5002,47.51,4.5,104 km SSE of Pondaguitan  Philippines
2021-07-08T10:09:17.725Z,5.3333,126.4682,24.06,5.2,111 km E of Sarangani  Philippines
2021-07-08T20:36:09.307Z,4.3966,123.6905,544.02,4.2,202 km SSW of Maitum  Philippines
2021-07-08T20:50:18.464Z,4.1661,126.7602,44.38,4.4,198 km SE of Sarangani  Philippines
2021-07-09T00:24:44.965Z,5.4378,125.8074,150.79,4.3,38 km E of Sarangani  Philippines
2021-07-09T04:12:27.985Z,3.1991,128.0723,140.64,4.3,162 km N of Tobelo  Indonesia
2021-07-09T08:34:51.161Z,8.5765,123.2523,10,4.6,6 km NNE of Langatian  Philippines
2021-07-09T09:31:29.639Z,2.2036,126.6825,41.99,4.2,156 km WNW of Tobelo  Indonesia
2021-07-10T00:43:55.986Z,2.9494,126.4984,44.33,6.1,215 km NW of Tobelo  Indonesia
2021-07-10T00:51:08.753Z,2.9677,126.5601,42.57,5.5,211 km NW of Tobelo  Indonesia
2021-07-10T00:58:13.388Z,2.9189,126.5451,51.27,5,209 km NW of Tobelo  Indonesia
2021-07-10T01:14:10.317Z,2.8401,126.3049,34,4.2,210 km NE of Laikit  Laikit II (Dimembe)  Indonesia
2021-07-10T01:19:03.431Z,2.8478,126.5982,68.76,4.2,199 km NW of Tobelo  Indonesia
2021-07-10T02:20:25.555Z,2.9486,126.6554,63.25,4.4,202 km NW of Tobelo  Indonesia
2021-07-10T02:26:13.976Z,2.8069,126.634,64.68,4.5,193 km NW of Tobelo  Indonesia
2021-07-10T02:30:59.846Z,2.896,126.6966,77.12,4.6,194 km NW of Tobelo  Indonesia
2021-07-10T02:33:37.507Z,2.903,126.6469,69.12,4.6,199 km NW of Tobelo  Indonesia
2021-07-10T03:00:43.512Z,2.8374,126.6152,66.25,4,197 km NW of Tobelo  Indonesia
2021-07-10T03:30:52.786Z,2.8154,126.5768,63.88,4.6,199 km NW of Tobelo  Indonesia
2021-07-10T07:25:52.444Z,2.838,126.3574,38.97,4.1,214 km NE of Laikit  Laikit II (Dimembe)  Indonesia
2021-07-10T10:04:53.128Z,2.8882,126.7395,52.11,4.5,Molucca Sea
2021-07-10T10:06:30.405Z,2.8571,126.6144,55.94,4.8,199 km NW of Tobelo  Indonesia
2021-07-10T18:45:19.834Z,6.3799,124.0361,77.49,4.9,7 km S of Sangay  Philippines
2021-07-11T02:12:59.236Z,3.1954,126.8369,47.5,4.1,208 km NW of Tobelo  Indonesia
2021-07-11T04:24:43.123Z,4.8984,126.1638,91.29,4.4,95 km SE of Sarangani  Philippines
2021-07-11T16:07:32.778Z,2.9087,126.5959,55.15,4.5,204 km NW of Tobelo  Indonesia
2021-07-11T17:07:23.691Z,8.7759,126.2666,78.05,4.3,Mindanao  Philippines
2021-07-12T00:02:48.885Z,3.2509,127.9314,66.61,4.7,168 km N of Tobelo  Indonesia
2021-07-14T13:51:01.020Z,6.0099,123.9427,513.63,4.2,35 km SW of Palimbang  Philippines
2021-07-15T13:00:32.166Z,2.7696,126.7891,58.03,4.5,177 km NW of Tobelo  Indonesia
2021-07-15T19:10:50.823Z,6.5763,126.0947,82.55,4.2,3 km N of Magdug  Philippines
2021-07-15T19:38:58.800Z,3.6761,127.2677,40.43,4.3,230 km NNW of Tobelo  Indonesia
2021-07-17T12:58:41.953Z,1.6999,127.2472,120.62,4.5,84 km W of Tobelo  Indonesia
2021-07-18T00:09:35.666Z,6.4617,126.2332,70.91,5.1,12 km E of Nangan  Philippines
2021-07-18T01:23:55.072Z,3.604,127.2954,47.66,4.1,222 km NNW of Tobelo  Indonesia
2021-07-18T03:08:33.908Z,6.2303,124.4073,408.45,4.4,13 km NNE of Malisbeng  Philippines
2021-07-18T12:09:43.101Z,6.234,125.7788,118.57,4.4,12 km ESE of Talagutong  Philippines
2021-07-18T16:21:13.228Z,2.5869,122.1679,531.46,4.3,247 km NNW of Gorontalo  Indonesia
2021-07-18T17:31:15.537Z,6.4744,126.0567,84,4.4,5 km W of Tiblawan  Philippines
2021-07-19T07:28:08.193Z,7.6783,126.4905,99.92,4.4,6 km SSW of Taytayan  Philippines
2021-07-19T18:39:39.285Z,3.6454,126.7215,64.08,4.5,239 km SE of Sarangani  Philippines
2021-07-19T22:19:13.591Z,5.6524,126.493,82.76,4.3,85 km SSE of Pondaguitan  Philippines
2021-07-20T19:04:18.532Z,2.3875,126.6485,59.88,4.3,168 km WNW of Tobelo  Indonesia
2021-07-20T20:26:46.130Z,5.6101,126.7376,87.68,5.2,Mindanao  Philippines
2021-07-21T03:50:42.581Z,2.6702,128.4002,46.91,4.5,112 km NNE of Tobelo  Indonesia
2021-07-24T13:07:22.389Z,2.8784,126.5971,54.75,5.3,202 km NW of Tobelo  Indonesia
2021-07-25T22:01:44.479Z,2.9307,122.8413,531.97,4.2,265 km N of Gorontalo  Indonesia
2021-07-25T22:27:31.911Z,6.5024,126.4284,73.08,4.9,31 km ENE of Pondaguitan  Philippines
2021-07-26T11:52:20.708Z,6.334,127.1016,35,4.4,102 km E of Pondaguitan  Philippines
2021-07-28T15:13:01.066Z,2.345,126.8548,57.05,4.1,Molucca Sea
2021-07-28T17:40:26.114Z,1.4447,126.503,53.93,4.4,121 km NW of Ternate  Indonesia
2021-07-28T21:13:48.859Z,1.6963,126.4809,51.69,4.5,141 km NW of Ternate  Indonesia
2021-07-30T10:07:46.798Z,1.5377,124.4335,238.47,4.2,46 km W of Manado  Indonesia
2021-07-30T10:17:32.536Z,2.5382,126.4231,50.58,4.2,197 km WNW of Tobelo  Indonesia
2021-07-30T17:52:04.667Z,3.9327,127.8582,114.57,4.8,244 km N of Tobelo  Indonesia
2021-07-31T03:37:11.407Z,2.4136,128.0065,181.08,4,75 km N of Tobelo  Indonesia
2021-07-31T05:29:21.624Z,1.9721,124.1382,298.9,4.2,95 km NW of Manado  Indonesia
2021-07-31T12:42:50.902Z,3.7176,128.9337,10,4.2,242 km NNE of Tobelo  Indonesia
2021-08-01T06:18:52.021Z,3.6588,124.5057,318.15,4.3,220 km SSW of Sarangani  Philippines
2021-08-02T09:10:18.901Z,1.2906,125.8666,10,4,101 km ESE of Laikit  Laikit II (Dimembe)  Indonesia
2021-08-02T15:04:24.709Z,1.841,127.3842,122.48,5.1,70 km W of Tobelo  Indonesia
2021-08-02T16:44:56.231Z,4.5925,126.7437,91.45,4,167 km ESE of Sarangani  Philippines
2021-08-03T02:40:52.766Z,5.9946,126.4301,99.96,4.7,49 km SE of Pondaguitan  Philippines
2021-08-04T05:42:35.757Z,2.475,125.91,126.81,4.2,150 km NE of Laikit  Laikit II (Dimembe)  Indonesia
2021-08-04T16:56:45.334Z,5.0473,125.2793,38.99,4.9,44 km SSW of Sarangani  Philippines
2021-08-04T19:11:36.370Z,4.8572,127.5168,96.59,4.9,222 km SE of Pondaguitan  Philippines
2021-08-05T07:44:11.165Z,2.3927,125.4868,158.02,4.3,115 km NNE of Laikit  Laikit II (Dimembe)  Indonesia
2021-08-06T03:42:50.023Z,6.0065,127.5076,10,4.7,152 km ESE of Pondaguitan  Philippines
2021-08-06T05:24:10.678Z,4.9072,127.425,115.17,4.2,211 km SE of Pondaguitan  Philippines
2021-08-06T16:08:58.061Z,4.8347,122.9098,603.23,4.8,173 km SE of Tabiauan  Philippines
2021-08-06T23:26:32.946Z,2.907,125.9115,56.03,4.5,188 km NNE of Laikit  Laikit II (Dimembe)  Indonesia
2021-08-08T07:07:04.993Z,1.4241,126.3214,42.54,4.2,137 km WNW of Ternate  Indonesia
2021-08-10T05:13:40.320Z,1.8083,126.3027,38.53,4.2,151 km ENE of Laikit  Laikit II (Dimembe)  Indonesia
2021-08-10T09:48:07.499Z,6.691,126.909,63.54,4.5,64 km ESE of Lukatan  Philippines
2021-08-11T01:48:53.404Z,6.723,126.8737,63.33,4.4,59 km ESE of Lukatan  Philippines
2021-08-11T17:46:13.143Z,6.4748,126.7151,55.14,7.1,60 km ENE of Pondaguitan  Philippines
2021-08-11T17:54:01.918Z,6.4952,127.1101,67.54,4.6,95 km SE of Lukatan  Philippines
2021-08-11T18:05:11.353Z,6.1059,127.1725,48.68,4.8,113 km ESE of Pondaguitan  Philippines
2021-08-11T18:28:22.496Z,5.8294,127.0825,60.81,4.5,116 km ESE of Pondaguitan  Philippines
2021-08-11T18:44:07.577Z,5.9432,127.0762,66.79,4.1,109 km ESE of Pondaguitan  Philippines
2021-08-11T19:25:24.568Z,6.8038,125.8825,48.02,4.3,17 km SW of Lupon  Philippines
2021-08-11T19:28:31.175Z,6.1997,126.9974,50,4.9,92 km E of Pondaguitan  Philippines
2021-08-11T20:53:16.629Z,6.1261,127.0035,67.07,4.3,95 km ESE of Pondaguitan  Philippines
2021-08-11T21:53:02.217Z,6.2211,127.4295,10,4,139 km E of Pondaguitan  Philippines
2021-08-11T23:34:27.932Z,5.9471,127.1757,48.4,4.4,119 km ESE of Pondaguitan  Philippines
2021-08-12T01:52:46.881Z,6.0043,126.9228,73.25,4.4,91 km ESE of Pondaguitan  Philippines
2021-08-12T02:26:11.274Z,6.1544,127.2935,35,5.2,125 km E of Pondaguitan  Philippines
2021-08-12T05:01:16.415Z,6.1884,127.1968,6.65,4.3,114 km E of Pondaguitan  Philippines
2021-08-12T05:25:23.290Z,6.1249,126.9949,42.27,4.4,94 km ESE of Pondaguitan  Philippines
2021-08-12T08:17:30.055Z,6.0264,127.2875,26.29,4.5,128 km ESE of Pondaguitan  Philippines
2021-08-12T08:49:57.687Z,6.2215,127.3112,46.26,4.7,126 km E of Pondaguitan  Philippines
2021-08-12T09:07:54.893Z,6.11,127.4146,30.53,4.3,139 km ESE of Pondaguitan  Philippines
2021-08-12T11:25:10.353Z,6.0089,127.3047,53.68,4.6,130 km ESE of Pondaguitan  Philippines
2021-08-12T13:00:12.986Z,6.0257,127.0392,68.05,4.5,102 km ESE of Pondaguitan  Philippines
2021-08-12T13:34:37.772Z,1.5963,126.5888,70.26,4.6,125 km NW of Ternate  Indonesia
2021-08-12T13:48:27.843Z,6.1345,127.1558,67.52,4.5,111 km ESE of Pondaguitan  Philippines
2021-08-12T14:03:05.529Z,6.0215,127.1194,73.75,4.6,110 km ESE of Pondaguitan  Philippines
2021-08-12T14:54:21.021Z,6.0476,127.1353,62.64,4.6,Philippine Islands region
2021-08-12T15:42:27.595Z,6.1397,127.1673,35,5.1,112 km ESE of Pondaguitan  Philippines
2021-08-12T15:53:28.451Z,6.2918,127.3033,10,5.7,124 km E of Pondaguitan  Philippines
2021-08-12T15:57:46.068Z,6.0667,127.0908,42.22,4.7,106 km ESE of Pondaguitan  Philippines
2021-08-12T16:25:38.556Z,5.9216,127.19,65.96,4.2,122 km ESE of Pondaguitan  Philippines
2021-08-12T18:01:17.818Z,6.1612,126.975,59.54,4.9,90 km ESE of Pondaguitan  Philippines
2021-08-12T18:09:16.359Z,6.066,127.4212,10,4.4,141 km ESE of Pondaguitan  Philippines
2021-08-12T18:30:00.405Z,4.6259,125.3999,10,4.2,86 km S of Sarangani  Philippines
2021-08-12T18:32:56.344Z,6.0612,127.256,53.45,4.5,123 km ESE of Pondaguitan  Philippines
2021-08-12T20:17:08.715Z,5.9682,127.1991,54.57,5.2,121 km ESE of Pondaguitan  Philippines
2021-08-12T20:28:38.526Z,6.0938,127.1584,53.41,5,112 km ESE of Pondaguitan  Philippines
2021-08-12T21:03:44.896Z,6.0066,127.1512,47.75,5.3,114 km ESE of Pondaguitan  Philippines
2021-08-12T21:14:20.019Z,5.2457,124.8092,18.01,4.7,69 km SSW of Daliao  Philippines
2021-08-13T05:37:59.920Z,6.2007,127.1194,60.85,4.5,105 km E of Pondaguitan  Philippines
2021-08-13T06:26:15.839Z,6.5313,126.472,38.95,4.5,37 km ENE of Pondaguitan  Philippines
2021-08-13T06:55:51.403Z,5.917,126.7383,92.54,4.5,79 km SE of Pondaguitan  Philippines
2021-08-13T10:50:48.431Z,6.2299,127.3214,10,4.4,127 km E of Pondaguitan  Philippines
2021-08-13T17:31:23.735Z,5.9209,127.17,65.21,4.5,120 km ESE of Pondaguitan  Philippines
2021-08-13T17:33:17.881Z,6.1614,126.9603,80.12,4.8,Mindanao  Philippines
2021-08-13T18:03:16.527Z,6.0249,127.1172,69.58,4.5,110 km ESE of Pondaguitan  Philippines
2021-08-13T18:17:13.495Z,6.0794,127.1222,63.78,4.6,109 km ESE of Pondaguitan  Philippines
2021-08-13T18:25:46.144Z,6.1155,127.1299,60.48,4.5,108 km ESE of Pondaguitan  Philippines
2021-08-13T19:00:35.645Z,6.1984,127.0965,62.62,4.9,103 km E of Pondaguitan  Philippines
2021-08-13T21:20:09.721Z,4.0932,126.9166,91.35,4.2,216 km SE of Sarangani  Philippines
2021-08-13T21:45:06.310Z,6.2068,127.0475,35,4.8,97 km E of Pondaguitan  Philippines
2021-08-14T01:27:41.089Z,6.0483,127.116,29.37,5.1,109 km ESE of Pondaguitan  Philippines
2021-08-14T02:14:00.666Z,6.1153,127.0527,68.55,4.5,100 km ESE of Pondaguitan  Philippines
2021-08-14T10:30:41.952Z,9.8416,125.9073,67.63,4.9,7 km WSW of Del Carmen  Surigao del Norte  Philippines
2021-08-14T19:22:17.795Z,6.0785,127.0767,51.42,4.4,104 km ESE of Pondaguitan  Philippines
2021-08-14T20:11:04.956Z,2.4908,128.2354,218.03,4,87 km NNE of Tobelo  Indonesia
2021-08-14T22:09:19.690Z,6.0288,127.6807,10.41,4.2,170 km ESE of Pondaguitan  Philippines
2021-08-15T03:56:31.300Z,6.0533,127.3156,35,4.3,130 km ESE of Pondaguitan  Philippines
2021-08-15T05:50:16.652Z,6.2125,127.0091,35,4.2,93 km E of Pondaguitan  Philippines
2021-08-15T08:06:30.879Z,6.1345,127.0206,61.74,4.6,96 km ESE of Pondaguitan  Philippines
2021-08-15T13:01:24.898Z,6.0132,127.3151,9.48,4.5,131 km ESE of Pondaguitan  Philippines
2021-08-16T08:04:58.535Z,6.0547,126.8622,68.79,4.6,82 km ESE of Pondaguitan  Philippines
2021-08-17T14:17:00.660Z,9.0781,126.9615,10,4.2,74 km ENE of Aras-asan  Philippines
2021-08-17T19:43:34.804Z,6.8147,127.375,10,4,102 km ESE of Manay  Philippines
2021-08-17T19:54:35.060Z,6.073,127.2883,10,4.4,Philippine Islands region
2021-08-18T13:11:28.071Z,3.6847,126.7434,35,4.2,237 km SE of Sarangani  Philippines
2021-08-19T17:18:16.976Z,2.922,123.0448,476.8,4.2,256 km NW of Manado  Indonesia
2021-08-20T00:20:26.899Z,5.3162,126.494,21.51,4.1,Mindanao  Philippines
2021-08-20T22:21:53.424Z,3.6765,123.4147,465.36,4.2,287 km SSW of Maitum  Philippines
2021-08-20T23:55:06.157Z,3.8059,126.6323,53.13,4.4,219 km SE of Sarangani  Philippines
2021-08-21T04:45:25.915Z,5.2765,125.7346,160.89,4.2,33 km ESE of Sarangani  Philippines
2021-08-22T03:20:28.432Z,3.8562,126.7489,60.66,4.3,222 km SE of Sarangani  Philippines
2021-08-22T23:58:19.494Z,5.916,127.3927,10,4.4,143 km ESE of Pondaguitan  Philippines
2021-08-23T12:22:52.050Z,2.9319,124.4293,322.71,4,166 km NNW of Manado  Indonesia
2021-08-24T18:17:53.172Z,4.1223,126.6662,43.95,4.5,194 km SE of Sarangani  Philippines
2021-08-25T03:32:39.517Z,1.7068,127.1684,113.28,4.5,93 km W of Tobelo  Indonesia
2021-08-25T12:03:12.660Z,7.1198,122.8975,10,4.8,21 km SSE of Olutanga  Philippines
2021-08-26T09:23:14.385Z,5.1995,125.4057,188.59,4.7,23 km SSW of Sarangani  Philippines
2021-08-26T14:30:12.812Z,4.5452,125.2971,65.31,4.9,96 km S of Sarangani  Philippines
2021-08-26T20:39:42.722Z,5.5505,126.4967,100.52,4.5,96 km SSE of Pondaguitan  Philippines
2021-08-27T10:22:26.052Z,5.671,125.0293,54.5,5.6,20 km S of Malbang  Philippines
2021-08-27T11:07:03.068Z,5.6457,125.2687,64.63,4.5,6 km SSW of Pangyan  Philippines
2021-08-27T11:36:27.062Z,5.5477,125.2078,55.62,4.3,16 km W of Balangonan  Philippines
2021-08-28T11:25:03.865Z,7.3338,127.1512,10,4.6,63 km ESE of Baculin  Philippines
2021-08-28T22:56:58.484Z,6.184,126.8295,78.32,4.1,74 km ESE of Pondaguitan  Philippines
2021-08-29T14:53:04.629Z,7.9497,126.2274,35,4.6,11 km SE of Santa Maria  Philippines
2021-08-30T05:21:49.955Z,5.014,127.5176,88.41,4.2,210 km SE of Pondaguitan  Philippines
2021-08-30T13:36:54.601Z,6.1278,127.1499,60.82,4.4,110 km ESE of Pondaguitan  Philippines
2021-08-31T07:29:02.426Z,3.3862,123.1953,462.07,4,279 km NW of Manado  Indonesia
2021-08-31T22:26:05.831Z,7.1271,125.6224,23.22,4.5,6 km N of Davao  Philippines
2021-09-02T01:55:14.500Z,3.6951,126.5111,58.82,4.1,221 km SSE of Sarangani  Philippines
2021-09-02T02:38:17.268Z,1.8706,127.5207,134.99,4.2,Halmahera  Indonesia
2021-09-03T01:55:46.729Z,1.9069,127.4775,113.55,4,62 km WNW of Tobelo  Indonesia
2021-09-03T17:22:23.190Z,3.4304,126.7507,46.66,4.3,234 km NW of Tobelo  Indonesia
2021-09-04T03:46:06.345Z,3.6821,128.794,10,4.8,north of Halmahera  Indonesia
2021-09-05T15:23:13.732Z,4.1856,126.8558,60.95,4.6,204 km SE of Sarangani  Philippines
2021-09-05T22:50:15.877Z,5.3532,126.4715,56.27,4.4,111 km SE of Caburan  Philippines
2021-09-06T10:27:24.779Z,5.4654,126.3119,71.67,4.5,89 km SE of Caburan  Philippines
2021-09-06T10:38:59.105Z,5.5061,126.6961,56.8,4.9,110 km SSE of Pondaguitan  Philippines
2021-09-06T16:50:16.654Z,5.498,126.707,52.71,4.5,112 km SSE of Pondaguitan  Philippines
2021-09-06T21:16:25.590Z,5.5296,126.8831,10,4.6,120 km SE of Pondaguitan  Philippines
2021-09-06T23:53:49.330Z,3.1596,126.8808,39.56,4.7,201 km NW of Tobelo  Indonesia
2021-09-07T00:59:00.077Z,3.1243,126.8355,49.84,4.4,202 km NW of Tobelo  Indonesia
2021-09-07T02:29:30.997Z,5.505,126.7069,44.07,4.9,Mindanao  Philippines
2021-09-07T04:06:33.856Z,5.4363,126.0877,67.86,4.4,69 km E of Sarangani  Philippines
2021-09-07T14:00:26.932Z,5.866,127.2807,19.46,4.4,133 km ESE of Pondaguitan  Philippines
2021-09-07T18:29:22.778Z,8.3118,126.6729,74.46,4.6,31 km ENE of Barcelona  Philippines
2021-09-08T05:15:18.245Z,6.0972,126.9303,57.64,4.5,88 km ESE of Pondaguitan  Philippines
2021-09-08T08:44:44.865Z,5.8681,126.5877,84.51,4.2,70 km SE of Pondaguitan  Philippines
2021-09-09T05:19:51.742Z,5.8923,126.2337,96.3,4.5,52 km S of Pondaguitan  Philippines
2021-09-09T15:18:00.320Z,5.4587,127.1521,48.8,4.3,146 km SE of Pondaguitan  Philippines
2021-09-10T04:04:16.385Z,5.5567,126.5134,61.88,4.2,96 km SSE of Pondaguitan  Philippines
2021-09-10T12:17:46.331Z,5.3684,126.3287,55.34,4.1,95 km E of Sarangani  Philippines
2021-09-11T07:39:38.375Z,2.9931,128.2071,52.12,4.1,141 km N of Tobelo  Indonesia
2021-09-11T20:14:36.755Z,5.526,126.5816,41.28,4.6,102 km SSE of Pondaguitan  Philippines
2021-09-12T12:14:44.837Z,5.4862,126.3454,58.71,4.4,91 km ESE of Caburan  Philippines
2021-09-12T13:34:34.651Z,3.7563,128.7363,10,4.7,238 km NNE of Tobelo  Indonesia
2021-09-13T20:13:57.724Z,5.3559,127.2472,17.4,4.1,162 km SE of Pondaguitan  Philippines
2021-09-14T09:55:46.567Z,5.2033,121.8517,10,4.4,91 km S of Tabiauan  Philippines
2021-09-15T04:42:06.840Z,3.1965,126.6683,54.64,4.7,220 km NW of Tobelo  Indonesia
2021-09-16T02:22:20.173Z,5.7876,127.482,10,4.4,157 km ESE of Pondaguitan  Philippines
2021-09-17T12:43:56.319Z,4.9143,126.2628,93.45,4.8,103 km ESE of Sarangani  Philippines
2021-09-18T09:37:53.545Z,5.3974,125.6083,9.45,4.3,16 km E of Sarangani  Philippines
2021-09-18T14:49:14.879Z,2.9477,126.5979,37.17,4.4,206 km NW of Tobelo  Indonesia
2021-09-20T23:56:57.178Z,1.8003,125.8664,56.37,4.9,105 km ENE of Laikit  Laikit II (Dimembe)  Indonesia
2021-09-21T13:59:55.536Z,4.6105,126.7835,54.08,4.7,170 km ESE of Sarangani  Philippines
2021-09-21T21:33:53.977Z,5.3241,128.0581,10,4.1,237 km ESE of Pondaguitan  Philippines
2021-09-22T04:02:57.556Z,6.1783,127.4091,10,4.2,137 km E of Pondaguitan  Philippines
2021-09-22T05:53:34.071Z,5.5939,126.5276,51.35,4.4,93 km SSE of Pondaguitan  Philippines
2021-09-22T06:50:49.692Z,8.1735,126.5754,87.12,4.5,15 km E of Barcelona  Philippines
2021-09-22T12:03:30.086Z,1.8112,126.5903,33.84,5.4,143 km NW of Ternate  Indonesia
2021-09-22T15:03:34.343Z,5.7731,127.1808,10,4.4,128 km ESE of Pondaguitan  Philippines
2021-09-22T22:43:49.234Z,1.8746,126.6,38.12,4.3,148 km NW of Ternate  Indonesia
2021-09-23T03:52:41.032Z,3.5423,122.6034,540.51,4.5,285 km SSE of Tabiauan  Philippines
2021-09-24T06:36:17.020Z,2.1052,126.691,35.78,5.3,152 km WNW of Tobelo  Indonesia
2021-09-24T11:35:15.210Z,2.8435,127.2407,69.13,4.7,150 km NW of Tobelo  Indonesia
2021-09-26T05:30:05.889Z,9.823,123.7196,10,4.5,8 km WNW of Loon  Philippines
2021-09-28T11:10:20.377Z,3.0937,126.1597,102.16,4.4,221 km NE of Laikit  Laikit II (Dimembe)  Indonesia
2021-09-29T15:48:54.825Z,5.5515,124.793,35,4.8,37 km SSW of Lumatil  Philippines
2021-10-02T18:06:51.811Z,9.3026,125.3054,10,4.5,23 km W of Jabonga  Philippines
2021-10-03T22:05:50.511Z,5.9709,126.1064,139.27,4.6,43 km S of Pondaguitan  Philippines
2021-10-05T03:50:49.415Z,6.4654,126.6637,102.32,4.4,54 km ENE of Pondaguitan  Philippines
2021-10-05T04:17:51.142Z,3.0575,126.9521,35,4.6,188 km NW of Tobelo  Indonesia
2021-10-05T05:44:23.372Z,2.8751,128.0841,118.66,4.4,127 km N of Tobelo  Indonesia
2021-10-05T08:51:08.617Z,2.7502,122.2881,543.42,4.5,259 km NNW of Gorontalo  Indonesia
2021-10-05T14:45:49.299Z,4.8591,127.1016,32.19,4.4,191 km ESE of Sarangani  Philippines
2021-10-05T23:10:02.683Z,4.8459,127.0294,73.16,4.3,184 km ESE of Sarangani  Philippines
2021-10-06T10:12:25.458Z,4.4991,125.6003,165.24,4,101 km S of Sarangani  Philippines
2021-10-06T16:51:48.242Z,4.9594,127.3932,122.78,4.1,205 km SE of Pondaguitan  Philippines
2021-10-06T23:40:21.952Z,2.5773,128.2326,179.82,4.4,97 km NNE of Tobelo  Indonesia
2021-10-07T11:03:25.056Z,2.6055,128.2995,150.91,4.3,102 km NNE of Tobelo  Indonesia
2021-10-10T11:32:36.429Z,3.3745,122.9715,548.36,4.6,295 km NW of Manado  Indonesia
2021-10-11T15:25:54.633Z,5.2029,125.3122,56.96,4.6,27 km SW of Sarangani  Philippines
2021-10-11T20:15:59.447Z,6.6445,123.6439,590.23,4.2,43 km W of Taguisa  Philippines
2021-10-11T23:30:21.616Z,6.114,126.9141,69.81,5,85 km ESE of Pondaguitan  Philippines
2021-10-12T15:16:11.175Z,9.8834,124.2825,10,4.7,1 km S of Dagohoy  Philippines
2021-10-12T18:33:29.267Z,5.823,126.4308,141.1,4,65 km SSE of Pondaguitan  Philippines
2021-10-13T08:39:09.301Z,2.2276,126.6335,35,4.2,162 km WNW of Tobelo  Indonesia
2021-10-13T17:48:09.450Z,4.3648,123.3591,502.56,4.4,223 km SSW of Malisbeng  Philippines
2021-10-14T07:14:34.613Z,6.029,126.033,146.86,4.5,37 km E of Lamitan  Philippines
2021-10-14T15:16:29.752Z,1.2369,126.1559,41,5.5,134 km ESE of Laikit  Laikit II (Dimembe)  Indonesia
2021-10-14T21:19:05.589Z,6.7396,127.2997,10,4.7,98 km ESE of San Ignacio  Philippines
2021-10-15T03:30:36.273Z,3.5774,123.2438,480.93,4.4,292 km NW of Manado  Indonesia
2021-10-15T09:03:10.812Z,4.5076,126.7154,45.79,4.1,170 km SE of Sarangani  Philippines
2021-10-15T16:54:48.484Z,8.8157,126.2651,67.98,4.9,3 km WNW of Marihatag  Philippines
2021-10-15T17:55:21.189Z,5.4914,127.0086,108.66,4.5,133 km SE of Pondaguitan  Philippines
2021-10-15T22:44:42.525Z,8.244,127.4223,10,4.4,109 km E of Barcelona  Philippines
2021-10-17T11:28:01.676Z,7.4422,126.5876,156.46,4.3,Mindanao  Philippines
2021-10-17T17:16:06.273Z,4.1769,125.8217,84.11,4.2,141 km SSE of Sarangani  Philippines
2021-10-18T07:03:49.081Z,2.8002,128.1005,150.07,4.6,118 km N of Tobelo  Indonesia
2021-10-21T07:47:28.758Z,2.6545,127.1246,75.56,4.2,142 km NW of Tobelo  Indonesia
2021-10-23T23:08:29.143Z,8.5647,127.0163,10,5.1,78 km ENE of Hinatuan  Philippines
2021-10-24T03:22:10.401Z,1.5454,126.4982,45.93,4.8,129 km NW of Ternate  Indonesia
2021-10-24T21:54:53.514Z,2.9759,128.0103,90.21,4.5,137 km N of Tobelo  Indonesia
2021-10-26T05:51:11.106Z,7.5204,126.6653,68.77,4.5,11 km NE of Baculin  Philippines
2021-10-27T12:44:26.706Z,6.0198,125.9874,122.99,4.4,32 km ESE of Lamitan  Philippines
2021-10-27T13:09:53.317Z,6.7191,124.8692,10,4.1,5 km SSE of Datu Paglas  Philippines
2021-10-27T18:13:48.059Z,4.1959,126.6861,10,4.3,190 km SE of Sarangani  Philippines
2021-10-27T22:35:37.428Z,3.0758,128.2237,10,4.4,150 km N of Tobelo  Indonesia
2021-10-28T10:00:10.505Z,3.0383,127.9991,81.85,4.5,144 km N of Tobelo  Indonesia
2021-10-29T04:33:31.864Z,5.2665,125.4891,177.31,5.1,15 km S of Sarangani  Philippines
2021-10-30T06:53:09.071Z,9.0673,126.1681,75.22,4.7,3 km WSW of Tandag  Philippines
2021-10-30T12:10:36.126Z,6.0187,126.1972,106.76,4.4,37 km S of Pondaguitan  Philippines
2021-10-31T07:30:58.807Z,2.9823,127.834,92.23,4.3,140 km N of Tobelo  Indonesia
2021-10-31T13:37:50.240Z,4.1881,127.5992,135.03,4.1,272 km ESE of Sarangani  Philippines
2021-11-01T18:40:22.906Z,1.9817,126.5754,58.32,4.1,159 km NW of Ternate  Indonesia
2021-11-03T09:11:19.437Z,1.8567,126.6245,35.67,4.5,145 km NW of Ternate  Indonesia
2021-11-04T05:48:44.323Z,2.1113,127.1169,68.68,4.2,107 km WNW of Tobelo  Indonesia
2021-11-05T05:05:23.345Z,9.0667,126.7176,59.35,4.6,48 km ENE of Aras-asan  Philippines
2021-11-05T18:25:14.455Z,9.7641,126.7122,10,4.4,66 km E of Union  Philippines
2021-11-06T23:19:41.846Z,9.5475,125.8324,10,4.3,Mindanao  Philippines
2021-11-07T18:09:19.077Z,10.0646,125.4042,221.29,4.4,23 km WNW of Dinagat  Philippines
2021-11-07T21:39:58.545Z,5.659,124.1296,512.97,4,56 km SSW of Malisbeng  Philippines
2021-11-08T04:16:47.167Z,7.9544,126.6919,61.18,4.8,27 km E of Santa Maria  Philippines
2021-11-08T07:04:49.323Z,6.4451,126.1404,83.03,4.8,3 km SSE of Nangan  Philippines
2021-11-09T03:31:32.543Z,3.0036,124.7245,294.47,4.1,168 km N of Manado  Indonesia
2021-11-09T15:37:56.530Z,5.8935,126.737,51.46,4.4,80 km SE of Pondaguitan  Philippines
2021-11-09T22:36:35.996Z,5.6747,126.1207,109.49,4.6,59 km ESE of Caburan  Philippines
2021-11-10T15:09:48.464Z,2.8491,127.4723,78.13,4.6,137 km NNW of Tobelo  Indonesia
2021-11-10T17:40:12.586Z,1.6232,124.8763,203.8,4.1,15 km N of Manado  Indonesia
2021-11-12T18:17:41.745Z,6.6869,126.9624,23.14,4.2,69 km SE of Tarragona  Philippines
2021-11-13T00:01:04.788Z,1.8277,127.1302,110.04,4.1,98 km W of Tobelo  Indonesia
2021-11-13T13:30:32.908Z,5.856,126.7822,57.77,4.4,87 km SE of Pondaguitan  Philippines
2021-11-14T02:55:55.598Z,3.2352,127.2669,57.09,4.4,185 km NNW of Tobelo  Indonesia
2021-11-15T16:17:50.848Z,5.1451,126.9394,51.05,4.5,158 km SSE of Pondaguitan  Philippines
2021-11-15T16:34:01.468Z,5.2133,127.1573,30.28,4.2,166 km SE of Pondaguitan  Philippines
2021-11-16T08:10:35.983Z,2.5905,128.405,61.23,4.5,104 km NNE of Tobelo  Indonesia
2021-11-16T17:53:13.015Z,6.2737,126.8032,106.48,4.6,69 km E of Pondaguitan  Philippines
2021-11-18T04:30:19.173Z,6.6784,123.6029,599.57,4.4,47 km W of Taguisa  Philippines
2021-11-18T06:10:08.761Z,1.4207,126.4408,56.31,4.2,126 km WNW of Ternate  Indonesia
2021-11-19T17:20:23.005Z,3.3994,126.8137,44.62,4.1,227 km NW of Tobelo  Indonesia
2021-11-19T20:07:03.773Z,6.8981,127.1562,35,4,76 km ESE of Manay  Philippines
2021-11-19T20:08:22.023Z,6.8091,127.0083,27.21,5.3,66 km ESE of San Ignacio  Philippines
2021-11-19T20:13:51.234Z,6.802,127.0055,39.78,5.4,67 km ESE of San Ignacio  Philippines
2021-11-19T20:39:22.746Z,6.6806,127.2641,21.36,4.4,98 km ESE of San Ignacio  Philippines
2021-11-19T22:06:53.604Z,7.0768,127.2535,10,4.5,78 km ESE of Santiago  Philippines
2021-11-19T22:13:50.430Z,6.8861,127.2869,10,4.4,90 km ESE of Manay  Philippines
2021-11-20T14:35:30.875Z,6.8773,126.7974,85.7,4.3,43 km ESE of Jovellar  Philippines
2021-11-20T14:35:46.969Z,6.8914,127.021,53.67,4.7,64 km ESE of San Ignacio  Philippines
2021-11-20T22:42:58.459Z,6.6996,126.6968,95.18,5,44 km ESE of Bobon  Philippines
2021-11-22T14:51:10.220Z,3.4306,126.9414,65.67,4.4,222 km NNW of Tobelo  Indonesia
2021-11-23T04:23:48.311Z,3.6149,126.9506,51.46,4.6,239 km NNW of Tobelo  Indonesia
2021-11-23T08:09:42.919Z,9.0375,126.4317,57.2,4.9,19 km ENE of La Paz  Philippines
2021-11-23T16:06:12.357Z,3.4664,126.8688,53.02,4.2,230 km NNW of Tobelo  Indonesia
2021-11-23T23:23:57.294Z,2.6293,128.0232,56.14,4.2,99 km N of Tobelo  Indonesia
2021-11-24T15:15:32.967Z,2.3689,126.7864,48.54,4.4,153 km WNW of Tobelo  Indonesia
2021-11-25T03:56:01.400Z,3.3164,124.1444,380.31,4.7,217 km NNW of Manado  Indonesia
2021-11-25T17:10:47.408Z,3.9958,126.5568,72.32,4.3,197 km SE of Sarangani  Philippines
2021-11-25T21:38:31.331Z,6.0563,126.9016,77.92,4.2,86 km ESE of Pondaguitan  Philippines
2021-11-27T06:01:53.355Z,4.6874,126.2666,79.98,5.2,Pulau-Pulau Talaud  Indonesia
2021-11-30T00:56:07.547Z,6.7382,126.1243,58.22,5.1,3 km NE of Talisay  Philippines
2021-12-03T03:36:13.076Z,9.4095,127.0471,10,4.2,95 km E of Cortes  Philippines
2021-12-04T12:21:50.437Z,3.1395,127.9876,69.58,4.4,156 km N of Tobelo  Indonesia
2021-12-04T23:47:55.581Z,4.0932,128.1359,149,6,261 km N of Tobelo  Indonesia
2021-12-05T22:05:43.701Z,3.3063,126.9972,91.42,4.6,207 km NNW of Tobelo  Indonesia
2021-12-06T05:03:06.247Z,5.0779,127.1915,68.48,4.3,180 km SE of Pondaguitan  Philippines
2021-12-07T18:58:13.789Z,5.3293,126.0094,93.93,4.3,61 km E of Sarangani  Philippines
2021-12-08T22:45:46.724Z,5.1498,125.3791,67.95,4.4,29 km SSW of Sarangani  Philippines
2021-12-09T08:17:29.017Z,2.1659,126.7938,45.46,4.4,143 km WNW of Tobelo  Indonesia
2021-12-09T14:55:23.706Z,3.6435,126.5577,46.08,4.7,229 km SSE of Sarangani  Philippines
2021-12-09T15:59:21.818Z,9.9398,125.9133,10,4.1,9 km NW of Libas  Philippines
2021-12-10T03:14:09.214Z,3.9048,126.6118,50.37,4.5,209 km SE of Sarangani  Philippines
2021-12-10T17:09:13.472Z,5.1775,126.9134,93.4,4.4,154 km SSE of Pondaguitan  Philippines
2021-12-11T03:07:14.552Z,4.032,126.7692,59.85,4.4,209 km SE of Sarangani  Philippines
2021-12-11T21:12:13.888Z,5.2407,127.06,78.62,4,157 km SE of Pondaguitan  Philippines
2021-12-13T08:02:59.069Z,8.5653,126.7793,35,4.3,53 km ENE of Hinatuan  Philippines
2021-12-13T16:23:38.304Z,6.379,126.5576,47.33,4.5,42 km E of Pondaguitan  Philippines
2021-12-13T18:08:58.191Z,4.0767,127.2054,58.44,4.2,242 km SE of Sarangani  Philippines
2021-12-14T01:14:23.854Z,5.7194,127.0238,109.49,4.5,117 km SE of Pondaguitan  Philippines
2021-12-14T02:23:42.709Z,5.19,125.6949,18.9,4.3,34 km SE of Sarangani  Philippines
2021-12-14T18:41:35.999Z,5.7415,127.1154,61.34,4.9,124 km ESE of Pondaguitan  Philippines
2021-12-15T02:44:20.943Z,2.798,128.2128,124.53,4.3,120 km N of Tobelo  Indonesia
2021-12-15T06:09:22.794Z,5.1603,127.7732,10,4.2,221 km SE of Pondaguitan  Philippines
2021-12-17T07:04:23.997Z,3.3081,121.9301,603.96,4.1,268 km SSE of Latung  Philippines
2021-12-18T00:18:58.127Z,5.0769,126.8989,35,4.4,Mindanao  Philippines
2021-12-18T11:41:27.645Z,3.3683,128.2485,30.7,4.3,183 km N of Tobelo  Indonesia
2021-12-21T02:55:12.180Z,5.381,126.2414,70.33,5,86 km E of Sarangani  Philippines
2021-12-21T20:10:30.346Z,3.0866,128.0407,109.63,4.3,150 km N of Tobelo  Indonesia
2021-12-21T22:04:09.557Z,3.8917,128.6219,10,4.3,248 km NNE of Tobelo  Indonesia
2021-12-22T00:17:17.107Z,2.1806,127.8834,40.17,4.3,Molucca Sea
2021-12-22T12:19:56.738Z,2.446,126.9236,19.06,4.9,144 km WNW of Tobelo  Indonesia
2021-12-22T12:27:37.477Z,2.3776,126.9103,10,4.9,141 km WNW of Tobelo  Indonesia
2021-12-23T03:01:30.630Z,5.8044,124.0274,517.23,4.3,48 km SSW of Palimbang  Philippines
2021-12-23T07:18:11.681Z,2.9894,128.1994,62.98,4.3,141 km N of Tobelo  Indonesia
2021-12-25T14:25:24.628Z,6.9479,126.6244,68.33,4.7,22 km ESE of Tarragona  Philippines
2021-12-26T02:22:53.267Z,2.1321,126.624,26.42,5.3,160 km WNW of Tobelo  Indonesia
2021-12-26T21:40:18.462Z,5.9485,126.6996,119.94,4.4,73 km SE of Pondaguitan  Philippines
2021-12-28T04:51:34.681Z,6.0912,123.6461,606.66,4.1,58 km SW of Sangay  Philippines
2021-12-28T21:49:27.846Z,2.224,126.7883,39.21,4.3,146 km WNW of Tobelo  Indonesia
2021-12-29T08:06:33.638Z,5.9565,126.2888,79.12,4.5,Mindanao  Philippines
2021-12-31T13:58:24.334Z,9.0257,126.0283,5.16,4.4,Mindanao  Philippines
2021-12-31T18:17:37.112Z,7.2006,126.8379,50.78,4.6,30 km ESE of Santiago  Philippines
2022-01-01T08:46:29.654Z,2.636,128.2039,152.56,4.2,102 km NNE of Tobelo  Indonesia
2022-01-01T10:04:40.090Z,3.9011,122.581,592.07,4.4,247 km SSE of Tabiauan  Philippines
2022-01-01T21:43:14.435Z,3.6089,126.9356,61.38,4.5,239 km NNW of Tobelo  Indonesia
2022-01-02T22:44:23.224Z,1.9322,127.3237,93.72,5,79 km WNW of Tobelo  Indonesia
2022-01-03T18:59:36.414Z,4.8066,123.1304,578.25,4.2,192 km SE of Tabiauan  Philippines
2022-01-03T20:38:22.234Z,6.7737,123.5074,17.97,4.5,56 km W of Gadung  Philippines
2022-01-04T14:20:42.973Z,2.0079,127.5352,183.05,4.2,61 km WNW of Tobelo  Indonesia
2022-01-05T03:15:42.156Z,4.1948,124.5394,296.74,4.2,168 km SW of Sarangani  Philippines
2022-01-06T19:22:07.566Z,3.2964,126.3154,55.61,4.4,249 km NE of Laikit  Laikit II (Dimembe)  Indonesia
2022-01-07T12:09:36.641Z,5.0283,127.2269,93.29,4.3,Philippine Islands region
2022-01-08T01:26:47.252Z,6.265,126.5863,61.82,4.6,46 km ESE of Pondaguitan  Philippines
2022-01-08T10:30:42.282Z,5.7328,126.9785,107.86,5,112 km SE of Pondaguitan  Philippines
2022-01-09T23:46:50.040Z,2.7814,128.5213,231.24,4.9,129 km NNE of Tobelo  Indonesia
2022-01-10T16:22:48.635Z,2.0281,127.6504,85.39,4.4,51 km NW of Tobelo  Indonesia
2022-01-11T06:16:27.827Z,3.1287,126.8049,35.28,4.4,204 km NW of Tobelo  Indonesia
2022-01-12T11:08:07.310Z,5.039,125.4193,75.61,4.4,40 km S of Sarangani  Philippines
2022-01-13T21:04:45.829Z,3.6914,126.8488,58.29,4.4,243 km SE of Sarangani  Philippines
2022-01-15T04:27:06.535Z,6.1779,125.8019,160.42,4.2,Mindanao  Philippines
2022-01-15T11:51:54.929Z,3.0462,126.7113,33.25,4.1,205 km NW of Tobelo  Indonesia
2022-01-15T17:34:07.066Z,1.642,127.0934,72.96,4.4,99 km NNW of Ternate  Indonesia
2022-01-16T06:18:10.014Z,5.0371,126.5691,83.55,4,129 km ESE of Sarangani  Philippines
2022-01-17T18:26:20.294Z,2.0948,127.2657,110.3,4.4,92 km WNW of Tobelo  Indonesia
2022-01-18T03:20:29.294Z,6.0265,126.3446,103.71,4.6,41 km SSE of Pondaguitan  Philippines
2022-01-21T11:59:05.287Z,6.5219,126.9537,106.32,4.7,79 km ESE of Bobon  Philippines
2022-01-21T20:43:45.453Z,7.5552,126.5369,107.13,5.3,3 km SW of Baganga  Philippines
2022-01-22T02:26:13.323Z,3.6724,126.6596,21,6,232 km SE of Sarangani  Philippines
2022-01-22T03:21:20.638Z,3.6066,126.5401,10,4.2,231 km SSE of Sarangani  Philippines
2022-01-22T03:52:22.691Z,5.9356,126.7474,107.78,4.1,78 km SE of Pondaguitan  Philippines
2022-01-22T04:00:30.608Z,3.784,126.8383,10,4.1,235 km SE of Sarangani  Philippines
2022-01-22T04:26:22.100Z,3.7017,126.7648,10,4.3,237 km SE of Sarangani  Philippines
2022-01-22T07:08:10.889Z,3.6267,126.6391,10,4.9,235 km SSE of Sarangani  Philippines
2022-01-22T09:01:26.852Z,3.6224,126.7108,10,4.6,240 km SE of Sarangani  Philippines
2022-01-22T13:12:06.527Z,3.485,126.4074,10,4.4,236 km SSE of Sarangani  Philippines
2022-01-22T13:49:48.540Z,2.8577,127.5309,48.45,5,135 km NNW of Tobelo  Indonesia
2022-01-22T19:16:54.777Z,3.5941,126.6285,10,4.4,238 km SSE of Sarangani  Philippines
2022-01-22T21:12:11.010Z,3.6148,126.6878,34.75,4.5,239 km SE of Sarangani  Philippines
2022-01-23T01:12:34.661Z,3.6478,126.7218,33.2,4.9,239 km SE of Sarangani  Philippines
2022-01-23T05:11:19.094Z,6.9024,126.9476,72.37,4.5,56 km ESE of San Ignacio  Philippines
2022-01-23T06:15:57.650Z,7.0341,127.1437,10,4.9,69 km ESE of Santiago  Philippines
2022-01-23T06:23:45.304Z,6.986,127.0901,10,5.1,65 km ESE of Manay  Philippines
2022-01-23T10:13:18.535Z,3.7024,126.9065,22.07,4.5,247 km SE of Sarangani  Philippines
2022-01-24T19:23:34.107Z,3.667,126.5586,10,4.9,227 km SSE of Sarangani  Philippines
2022-01-24T20:11:17.623Z,3.4473,126.2222,34.89,4.1,232 km SSE of Sarangani  Philippines
2022-01-25T13:59:13.925Z,3.8978,123.0947,522.11,4.3,270 km SSE of Tabiauan  Philippines
2022-01-25T23:59:17.439Z,5.3859,126.4274,10,4.5,105 km SE of Caburan  Philippines
2022-01-26T09:52:43.805Z,4.2576,128.1979,74.08,4.8,280 km N of Tobelo  Indonesia
2022-01-26T15:59:57.320Z,5.3008,126.3548,60.29,4.3,99 km E of Sarangani  Philippines
2022-01-26T18:02:41.475Z,1.5265,126.5478,38.75,4.7,123 km NW of Ternate  Indonesia
2022-01-26T18:11:10.910Z,4.0012,126.5596,10,4.4,197 km SE of Sarangani  Philippines
2022-01-27T06:15:07.849Z,3.1259,127.9629,53.54,5,154 km N of Tobelo  Indonesia
2022-01-27T18:20:45.974Z,1.4968,126.4841,37.94,4.4,127 km NW of Ternate  Indonesia
2022-01-28T04:56:14.098Z,6.1151,127.0286,65.4,4.7,98 km ESE of Pondaguitan  Philippines
2022-01-28T14:29:48.855Z,2.9079,125.7078,144.4,4.4,176 km NNE of Laikit  Laikit II (Dimembe)  Indonesia
2022-01-29T01:39:11.865Z,3.119,127.954,69.79,4.6,153 km N of Tobelo  Indonesia
2022-01-29T14:36:08.512Z,3.6424,126.7299,61.21,4.5,240 km SE of Sarangani  Philippines
2022-01-30T01:05:54.986Z,2.9006,126.6848,56.87,4.2,196 km NW of Tobelo  Indonesia
2022-01-30T03:32:41.102Z,2.7573,128.2346,53.45,4.5,116 km NNE of Tobelo  Indonesia
2022-01-30T09:58:22.394Z,3.9003,125.273,134.2,4.3,167 km S of Sarangani  Philippines
2022-01-31T16:14:36.054Z,6.5574,126.4448,65.36,4.6,35 km SSE of Tamisan  Philippines
2022-02-02T11:50:27.713Z,4.8819,125.9774,145.17,4.5,81 km SE of Sarangani  Philippines
2022-02-02T14:23:11.030Z,1.5213,124.4689,250.55,4.2,42 km W of Manado  Indonesia
2022-02-03T09:28:21.966Z,6.8248,123.7716,601.36,4.2,27 km W of Gadung  Philippines
2022-02-03T11:49:15.048Z,3.5013,125.621,156.87,4,211 km S of Sarangani  Philippines
2022-02-05T04:45:46.537Z,5.6047,126.5823,57.17,4.6,94 km SSE of Pondaguitan  Philippines
2022-02-05T11:04:47.279Z,3.709,127.1653,10,4.3,238 km NNW of Tobelo  Indonesia
2022-02-05T17:26:33.710Z,5.4628,126.4964,10,4.2,105 km SSE of Pondaguitan  Philippines
2022-02-05T17:48:58.412Z,4.7083,126.2468,67.19,4,115 km SE of Sarangani  Philippines
2022-02-05T20:12:56.834Z,3.7084,126.7462,35,4.7,235 km SE of Sarangani  Philippines
2022-02-06T14:01:14.764Z,6.3747,126.1471,79.08,4.3,1 km S of Surup  Philippines
2022-02-07T13:35:53.440Z,5.591,126.6345,76.42,4.5,99 km SSE of Pondaguitan  Philippines
2022-02-07T14:26:15.736Z,10.0345,125.6861,82.96,4.3,12 km N of Cagdianao  Philippines
2022-02-07T22:39:11.747Z,2.6265,126.6995,58.08,4.1,Molucca Sea
2022-02-07T23:18:35.201Z,9.0574,126.0523,10,4.4,Mindanao  Philippines
2022-02-08T00:23:59.266Z,4.6568,127.7491,134.66,4.5,256 km SE of Pondaguitan  Philippines
2022-02-09T22:41:57.174Z,3.886,126.6452,40.17,4.3,212 km SE of Sarangani  Philippines
2022-02-10T20:16:28.199Z,2.6694,125.6065,65.36,4.2,148 km NNE of Laikit  Laikit II (Dimembe)  Indonesia
2022-02-11T14:25:19.513Z,5.8987,124.5212,81.46,4.9,14 km SSW of Nalus  Philippines
2022-02-12T08:25:10.693Z,3.356,126.6344,35,4.6,236 km NW of Tobelo  Indonesia
2022-02-13T03:44:11.712Z,3.2117,126.211,81.96,4.4,235 km NE of Laikit  Laikit II (Dimembe)  Indonesia
2022-02-13T06:09:07.967Z,2.7353,126.3761,62.85,4.3,208 km NE of Laikit  Laikit II (Dimembe)  Indonesia
2022-02-13T10:12:18.645Z,5.9977,125.5927,84.83,4.5,8 km WNW of Culaman  Philippines
2022-02-14T06:16:57.875Z,1.3673,126.4272,10,4.5,124 km WNW of Ternate  Indonesia
2022-02-14T13:30:24.106Z,1.7936,127.4596,121.84,4,61 km W of Tobelo  Indonesia
2022-02-15T02:12:18.679Z,5.3492,126.0857,81.03,4.2,69 km E of Sarangani  Philippines
2022-02-17T01:22:55.451Z,5.8574,127.5267,10,4.4,159 km ESE of Pondaguitan  Philippines
2022-02-18T22:21:11.969Z,4.9845,126.3008,71.28,4,103 km ESE of Sarangani  Philippines
2022-02-20T18:29:27.263Z,6.0071,126.6453,58.12,5.5,64 km SE of Pondaguitan  Philippines
2022-02-20T18:53:36.191Z,6.0475,126.5737,67.67,4.5,55 km SE of Pondaguitan  Philippines
2022-02-20T19:06:59.727Z,6.0502,126.6352,55.54,4.5,61 km SE of Pondaguitan  Philippines
2022-02-20T19:25:41.585Z,6.0208,126.5677,61.47,4.7,57 km SE of Pondaguitan  Philippines
2022-02-20T19:49:42.917Z,5.809,126.453,57.53,4.3,68 km SSE of Pondaguitan  Philippines
2022-02-20T20:31:43.864Z,6.0077,126.6059,60.87,4.9,61 km SE of Pondaguitan  Philippines
2022-02-20T21:08:08.177Z,5.6265,125.2277,46.89,4.6,10 km SW of Pangyan  Philippines
2022-02-20T21:13:26.078Z,6.0123,126.5855,51.82,5.2,59 km SE of Pondaguitan  Philippines
2022-02-21T22:44:12.390Z,6.566,125.1473,10,4.4,10 km NE of Tampakan  Philippines
2022-02-23T11:23:50.177Z,2.0062,127.1171,47.21,4.4,103 km WNW of Tobelo  Indonesia
2022-02-23T13:54:40.183Z,8.4885,126.4977,54.98,4.5,22 km NE of Hinatuan  Philippines
2022-02-23T22:52:28.105Z,6.206,127.4589,10,4.5,142 km E of Pondaguitan  Philippines
2022-02-24T03:34:08.790Z,6.6538,126.9663,50.65,4.5,71 km ESE of Lukatan  Philippines
2022-02-24T15:38:38.957Z,3.2055,128.1906,109.09,4.5,164 km N of Tobelo  Indonesia
2022-02-24T22:19:37.721Z,5.9549,126.495,69.5,4.6,57 km SE of Pondaguitan  Philippines
2022-02-25T04:39:39.943Z,6.0067,126.5976,56.84,4.7,60 km SE of Pondaguitan  Philippines
2022-02-25T09:02:13.187Z,2.6813,127.3032,80.14,4.5,131 km NW of Tobelo  Indonesia
2022-02-26T06:15:53.561Z,5.7048,126.2848,119.18,5.2,73 km S of Pondaguitan  Philippines
2022-02-26T22:18:45.761Z,3.6546,126.7204,35,4.3,238 km SE of Sarangani  Philippines
2022-02-28T23:21:45.775Z,2.4275,126.2063,76.7,4.7,171 km NE of Laikit  Laikit II (Dimembe)  Indonesia
2022-03-01T19:04:44.419Z,5.8238,125.9668,136.99,4.2,37 km ESE of Mangili  Philippines
2022-03-03T18:10:47.807Z,1.735,126.5451,44,4.2,140 km NW of Ternate  Indonesia
2022-03-04T04:47:44.109Z,9.1933,126.2359,10,4.4,6 km ESE of Tigao  Philippines
2022-03-04T09:26:47.109Z,2.0641,124.7612,196.42,4.3,65 km N of Manado  Indonesia
2022-03-05T05:11:39.523Z,6.5654,123.9949,514.75,4,5 km NW of Bantogon  Philippines
2022-03-05T10:30:58.442Z,4.2292,127.7421,111.7,4,278 km N of Tobelo  Indonesia
2022-03-05T22:40:27.361Z,3.5884,126.03,80.73,4.9,210 km SSE of Sarangani  Philippines
2022-03-06T15:37:04.350Z,5.2795,126.6527,105.91,4.2,130 km SSE of Pondaguitan  Philippines
2022-03-06T19:09:30.828Z,7.0764,127.109,10,4.3,63 km ESE of Santiago  Philippines
2022-03-06T21:48:07.244Z,4.9759,127.4736,107.55,4.3,209 km SE of Pondaguitan  Philippines
2022-03-07T18:13:14.982Z,2.7042,125.7943,96.11,5.3,162 km NE of Laikit  Laikit II (Dimembe)  Indonesia
2022-03-09T01:49:18.677Z,2.585,128.4029,40.47,5.1,104 km NNE of Tobelo  Indonesia
2022-03-10T19:18:50.154Z,5.4348,127.3086,113.35,4.1,161 km SE of Pondaguitan  Philippines
2022-03-11T05:56:51.002Z,6.1168,126.9032,80.97,4.5,84 km ESE of Pondaguitan  Philippines
2022-03-11T14:14:23.541Z,7.8962,125.9281,24.68,4.9,14 km WNW of Baylo  Philippines
2022-03-12T19:11:22.721Z,8.8848,126.3223,90.11,4.1,1 km ESE of Aras-asan  Philippines
2022-03-12T22:11:00.278Z,5.0401,127.0089,56.26,4.5,172 km SSE of Pondaguitan  Philippines
2022-03-13T03:22:31.520Z,1.3268,124.2029,263.81,4.2,66 km W of Tomohon  Indonesia
2022-03-13T08:46:22.900Z,6.7599,123.7084,588.23,4.1,34 km W of Gadung  Philippines
2022-03-13T20:52:56.731Z,8.4527,125.9314,46.2,4.4,5 km SE of Borbon  Philippines
2022-03-14T05:16:58.035Z,5.0179,127.3067,109.05,4.3,194 km SE of Pondaguitan  Philippines
2022-03-17T15:05:00.649Z,5.0276,124.1531,459.24,4,118 km SSW of Tambilil  Philippines
2022-03-20T22:37:43.858Z,2.958,127.8708,111.3,4.1,136 km N of Tobelo  Indonesia
2022-03-21T00:02:09.809Z,7.2661,122.3767,10,3.8,10 km S of Limaong  Philippines
2022-03-22T13:28:00.252Z,1.762,127.0673,68.1,4.5,104 km W of Tobelo  Indonesia
2022-03-23T16:29:35.171Z,1.8424,127.3138,119.66,4.8,78 km W of Tobelo  Indonesia
2022-03-24T12:01:57.338Z,9.1793,122.6957,56.33,4.6,21 km WSW of Nagbalaye  Philippines
2022-03-26T02:10:27.870Z,2.5937,128.2588,198.05,4.2,99 km NNE of Tobelo  Indonesia
2022-03-26T04:01:39.564Z,3.5504,126.9205,58.62,4.9,235 km NNW of Tobelo  Indonesia
2022-03-26T18:51:21.304Z,4.7709,125.5675,145.66,4,70 km S of Sarangani  Philippines
2022-03-28T08:33:21.349Z,3.393,122.7105,541.17,4.2,Celebes Sea
2022-03-28T17:25:07.032Z,8.7802,126.3221,75.53,4.5,Mindanao  Philippines
2022-03-29T20:14:51.946Z,2.6882,125.9295,125.68,4.4,169 km NE of Laikit  Laikit II (Dimembe)  Indonesia
2022-03-30T04:36:27.308Z,3.3652,126.6133,35,4.6,238 km NW of Tobelo  Indonesia
2022-03-30T04:42:52.431Z,3.1021,126.279,71.35,4.3,229 km NE of Laikit  Laikit II (Dimembe)  Indonesia
2022-04-01T01:35:53.966Z,9.7245,126.7231,10,5,67 km E of Union  Philippines
2022-04-01T09:32:01.747Z,9.0492,126.6865,35,4.9,44 km ENE of Aras-asan  Philippines
2022-04-01T22:53:18.791Z,2.5118,127.2494,83.34,4,121 km NW of Tobelo  Indonesia
2022-04-02T08:43:32.869Z,2.6592,127.6127,99.76,4.4,111 km NNW of Tobelo  Indonesia
2022-04-02T10:44:53.203Z,9.3452,126.9586,10,4.5,84 km E of Cortes  Philippines
2022-04-03T00:52:48.821Z,5.421,126.8353,40.01,5.1,126 km SE of Pondaguitan  Philippines
2022-04-03T05:16:48.826Z,3.1564,126.8005,68.51,4,207 km NW of Tobelo  Indonesia
2022-04-03T10:24:54.783Z,9.2559,126.6946,17.04,5.6,55 km E of Cortes  Philippines
2022-04-03T11:22:04.613Z,9.2618,126.6961,10,5.4,55 km E of Cortes  Philippines
2022-04-03T11:35:16.255Z,9.3476,126.9196,10,4.6,80 km E of Cortes  Philippines
2022-04-03T15:29:39.811Z,9.1938,126.632,18,5.4,46 km ENE of La Paz  Philippines
2022-04-03T16:15:24.195Z,9.3427,126.9081,10,4.5,79 km E of Cortes  Philippines
2022-04-03T18:36:09.575Z,9.2879,126.588,10,4.8,43 km E of Cortes  Philippines
2022-04-03T19:12:50.343Z,9.2284,126.7692,10,4.5,61 km ENE of La Paz  Philippines
2022-04-03T20:01:37.406Z,2.0813,126.4166,72.21,4.4,173 km ENE of Laikit  Laikit II (Dimembe)  Indonesia
2022-04-04T04:01:46.947Z,1.7906,127.3257,121.36,4.1,76 km W of Tobelo  Indonesia
2022-04-04T14:13:59.693Z,9.2639,126.8881,10,4.7,75 km ENE of La Paz  Philippines
2022-04-04T16:30:37.952Z,9.3021,126.7295,10,4.6,59 km E of Cortes  Philippines
2022-04-04T18:24:08.417Z,9.2649,126.5454,10,4.3,38 km E of Cortes  Philippines
2022-04-05T01:44:08.299Z,1.9361,126.8713,36,5.9,128 km W of Tobelo  Indonesia
2022-04-05T05:52:13.510Z,2.0646,126.9352,31.93,4.6,125 km WNW of Tobelo  Indonesia
2022-04-05T17:20:00.391Z,9.194,126.4275,10,4.5,27 km ESE of Burgos  Philippines
2022-04-06T00:04:15.758Z,6.8457,125.7823,71.67,4.3,8 km S of San Remigio  Philippines
2022-04-06T15:33:02.920Z,9.2338,126.6446,10,4.6,50 km E of Cortes  Philippines
2022-04-07T08:46:26.638Z,6.8969,124.276,569.37,4,7 km NW of Tapikan  Philippines
2022-04-07T09:52:55.221Z,6.3211,125.7878,163.74,4.5,14 km ENE of Talagutong  Philippines
2022-04-08T05:04:28.198Z,9.2293,126.34,10,4.4,17 km ESE of Burgos  Philippines
2022-04-08T19:56:57.438Z,5.9256,126.3325,108.98,4.1,51 km SSE of Pondaguitan  Philippines
2022-04-08T21:00:43.998Z,9.5086,126.7373,22.59,4.3,65 km ENE of Cortes  Philippines
2022-04-08T21:08:16.610Z,9.3328,126.7644,10,4.4,63 km E of Cortes  Philippines
2022-04-08T21:51:39.594Z,5.3417,126.3534,44.36,4.5,98 km E of Sarangani  Philippines
2022-04-09T10:43:08.379Z,1.998,126.3067,41.26,4.1,158 km ENE of Laikit  Laikit II (Dimembe)  Indonesia
2022-04-09T20:23:59.370Z,6.861,126.2922,69.56,4.4,2 km NNW of Tamisan  Philippines
2022-04-10T20:56:48.970Z,1.8634,127.4362,122.15,4.8,65 km WNW of Tobelo  Indonesia
2022-04-11T11:15:48.251Z,9.2862,126.5645,38.66,4.6,41 km E of Cortes  Philippines
2022-04-12T15:46:49.329Z,2.6357,128.3209,96.21,4.5,106 km NNE of Tobelo  Indonesia
2022-04-13T09:09:55.077Z,8.3598,126.663,66.51,4.4,33 km NE of Barcelona  Philippines
2022-04-14T09:47:38.665Z,2.8927,126.047,52.15,4.3,195 km NE of Laikit  Laikit II (Dimembe)  Indonesia
2022-04-16T00:41:06.361Z,6.518,123.201,10,4.5,92 km W of Bantogon  Philippines
2022-04-16T01:57:13.740Z,2.712,125.9415,89.71,4.3,172 km NE of Laikit  Laikit II (Dimembe)  Indonesia
2022-04-16T21:01:05.657Z,5.5377,124.458,10,4.2,52 km SSW of Tambilil  Philippines
2022-04-17T11:45:33.999Z,8.7469,127.5341,10,4.3,135 km E of Aras-asan  Philippines
2022-04-17T12:19:39.793Z,5.3486,126.2807,86.23,4.5,Mindanao  Philippines
2022-04-18T06:13:53.281Z,4.1597,126.5683,53.79,4.6,184 km SE of Sarangani  Philippines
2022-04-18T15:38:22.520Z,4.9483,126.751,47.5,4.5,151 km ESE of Sarangani  Philippines
2022-04-18T18:19:27.992Z,8.8487,126.4031,51.93,4.3,10 km ESE of Aras-asan  Philippines
2022-04-19T01:23:07.057Z,7.2852,126.9533,19,6.1,41 km E of Santiago  Philippines
2022-04-19T01:43:59.220Z,7.114,127.2093,10,4.7,72 km ESE of Santiago  Philippines
2022-04-19T01:54:53.683Z,7.2241,127.0517,10,4.6,53 km E of Santiago  Philippines
2022-04-19T01:59:35.994Z,7.2602,127.1603,10,4.4,64 km E of Santiago  Philippines
2022-04-19T02:04:04.370Z,7.1588,127.1236,10,4.5,62 km ESE of Santiago  Philippines
2022-04-19T02:23:40.440Z,7.2928,127.3042,10,4.5,80 km E of Santiago  Philippines
2022-04-19T02:26:33.092Z,7.2534,127.0949,10,4.6,57 km E of Santiago  Philippines
2022-04-19T03:00:04.431Z,7.0707,127.1518,10,4.5,68 km ESE of Santiago  Philippines
2022-04-19T03:02:44.248Z,7.1525,127.081,10,4.4,58 km ESE of Santiago  Philippines
2022-04-19T03:58:29.265Z,7.1697,127.1791,10,4,68 km E of Santiago  Philippines
2022-04-19T04:24:33.294Z,7.0845,127.0372,10,5.2,55 km ESE of Santiago  Philippines
2022-04-19T04:51:48.824Z,7.1204,127.1858,10,4.2,70 km ESE of Santiago  Philippines
2022-04-19T04:52:50.982Z,7.1833,127.122,10,4.6,61 km E of Santiago  Philippines
2022-04-19T05:56:27.165Z,7.1182,126.8511,65.01,4.6,36 km ESE of Santiago  Philippines
2022-04-19T06:08:44.036Z,7.2421,127.1533,16.87,4.9,64 km E of Santiago  Philippines
2022-04-19T14:39:58.099Z,7.075,126.7006,83.83,4.4,Mindanao  Philippines
2022-04-19T16:36:30.695Z,7.002,126.7335,77.7,4.6,30 km ESE of San Ignacio  Philippines
2022-04-19T17:22:14.481Z,1.6338,126.5752,31.42,4.5,129 km NW of Ternate  Indonesia
2022-04-19T17:52:00.617Z,6.4097,127.0596,66.44,5,95 km ESE of Bobon  Philippines
2022-04-19T18:28:24.045Z,7.056,126.9833,38.75,4.9,52 km ESE of Manay  Philippines
2022-04-19T19:30:34.621Z,7.0302,126.8459,58.83,4.6,39 km ESE of Manay  Philippines
2022-04-19T21:19:59.873Z,3.6598,126.6402,9.68,5.1,Pulau-Pulau Talaud  Indonesia
2022-04-19T21:38:28.783Z,6.5885,127.2988,10,4.6,106 km ESE of Jovellar  Philippines
2022-04-19T22:03:22.489Z,3.5872,126.4752,32.48,4.4,230 km SSE of Sarangani  Philippines
2022-04-20T01:07:00.661Z,3.532,122.2769,600.46,4.1,266 km SE of Latung  Philippines
2022-04-20T09:07:41.124Z,6.3986,127.0528,47.77,5.3,95 km ESE of Bobon  Philippines
2022-04-20T09:13:40.375Z,6.3478,126.9185,73.18,4.5,81 km E of Pondaguitan  Philippines
2022-04-20T09:21:02.861Z,6.2947,126.8896,72.77,4.4,79 km E of Pondaguitan  Philippines
2022-04-20T11:20:23.293Z,2.1947,126.6327,59.72,4.6,161 km WNW of Tobelo  Indonesia
2022-04-20T14:34:23.507Z,6.9321,126.9425,62.74,4.9,54 km ESE of San Ignacio  Philippines
2022-04-20T14:48:36.374Z,5.3179,127.7659,10,4.1,210 km ESE of Pondaguitan  Philippines
2022-04-20T15:43:44.586Z,6.5497,127.0643,37.38,4.3,87 km SE of Lukatan  Philippines
2022-04-20T16:35:15.819Z,6.5642,127.3877,10,4.4,116 km ESE of San Ignacio  Philippines
2022-04-20T16:56:52.600Z,6.534,127.2311,10,4.3,103 km ESE of Tarragona  Philippines
2022-04-20T17:48:16.062Z,4.0145,126.4369,56.08,4.4,187 km SE of Sarangani  Philippines
2022-04-20T21:57:43.018Z,6.9686,126.9241,19,6,50 km ESE of Manay  Philippines
2022-04-20T22:02:46.636Z,4.0869,126.6063,42.06,5.2,193 km SE of Sarangani  Philippines
2022-04-20T22:14:35.069Z,6.9725,126.96,37.35,4.4,53 km ESE of Manay  Philippines
2022-04-21T01:16:32.492Z,4.4079,127.3507,35,4.4,236 km ESE of Sarangani  Philippines
2022-04-22T02:57:57.690Z,7.0515,126.5218,184.24,4.4,7 km E of Jovellar  Philippines
2022-04-22T04:21:00.044Z,6.423,126.9976,56.43,4.5,Mindanao  Philippines
2022-04-22T15:49:27.100Z,7.2364,126.9592,51.89,4.3,43 km E of Santiago  Philippines
2022-04-22T22:26:29.787Z,3.2071,128.1574,148.78,4.4,164 km N of Tobelo  Indonesia
2022-04-23T12:04:34.317Z,7.0157,127.008,46.61,4.3,Philippine Islands region
2022-04-23T15:20:02.330Z,7.3141,127.3207,10,4.6,82 km E of Santiago  Philippines
2022-04-24T22:14:32.738Z,4.06,126.6807,10,4.2,200 km SE of Sarangani  Philippines
2022-04-25T06:16:45.841Z,6.8769,126.7919,74.77,4.3,42 km ESE of Jovellar  Philippines
2022-04-26T23:00:49.237Z,5.5748,126.287,55.78,4.4,80 km ESE of Caburan  Philippines
2022-04-27T00:24:32.822Z,4.4846,128.0956,47.71,4.3,297 km SE of Pondaguitan  Philippines
2022-04-27T17:20:11.038Z,1.957,126.519,60.48,4.3,160 km NW of Ternate  Indonesia
2022-04-30T01:10:37.139Z,2.7214,128.5182,202.64,4.2,123 km NNE of Tobelo  Indonesia
2022-04-30T03:24:53.978Z,2.7886,126.5388,68.95,4.9,201 km NW of Tobelo  Indonesia
2022-05-01T02:10:52.717Z,3.1429,127.9058,106.4,4.3,156 km N of Tobelo  Indonesia
2022-05-03T00:52:05.897Z,2.0451,126.4159,10,4.4,171 km ENE of Laikit  Laikit II (Dimembe)  Indonesia
2022-05-03T11:37:49.583Z,2.9951,127.9126,111.95,4.3,140 km N of Tobelo  Indonesia
2022-05-04T20:10:55.299Z,9.677,126.5453,28.94,4.5,48 km E of Union  Philippines
2022-05-04T20:16:06.027Z,6.5927,127.0537,11.34,5.1,83 km ESE of Lukatan  Philippines
2022-05-04T21:41:06.134Z,6.4879,127.0565,19.82,5.6,90 km ESE of Bobon  Philippines
2022-05-04T21:52:54.783Z,6.7746,127.2787,10,4.5,95 km ESE of Manay  Philippines
2022-05-04T23:42:23.605Z,7.4607,127.0798,10,4.1,54 km E of Baculin  Philippines
2022-05-05T01:53:35.480Z,6.6372,127.2416,10,4.4,98 km ESE of San Ignacio  Philippines
2022-05-05T01:55:53.813Z,2.846,126.3832,50.77,4.5,217 km NE of Laikit  Laikit II (Dimembe)  Indonesia
2022-05-05T02:49:34.016Z,6.5875,127.1527,10,4.4,93 km ESE of Tarragona  Philippines
2022-05-05T08:21:15.666Z,6.5295,127.1315,18,6,94 km SE of Lukatan  Philippines
2022-05-05T08:33:11.842Z,6.501,127.0576,28.46,4.7,90 km SE of Lukatan  Philippines
2022-05-05T10:37:31.043Z,6.5556,126.9838,53.07,5.1,79 km SE of Lukatan  Philippines
2022-05-05T14:54:31.339Z,6.5885,126.9957,58.28,4.6,78 km SE of Lukatan  Philippines
2022-05-05T19:54:40.262Z,6.5441,127.0545,10,5.2,Philippine Islands region
2022-05-06T00:02:23.375Z,6.5821,126.9217,26.86,5.3,72 km SE of Lukatan  Philippines
2022-05-06T00:31:00.863Z,6.5096,127.2531,10,4.4,107 km SE of Tarragona  Philippines
2022-05-06T01:36:15.595Z,6.2709,127.1703,10,4.4,110 km E of Pondaguitan  Philippines
2022-05-06T02:00:45.153Z,6.3565,127.2817,10,4.5,119 km SE of Lukatan  Philippines
2022-05-06T04:40:47.849Z,6.6209,127.0504,10,4.6,81 km ESE of Lukatan  Philippines
2022-05-06T07:34:51.338Z,8.7039,126.4278,60.94,4.8,18 km SE of Marihatag  Philippines
2022-05-06T16:14:55.367Z,6.7719,127.2773,10,4.4,95 km ESE of Manay  Philippines
2022-05-07T18:56:53.564Z,3.8366,126.8713,21.31,4.5,233 km SE of Sarangani  Philippines
2022-05-07T23:02:21.338Z,6.5522,127.0554,55.78,4.6,86 km SE of Lukatan  Philippines
2022-05-08T00:47:45.345Z,5.0017,126.568,10,4.2,130 km ESE of Sarangani  Philippines
2022-05-08T02:12:43.237Z,3.7289,126.9366,10,5.1,246 km SE of Sarangani  Philippines
2022-05-08T02:18:52.938Z,3.8111,126.9625,10,5,242 km SE of Sarangani  Philippines
2022-05-08T02:28:59.589Z,3.6971,126.9085,10,5.2,247 km SE of Sarangani  Philippines
2022-05-08T05:16:23.666Z,8.7014,126.3357,75.89,4.3,12 km SSE of Marihatag  Philippines
2022-05-08T12:17:27.769Z,3.6504,126.9739,18.84,5,241 km NNW of Tobelo  Indonesia
2022-05-08T16:34:28.943Z,3.6704,126.8744,39.16,4.6,247 km SE of Sarangani  Philippines
2022-05-08T21:51:39.714Z,1.8437,127.2017,39.28,5.6,90 km W of Tobelo  Indonesia
2022-05-09T09:27:31.259Z,4.0473,126.4755,10,4.5,187 km SE of Sarangani  Philippines
2022-05-09T09:30:34.535Z,4.1229,126.5428,10,4.3,185 km SE of Sarangani  Philippines
2022-05-09T15:24:22.651Z,2.5831,128.3699,216.32,4.3,102 km NNE of Tobelo  Indonesia
2022-05-10T08:28:40.291Z,2.9382,128.332,55.97,4.5,138 km NNE of Tobelo  Indonesia
2022-05-11T01:39:18.203Z,4.8371,123.1601,585.9,4.4,189 km SW of Palimbang  Philippines
2022-05-11T07:59:16.097Z,2.3638,126.7349,59.96,4.4,158 km WNW of Tobelo  Indonesia
2022-05-11T11:52:39.056Z,1.3033,124.5322,179.24,4.5,30 km W of Tomohon  Indonesia
2022-05-11T16:20:09.282Z,3.746,126.6456,20.53,5,225 km SE of Sarangani  Philippines
2022-05-11T19:12:56.271Z,5.4117,126.0284,138.12,4.6,62 km E of Sarangani  Philippines
2022-05-12T01:59:35.809Z,1.6973,127.3013,67.11,4.5,78 km W of Tobelo  Indonesia
2022-05-12T05:43:06.205Z,9.618,126.4223,35,4.3,37 km ESE of Union  Philippines
2022-05-12T05:54:42.733Z,9.6892,126.456,35,4.3,38 km E of Union  Philippines
2022-05-12T12:24:01.464Z,6.2513,127.5139,10,4.5,147 km SE of Lukatan  Philippines
2022-05-12T16:14:30.356Z,6.1763,126.9245,61.7,4.6,85 km ESE of Pondaguitan  Philippines
2022-05-13T16:32:25.006Z,3.5269,129.0457,10,4.4,229 km NNE of Tobelo  Indonesia
2022-05-15T00:03:27.751Z,6.305,126.5994,84.99,4.1,47 km E of Pondaguitan  Philippines
2022-05-16T14:25:39.365Z,1.6031,126.6491,37.31,4.4,Molucca Sea
2022-05-17T01:49:19.586Z,1.7626,126.7451,49.65,4.4,128 km NNW of Ternate  Indonesia
2022-05-17T11:30:17.159Z,9.0122,126.9638,10,4.3,73 km E of Aras-asan  Philippines
2022-05-17T11:53:32.876Z,8.6438,126.4855,60.39,4.2,27 km SE of Marihatag  Philippines
2022-05-19T08:03:42.591Z,5.2774,126.4258,64.36,4.1,107 km E of Sarangani  Philippines
2022-05-19T15:29:15.118Z,1.7136,126.4084,18.59,5.2,149 km NW of Ternate  Indonesia
2022-05-20T09:12:52.726Z,6.1848,127.1892,35,4.7,113 km E of Pondaguitan  Philippines
2022-05-20T12:31:06.120Z,4.3248,126.2774,87.18,4.6,149 km SE of Sarangani  Philippines
2022-05-20T22:35:05.441Z,5.546,126.1277,106.73,4.3,67 km SE of Caburan  Philippines
2022-05-22T20:50:14.049Z,6.7514,127.3984,10,4.5,107 km ESE of Manay  Philippines
2022-05-22T23:45:33.717Z,4.7432,125.9182,36.91,4.3,88 km SE of Sarangani  Philippines
2022-05-23T05:37:51.144Z,4.2742,127.1542,51.77,4.6,225 km ESE of Sarangani  Philippines
2022-05-23T05:41:15.297Z,4.2475,126.8613,35,4.2,200 km SE of Sarangani  Philippines
2022-05-23T16:45:39.686Z,1.7199,127.2709,63.78,4.5,82 km W of Tobelo  Indonesia
2022-05-23T23:11:45.574Z,3.7223,128.1473,149.94,4.7,221 km N of Tobelo  Indonesia
2022-05-24T02:58:18.229Z,4.9419,126.6682,76.62,4.3,142 km ESE of Sarangani  Philippines
2022-05-26T02:33:09.605Z,8.9484,126.5293,10.85,4.6,24 km ENE of Aras-asan  Philippines
2022-05-26T20:49:39.542Z,5.0135,127.3852,65.91,4.3,200 km SE of Pondaguitan  Philippines
2022-05-26T23:53:56.186Z,9.6479,125.8059,10,4.2,11 km NE of Claver  Philippines
2022-05-28T03:16:19.616Z,5.6002,126.6608,93.19,4.4,99 km SSE of Pondaguitan  Philippines
2022-05-29T07:46:04.794Z,7.8744,126.7734,62.94,4,31 km NE of Kinablangan  Philippines
2022-05-29T21:13:24.762Z,3.9028,126.7607,43.69,4.9,219 km SE of Sarangani  Philippines
2022-05-30T19:29:03.436Z,5.8166,126.3969,102.22,4.3,64 km SSE of Pondaguitan  Philippines
2022-05-31T03:05:02.615Z,6.2675,123.7369,560.79,4.3,39 km WSW of Sangay  Philippines
2022-06-01T18:19:54.621Z,7.1576,127.0311,47.38,4.5,52 km ESE of Santiago  Philippines
2022-06-02T03:06:38.869Z,6.0471,127.5479,10,5.2,155 km ESE of Pondaguitan  Philippines
2022-06-02T11:55:43.116Z,9.0617,126.229,68.57,4.6,3 km ESE of Tandag  Philippines
2022-06-02T18:54:31.063Z,9.0182,126.5097,38.76,5.5,26 km ENE of Bacolod  Philippines
2022-06-02T19:11:59.902Z,8.8959,126.4174,42.3,4.4,11 km E of Aras-asan  Philippines
2022-06-02T19:32:19.161Z,8.9088,126.4021,49.91,4.4,10 km ENE of Aras-asan  Philippines
2022-06-03T01:14:38.691Z,8.8789,126.3289,35,4.2,2 km ESE of Aras-asan  Philippines
2022-06-03T14:19:10.470Z,2.3778,127.6472,10,4.3,82 km NNW of Tobelo  Indonesia
2022-06-03T14:29:54.771Z,3.4503,126.677,60.06,4.3,241 km NW of Tobelo  Indonesia
2022-06-03T15:16:35.608Z,5.4793,127.5037,10,4.5,176 km ESE of Pondaguitan  Philippines
2022-06-03T15:57:03.638Z,5.6361,127.3916,10.362,4.5,156 km ESE of Pondaguitan  Philippines
2022-06-04T00:55:25.923Z,5.5645,126.7926,10,4.5,111 km SE of Pondaguitan  Philippines
2022-06-05T07:03:08.496Z,9.6518,125.7797,88.98,4.1,10 km NNE of Claver  Philippines
2022-06-05T10:27:13.807Z,9.3114,125.4455,10,4.5,8 km WSW of Jabonga  Philippines
2022-06-05T22:12:02.958Z,6.0336,126.0141,128.97,4.6,35 km E of Lamitan  Philippines
2022-06-06T09:59:07.471Z,6.389,126.2279,70.73,4.2,Mindanao  Philippines
2022-06-07T09:08:57.861Z,4.1927,126.7352,50.81,4.2,194 km SE of Sarangani  Philippines
2022-06-07T14:34:55.703Z,2.0596,124.466,262.62,4.4,76 km NNW of Manado  Indonesia
2022-06-07T20:37:25.713Z,6.6463,127.0252,48.51,5.1,77 km SE of Tarragona  Philippines
2022-06-10T17:07:46.358Z,4.0986,123.0625,546.52,4.3,249 km SSE of Tabiauan  Philippines
2022-06-11T07:22:30.897Z,5.7489,127.2544,10,4.3,137 km ESE of Pondaguitan  Philippines
2022-06-12T09:52:43.448Z,1.7943,127.0446,117.41,4.4,107 km W of Tobelo  Indonesia
2022-06-12T13:12:20.450Z,2.5639,127.2297,69.06,4.6,126 km NW of Tobelo  Indonesia
2022-06-14T18:14:18.623Z,5.1245,123.9627,498.67,4.1,117 km SSW of Maitum  Philippines
2022-06-14T20:34:41.278Z,5.8503,126.8336,78.92,4,91 km SE of Pondaguitan  Philippines
2022-06-15T12:35:56.669Z,2.8334,128.1761,170.05,4,123 km N of Tobelo  Indonesia
2022-06-19T21:43:21.111Z,4.1404,126.1519,114.06,4.2,159 km SSE of Sarangani  Philippines
2022-06-20T05:39:12.368Z,2.5709,128.278,162.57,4.6,97 km NNE of Tobelo  Indonesia
2022-06-20T17:26:47.241Z,5.1222,127.195,87.98,4.3,177 km SE of Pondaguitan  Philippines
2022-06-21T01:54:13.680Z,1.97,126.8761,42.2,4.6,128 km WNW of Tobelo  Indonesia
2022-06-21T21:27:36.643Z,6.0099,125.7361,130.1,4.2,5 km E of Mangili  Philippines
2022-06-22T15:03:02.448Z,2.4641,125.2613,248.09,4.1,112 km NNE of Laikit  Laikit II (Dimembe)  Indonesia
2022-06-23T14:59:38.123Z,3.4807,123.3356,464.23,4.1,277 km NW of Manado  Indonesia
2022-06-24T13:41:54.970Z,4.6305,125.898,166.76,4.5,Pulau-Pulau Sangihe  Indonesia
2022-06-24T21:18:15.978Z,8.9852,126.5782,58.39,4.7,31 km ENE of Aras-asan  Philippines
2022-06-25T20:22:58.110Z,6.0116,125.7,150.52,4.5,2 km ENE of Mangili  Philippines
2022-06-28T09:54:37.170Z,2.9358,128.4842,35,4.4,143 km NNE of Tobelo  Indonesia
2022-06-28T21:23:16.177Z,7.1932,123.5088,10,4.7,29 km SSE of Malim  Philippines
2022-06-30T08:57:44.429Z,1.3876,125.9681,91.49,4.5,111 km E of Laikit  Laikit II (Dimembe)  Indonesia
2022-06-30T09:21:37.043Z,6.3277,126.5323,10,4.5,39 km E of Pondaguitan  Philippines
2022-06-30T18:03:51.596Z,4.2346,127.7499,135.28,4.5,278 km N of Tobelo  Indonesia
2022-07-04T11:48:43.749Z,3.2175,127.7102,60.33,4.3,167 km NNW of Tobelo  Indonesia
2022-07-05T06:44:50.347Z,4.9714,127.2228,114.6,4.6,192 km SE of Pondaguitan  Philippines
2022-07-05T23:53:22.048Z,6.5725,125.2348,10,4.6,4 km S of Kiblawan  Philippines
2022-07-06T17:58:52.846Z,6.1743,126.4891,79.705,4.3,Mindanao  Philippines
2022-07-07T08:26:10.615Z,7.5793,122.7659,10,4.4,Mindanao  Philippines
2022-07-07T12:46:11.854Z,4.0458,126.4114,83.733,4.2,183 km SE of Sarangani  Philippines
2022-07-08T04:26:43.259Z,2.6778,122.8755,508.39,4.2,237 km N of Gorontalo  Indonesia
2022-07-08T14:33:47.510Z,9.817,125.9319,9.997,4.2,7 km SW of Del Carmen  Surigao del Norte  Philippines
2022-07-09T01:08:41.505Z,5.5852,126.585,62.182,4.9,96 km SSE of Pondaguitan  Philippines
2022-07-09T11:40:43.777Z,4.8641,127.5836,115.584,4,227 km SE of Pondaguitan  Philippines
2022-07-09T22:11:21.432Z,3.0361,127.0555,18.26,4.4,179 km NW of Tobelo  Indonesia
2022-07-10T16:02:39.939Z,2.5387,126.867,35,4.3,155 km NW of Tobelo  Indonesia
2022-07-10T21:11:42.526Z,6.4071,125.4981,165.25,4.4,8 km SW of Pangian  Philippines
2022-07-11T10:18:55.194Z,6.0131,125.8965,117.619,4.3,23 km ESE of Lamitan  Philippines
2022-07-11T16:39:48.623Z,1.4277,124.0941,253.41,4.2,79 km W of Tomohon  Indonesia
2022-07-12T02:50:55.318Z,5.0863,125.206,10,4.3,45 km SW of Sarangani  Philippines
2022-07-12T04:54:31.034Z,3.0813,127.1502,35,4.9,177 km NNW of Tobelo  Indonesia
2022-07-12T06:44:23.577Z,3.1621,127.1927,46.1,4.7,Pulau-Pulau Talaud  Indonesia
2022-07-12T17:23:25.068Z,1.6584,126.5086,35.924,4.6,136 km NW of Ternate  Indonesia
2022-07-12T20:41:24.596Z,3.0359,127.1272,58.139,4.5,174 km NW of Tobelo  Indonesia
2022-07-14T07:09:41.057Z,2.9876,126.9714,43.552,4.4,Molucca Sea
2022-07-14T12:08:19.444Z,3.1004,127.1621,35.565,5,178 km NNW of Tobelo  Indonesia
2022-07-14T12:36:43.291Z,3.0437,127.1552,46.798,4.5,173 km NNW of Tobelo  Indonesia
2022-07-14T13:12:57.624Z,2.9573,127.0417,60.99,4.4,173 km NW of Tobelo  Indonesia
2022-07-14T13:55:41.057Z,3.08,127.1646,36.017,4.7,176 km NNW of Tobelo  Indonesia
2022-07-17T04:04:14.303Z,8.6324,126.2252,10,4.7,9 km SSE of Salvacion  Philippines
2022-07-17T04:05:43.526Z,8.6448,126.4131,10,4.5,21 km SE of Marihatag  Philippines
2022-07-19T21:14:49.232Z,7.3032,127.0753,10,4.5,55 km E of Santiago  Philippines
2022-07-20T05:18:41.898Z,5.7596,126.8398,129.259,4.8,98 km SE of Pondaguitan  Philippines
2022-07-20T07:48:37.008Z,8.7379,124.8289,84.267,4.4,4 km ENE of Baliwagan  Philippines
2022-07-21T09:03:23.226Z,1.7043,127.2669,80.305,4.4,82 km W of Tobelo  Indonesia
2022-07-21T16:38:45.814Z,4.8884,126.4244,96.632,4.6,120 km ESE of Sarangani  Philippines
2022-07-21T19:31:32.356Z,2.7441,128.4402,239,4.4,122 km NNE of Tobelo  Indonesia
2022-07-22T15:14:25.971Z,1.602,124.8892,190.181,4.3,13 km NNE of Manado  Indonesia
2022-07-22T18:11:02.171Z,2.7865,128.3946,71.119,4.1,124 km NNE of Tobelo  Indonesia
2022-07-26T04:19:37.107Z,2.842,126.7378,53.099,4.6,Molucca Sea
2022-07-31T05:37:55.706Z,2.9507,128.1894,176.002,4,136 km N of Tobelo  Indonesia
2022-07-31T21:37:02.996Z,7.3025,127.2817,10,4.7,78 km E of Santiago  Philippines
2022-08-02T05:24:27.762Z,6.8333,123.7663,20,5.5,28 km W of Gadung  Philippines
2022-08-02T18:14:06.037Z,1.49,126.3121,48.818,4,142 km WNW of Ternate  Indonesia
2022-08-02T19:19:35.765Z,7.1923,126.8718,60.587,5.4,34 km ESE of Santiago  Philippines
2022-08-04T01:00:38.981Z,2.5629,128.1263,146.898,4.1,93 km N of Tobelo  Indonesia
2022-08-08T18:59:13.560Z,1.1786,125.3055,103.888,4.2,45 km ESE of Tondano  Indonesia
2022-08-08T21:56:16.920Z,6.3132,126.9441,94.019,4.4,84 km E of Pondaguitan  Philippines
2022-08-09T12:16:24.265Z,9.3419,126.0739,97.812,4.1,10 km E of Cantilan  Philippines
2022-08-10T03:31:24.866Z,4.8286,127.8347,10,4.4,Pulau-Pulau Talaud  Indonesia
2022-08-11T12:14:02.385Z,4.2473,126.4922,54.255,4.3,171 km SE of Sarangani  Philippines
2022-08-11T17:43:53.754Z,5.326,126.1383,143.865,4.4,75 km E of Sarangani  Philippines
2022-08-11T21:40:57.016Z,1.7728,126.408,44.39,4,153 km NW of Ternate  Indonesia
2022-08-11T23:43:41.062Z,4.8947,126.4003,116.689,4.3,118 km ESE of Sarangani  Philippines
2022-08-13T06:25:32.230Z,6.9062,123.792,19.913,5.8,Moro Gulf  Mindanao  Philippines
2022-08-14T02:47:46.891Z,1.7974,126.3859,30,5.7,157 km NW of Ternate  Indonesia
2022-08-14T03:17:55.261Z,1.9578,126.5123,47.448,4.5,161 km NW of Ternate  Indonesia
2022-08-14T13:04:36.750Z,4.3848,126.3899,66.457,4.7,152 km SE of Sarangani  Philippines
2022-08-14T16:44:12.997Z,1.6071,127.1354,128.295,4.2,94 km NNW of Ternate  Indonesia
2022-08-15T01:38:03.314Z,6.4748,126.8619,85.077,4.7,73 km SE of Bobon  Philippines
2022-08-15T04:34:48.816Z,2.4926,128.2388,153.973,4.6,88 km NNE of Tobelo  Indonesia
2022-08-15T08:23:06.941Z,6.616,125.0631,18.273,5.4,10 km E of Telafas  Philippines
2022-08-15T15:07:26.248Z,1.7941,126.3844,39.693,4.7,157 km NW of Ternate  Indonesia
2022-08-16T16:35:28.165Z,1.7313,126.2283,13.261,4.6,142 km E of Laikit  Laikit II (Dimembe)  Indonesia
2022-08-17T02:33:08.558Z,1.7625,126.4721,46.303,4.1,Molucca Sea
2022-08-17T09:35:15.352Z,9.6441,125.849,132.73,4.9,13 km W of Socorro  Philippines
2022-08-18T09:55:16.336Z,5.7888,127.1973,55.308,4.4,129 km ESE of Pondaguitan  Philippines
2022-08-18T18:20:39.573Z,4.2861,125.8045,102.101,4.5,Pulau-Pulau Sangihe  Indonesia
2022-08-19T22:05:24.350Z,4.695,125.8574,187.31,4.3,89 km SSE of Sarangani  Philippines
2022-08-21T07:33:59.150Z,3.1415,126.3533,60.893,4.7,238 km NE of Laikit  Laikit II (Dimembe)  Indonesia
2022-08-22T01:39:32.570Z,2.4615,127.9541,156.488,4.3,81 km N of Tobelo  Indonesia
2022-08-24T20:10:51.593Z,3.5265,127.0736,40.383,4.9,224 km NNW of Tobelo  Indonesia
2022-08-25T17:46:13.372Z,7.1315,126.7003,87.936,4.3,19 km ESE of Manay  Philippines
2022-08-25T23:13:56.510Z,5.1037,127.2002,8.991,5,179 km SE of Pondaguitan  Philippines
2022-08-26T16:03:39.773Z,8.5363,126.453,80.277,4.4,22 km NE of Hinatuan  Philippines
2022-08-26T17:29:07.150Z,8.5809,126.4956,48.159,4.5,28 km E of Gamut  Philippines
2022-08-26T19:37:49.732Z,6.1388,125.9022,153.278,4.4,22 km E of Lapuan  Philippines
2022-08-27T03:29:21.231Z,4.0767,126.7311,49.2,4.4,203 km SE of Sarangani  Philippines
2022-08-28T04:58:54.283Z,5.2774,125.3273,186.011,4.8,Mindanao  Philippines
2022-08-28T10:00:30.219Z,8.7302,126.9294,48.354,4.7,70 km E of Marihatag  Philippines
2022-08-28T16:58:48.768Z,6.6145,126.7021,174.971,4.4,49 km SE of Bobon  Philippines
2022-08-28T20:32:18.406Z,3.754,122.2341,597.945,4.4,244 km SE of Latung  Philippines
2022-08-29T00:15:03.402Z,1.3122,126.1663,41.632,4,116 km E of Bitung  Indonesia
2022-08-29T04:22:38.794Z,3.6432,127.2721,49.613,4.3,227 km NNW of Tobelo  Indonesia
2022-08-29T11:01:34.319Z,4.9498,127.5703,40.833,4.4,219 km SE of Pondaguitan  Philippines
2022-08-30T12:20:44.609Z,4.5958,127.7124,108.364,4.3,258 km SE of Pondaguitan  Philippines
2022-08-30T15:40:53.577Z,2.8638,124.9405,241.869,4.4,152 km N of Laikit  Laikit II (Dimembe)  Indonesia
2022-08-30T20:41:44.402Z,4.2703,126.8427,58.097,4.1,197 km SE of Sarangani  Philippines
2022-08-31T12:25:35.027Z,3.5888,125.6173,143.197,4.2,201 km S of Sarangani  Philippines
2022-09-04T23:02:32.604Z,5.2054,125.8789,135.422,4.1,50 km ESE of Sarangani  Philippines
2022-09-05T12:04:33.771Z,4.9103,125.9657,119.094,4.3,77 km SE of Sarangani  Philippines
2022-09-06T04:39:40.024Z,1.6953,125.9509,91.446,4.2,Molucca Sea
2022-09-06T05:24:30.027Z,6.7124,127.3789,10,4.3,108 km ESE of Manay  Philippines
2022-09-06T15:41:27.553Z,5.94,126.4978,9.69,4.4,Mindanao  Philippines
2022-09-07T07:35:57.368Z,1.7848,127.4448,122.271,4.5,63 km W of Tobelo  Indonesia
2022-09-09T17:20:17.763Z,2.0788,126.5726,36.724,5.2,164 km WNW of Tobelo  Indonesia
2022-09-09T17:25:02.142Z,1.9809,126.5514,56.678,4.6,160 km NW of Ternate  Indonesia
2022-09-10T19:51:00.453Z,3.4489,127.1224,37.796,4.1,214 km NNW of Tobelo  Indonesia
2022-09-12T08:14:39.695Z,6.1524,127.6087,10,5.7,160 km E of Pondaguitan  Philippines
2022-09-12T10:19:42.370Z,4.0375,127.816,128.031,4.5,256 km N of Tobelo  Indonesia
2022-09-14T06:48:44.363Z,4.0975,126.5121,35,4.5,185 km SE of Sarangani  Philippines
2022-09-14T08:55:00.915Z,5.8983,127.0242,51.644,4.5,Philippine Islands region
2022-09-15T16:51:35.650Z,8.4999,126.0055,11.051,4.4,1 km SW of Alegria  Philippines
2022-09-16T11:45:35.212Z,3.1481,126.052,101.318,4.6,219 km NNE of Laikit  Laikit II (Dimembe)  Indonesia
2022-09-17T20:39:35.714Z,5.4699,125.3336,10,4.4,11 km S of Balangonan  Philippines
2022-09-19T05:24:33.211Z,8.3595,126.5143,84.408,4.5,19 km E of Hinatuan  Philippines
2022-09-19T13:06:59.321Z,5.9725,125.8383,154.564,4.5,17 km ESE of Mangili  Philippines
2022-09-19T23:34:33.850Z,2.3732,126.9378,53.116,4.5,Molucca Sea
2022-09-21T15:29:43.260Z,2.3171,126.7238,42.891,4.3,157 km WNW of Tobelo  Indonesia
2022-09-21T17:37:14.924Z,6.3828,126.2195,57.88,4.4,5 km ENE of Pondaguitan  Philippines
2022-09-24T21:11:42.254Z,3.9812,125.8702,155.494,4.5,163 km SSE of Sarangani  Philippines
2022-09-25T02:54:40.794Z,6.0352,125.8823,168.642,4.2,20 km ESE of Lamitan  Philippines
2022-09-25T11:16:31.404Z,4.3182,126.072,133.398,5.1,137 km SSE of Sarangani  Philippines
2022-09-26T02:53:32.922Z,4.9554,126.3799,10,4.4,113 km ESE of Sarangani  Philippines
2022-09-26T03:33:32.958Z,1.8876,122.6124,465.079,4.4,157 km NNW of Gorontalo  Indonesia
2022-09-26T13:31:34.314Z,1.9363,125.8944,53.164,4,113 km ENE of Laikit  Laikit II (Dimembe)  Indonesia
2022-09-28T01:12:24.631Z,9.3796,126.6106,35,5.2,47 km ENE of Cortes  Philippines
2022-09-28T02:06:56.173Z,9.1904,126.3853,19.223,4.6,23 km E of Tigao  Philippines
2022-09-28T02:28:00.426Z,9.2975,126.3829,42.797,4.5,21 km E of Cortes  Philippines
2022-09-28T02:39:28.305Z,9.2069,126.208,53.001,4.7,3 km E of Tigao  Philippines
2022-09-28T03:43:28.470Z,3.2277,126.8959,35,4.5,206 km NW of Tobelo  Indonesia
2022-09-28T04:20:57.791Z,2.9893,126.1825,55.746,4.6,213 km NE of Laikit  Laikit II (Dimembe)  Indonesia
2022-09-28T06:22:07.651Z,9.2941,126.5739,36.603,4.4,42 km E of Cortes  Philippines
2022-09-28T08:49:48.958Z,9.2958,126.5971,35.559,4.4,44 km E of Cortes  Philippines
2022-09-28T11:41:39.151Z,2.7319,128.1508,73.152,4.6,112 km N of Tobelo  Indonesia
2022-09-29T15:14:40.370Z,2.7648,128.4528,221.295,4.5,124 km NNE of Tobelo  Indonesia
2022-09-30T01:09:29.178Z,9.4558,126.6941,35,4.5,58 km ENE of Cortes  Philippines
2022-09-30T02:59:02.737Z,9.4606,126.6624,35,4.8,55 km ENE of Cortes  Philippines
2022-09-30T05:03:22.555Z,9.4362,126.5212,42.057,4.3,40 km ENE of Cortes  Philippines
2022-09-30T14:31:11.020Z,9.423,126.4861,35,4.3,36 km ENE of Cortes  Philippines
2022-10-02T10:57:58.395Z,2.5551,127.8251,71.114,4.3,Molucca Sea
2022-10-02T16:01:07.575Z,9.5529,127.0685,10,4.4,100 km ENE of Cortes  Philippines
2022-10-02T18:17:54.006Z,9.911,125.8786,96.02,4.4,11 km WNW of Del Carmen  Surigao del Norte  Philippines
2022-10-02T20:11:23.131Z,9.228,126.4498,74.94,4.4,28 km ESE of Cortes  Philippines
2022-10-02T21:03:01.038Z,4.6515,126.0376,69.936,4.9,104 km SE of Sarangani  Philippines
2022-10-03T08:07:53.400Z,9.8876,126.0229,59.67,5.1,4 km E of Libas  Philippines
2022-10-03T08:32:55.353Z,4.5146,123.9825,452.974,4,177 km SSW of Tambilil  Philippines
2022-10-03T13:26:29.006Z,4.3179,125.8257,88.272,4.5,126 km SSE of Sarangani  Philippines
2022-10-03T17:13:53.068Z,3.9487,125.7226,150.42,4.4,163 km S of Sarangani  Philippines
2022-10-07T13:06:25.460Z,3.5144,125.9949,84.903,4.7,217 km SSE of Sarangani  Philippines
2022-10-07T15:15:39.519Z,6.2892,126.0406,150.093,4.4,16 km SW of Surup  Philippines
2022-10-09T09:55:51.177Z,3.7831,127.0223,44.743,4.9,Pulau-Pulau Talaud  Indonesia
2022-10-10T23:03:34.917Z,3.6195,126.917,45.905,4.5,241 km NNW of Tobelo  Indonesia
2022-10-11T05:31:50.018Z,6.0772,126.2783,154.125,4.3,33 km SSE of Pondaguitan  Philippines
2022-10-11T07:14:49.091Z,1.9165,126.4408,39.192,4.1,Molucca Sea
2022-10-11T14:31:47.101Z,6.2982,127.1808,35,4.4,111 km E of Pondaguitan  Philippines
2022-10-12T11:25:22.225Z,6.0134,126.171,66.769,4.1,38 km S of Pondaguitan  Philippines
2022-10-13T18:16:56.763Z,5.4352,126.4183,40.243,4.6,101 km ESE of Caburan  Philippines
2022-10-13T19:41:25.119Z,7.6266,126.8671,53.555,4.4,34 km E of Baganga  Philippines
2022-10-13T20:56:26.748Z,3.4975,125.983,77.377,4.4,218 km SSE of Sarangani  Philippines
2022-10-14T13:23:50.128Z,8.0474,124.6737,10,4.2,Mindanao  Philippines
2022-10-14T17:53:46.419Z,6.3534,126.2005,94.788,4.6,2 km ESE of Pondaguitan  Philippines
2022-10-15T01:10:30.212Z,7.242,127.6586,10,4.5,119 km E of Santiago  Philippines
2022-10-15T08:24:06.640Z,5.1459,127.4719,152.79,4.4,196 km SE of Pondaguitan  Philippines
2022-10-15T15:14:26.019Z,8.855,126.8371,35,5,57 km E of Aras-asan  Philippines
2022-10-16T03:27:13.492Z,2.8228,128.1359,149.834,4.4,121 km N of Tobelo  Indonesia
2022-10-16T05:05:35.247Z,2.582,128.2283,243.98,3.7,97 km NNE of Tobelo  Indonesia
2022-10-16T07:55:08.880Z,2.1576,127.4388,110.948,4.1,79 km NW of Tobelo  Indonesia
2022-10-16T13:13:32.655Z,6.5205,127.0703,11.012,4.3,89 km SE of Lukatan  Philippines
2022-10-17T15:36:03.184Z,6.7576,126.1418,219.855,4.5,6 km NE of Talisay  Philippines
2022-10-17T16:29:24.771Z,3.0931,127.8285,59.494,4.3,152 km N of Tobelo  Indonesia
2022-10-18T04:23:09.184Z,8.8115,126.302,92.983,4.5,0 km NE of Marihatag  Philippines
2022-10-18T17:14:00.705Z,3.2116,128.0122,71.968,4.6,164 km N of Tobelo  Indonesia
2022-10-18T21:19:42.213Z,5.1082,124.7121,384.244,4,Mindanao  Philippines
2022-10-19T01:43:58.694Z,3.891,126.3138,72.829,4,192 km SSE of Sarangani  Philippines
2022-10-19T08:05:40.546Z,6.7327,125.1351,34,5.5,6 km SW of Magsaysay  Philippines
2022-10-19T18:48:09.148Z,9.8729,125.5939,112.62,4.5,6 km NNW of Talisay  Philippines
2022-10-20T07:15:19.207Z,4.978,126.4278,77.164,4.5,Pulau-Pulau Talaud  Indonesia
2022-10-20T11:30:19.375Z,2.2054,126.9293,61.549,4.1,131 km WNW of Tobelo  Indonesia
2022-10-21T06:48:08.437Z,9.8698,125.8616,95.454,4.2,11 km W of Del Carmen  Surigao del Norte  Philippines
2022-10-21T18:23:44.486Z,2.5112,127.8156,86.534,4.6,Molucca Sea
2022-10-24T01:18:32.707Z,4.8039,124.1536,9.717,4.6,140 km SSW of Tambilil  Philippines
2022-10-24T02:06:42.416Z,7.0424,125.4231,252.131,5.3,Mindanao  Philippines
2022-10-24T15:19:18.359Z,5.7504,125.5479,9.158,4.4,Mindanao  Philippines
2022-10-25T13:20:43.521Z,8.1873,126.5518,78.118,5.1,13 km ENE of Barcelona  Philippines
2022-10-25T22:24:14.129Z,1.5655,126.0339,9.698,4.4,101 km E of Bitung  Indonesia
2022-10-25T23:54:19.737Z,2.7339,128.3889,213.146,4.5,Halmahera  Indonesia
2022-10-28T03:27:33.686Z,2.2031,124.7403,205.935,4.5,80 km N of Manado  Indonesia
2022-10-29T16:48:23.100Z,1.3636,126.256,40.741,4.6,140 km WNW of Ternate  Indonesia
2022-10-31T02:05:59.485Z,5.289,127.348,150.398,4,175 km SE of Pondaguitan  Philippines
2022-10-31T14:48:58.751Z,2.1068,125.7528,9.217,4.3,110 km NE of Laikit  Laikit II (Dimembe)  Indonesia
2022-10-31T23:43:26.755Z,5.4618,126.631,67.437,4.2,Mindanao  Philippines
2022-11-01T12:56:31.623Z,1.6404,126.9788,121.777,4.9,104 km NNW of Ternate  Indonesia
2022-11-03T06:37:18.664Z,6.1754,126.3216,117.051,4.1,25 km SE of Pondaguitan  Philippines
2022-11-03T12:49:31.052Z,7.5542,126.6895,10,4.6,14 km E of Baganga  Philippines
2022-11-03T19:21:59.639Z,8.4976,126.6586,68.076,4.5,38 km ENE of Hinatuan  Philippines
2022-11-03T19:33:41.760Z,8.4735,126.6093,79.261,4.3,32 km ENE of Hinatuan  Philippines
2022-11-04T02:57:42.697Z,2.6519,128.4641,231.713,4.4,113 km NNE of Tobelo  Indonesia
2022-11-04T02:58:38.922Z,1.9835,127.1244,72.203,4.9,102 km WNW of Tobelo  Indonesia
2022-11-04T10:57:00.536Z,5.9335,126.6934,87.874,4.2,74 km SE of Pondaguitan  Philippines
2022-11-04T16:58:29.586Z,3.0532,128.5682,221.88,4.6,159 km NNE of Tobelo  Indonesia
2022-11-05T01:38:42.538Z,7.5174,126.3986,155.931,4.3,Mindanao  Philippines
2022-11-05T07:42:10.539Z,4.1071,126.2033,88.998,5,165 km SSE of Sarangani  Philippines
2022-11-05T10:39:27.564Z,7.4676,126.5814,99.781,4.1,1 km N of Baculin  Philippines
2022-11-05T15:35:07.648Z,3.6718,126.8508,28.805,5.1,245 km SE of Sarangani  Philippines
2022-11-06T00:03:12.098Z,2.5867,124.6644,231,5.6,124 km N of Manado  Indonesia
2022-11-06T08:14:14.054Z,5.089,127.3038,85.794,4.1,Philippine Islands region
2022-11-07T05:19:00.817Z,2.1754,126.9558,82.2,4.3,127 km WNW of Tobelo  Indonesia
2022-11-08T20:40:48.074Z,6.6626,124.9519,11.104,4.6,4 km SSE of Columbio  Philippines
2022-11-09T12:52:26.015Z,1.6498,127.0805,68.203,4.3,100 km NNW of Ternate  Indonesia
2022-11-11T20:52:38.630Z,1.734,127.1792,127.335,4.3,92 km W of Tobelo  Indonesia
2022-11-13T13:45:30.133Z,2.4941,124.0156,356.527,4.2,145 km NW of Manado  Indonesia
2022-11-15T07:50:49.299Z,2.1149,127.207,108.077,4.4,98 km WNW of Tobelo  Indonesia
2022-11-15T09:47:28.022Z,5.6909,126.1015,106.739,4.4,Mindanao  Philippines
2022-11-15T20:52:00.531Z,6.2134,126.5769,111.436,4.4,47 km ESE of Pondaguitan  Philippines
2022-11-17T08:00:23.484Z,1.5761,126.1807,53.192,4.4,134 km E of Laikit  Laikit II (Dimembe)  Indonesia
2022-11-19T21:36:00.233Z,7.7992,127.7359,10,4.3,131 km E of Kinablangan  Philippines
2022-11-22T05:13:02.263Z,4.984,127.4734,128.003,4.7,209 km SE of Pondaguitan  Philippines
2022-11-22T06:09:31.741Z,2.9625,128.558,223.434,4.2,149 km NNE of Tobelo  Indonesia
2022-11-22T15:52:42.686Z,6.2975,126.7664,186.231,4.3,65 km E of Pondaguitan  Philippines
2022-11-23T04:04:52.265Z,5.942,126.1256,93.598,4.8,46 km S of Pondaguitan  Philippines
2022-11-26T02:25:29.877Z,2.0284,126.8709,56.259,4,Molucca Sea
2022-11-26T20:24:35.896Z,9.0652,126.1559,76.401,4.7,4 km WSW of Tandag  Philippines
2022-11-27T04:43:26.582Z,9.3616,126.378,56.023,5,22 km ENE of Cortes  Philippines
2022-11-27T11:30:33.416Z,9.3036,126.8465,10,4.2,72 km E of Cortes  Philippines
2022-11-27T16:23:48.031Z,2.6479,128.0317,163.978,4.4,Halmahera  Indonesia
2022-11-28T23:37:20.668Z,4.3658,125.7632,120.689,4.2,Pulau-Pulau Sangihe  Indonesia
2022-11-29T21:42:09.444Z,4.0359,126.6842,35,4.6,202 km SE of Sarangani  Philippines
2022-11-30T14:59:30.093Z,6.8295,123.7387,590.277,4.2,Moro Gulf  Mindanao  Philippines
2022-11-30T15:39:42.995Z,8.5008,126.8305,10,4.4,56 km ENE of Hinatuan  Philippines
2022-11-30T16:23:16.341Z,8.8228,126.8539,10,4.8,60 km E of Aras-asan  Philippines
2022-11-30T19:40:53.923Z,3.142,128.1618,72.751,4.2,157 km N of Tobelo  Indonesia
2022-11-30T22:30:36.483Z,5.5812,127.1411,150.253,4.6,137 km SE of Pondaguitan  Philippines
2022-11-30T23:46:10.322Z,8.3878,126.686,45.248,4.2,37 km NE of Barcelona  Philippines
2022-12-01T03:53:54.543Z,3.5457,126.9551,87.592,4.5,232 km NNW of Tobelo  Indonesia
2022-12-02T07:09:25.592Z,5.9112,126.3556,97.162,4,53 km SSE of Pondaguitan  Philippines
2022-12-03T01:02:24.875Z,4.9865,127.5379,10,4.4,214 km SE of Pondaguitan  Philippines
2022-12-04T17:51:24.944Z,9.7983,125.4571,35,4.3,Mindanao  Philippines
2022-12-05T23:39:41.363Z,7.7439,124.6387,8.56,4.6,7 km NNW of Wao  Philippines
2022-12-05T23:55:00.263Z,7.7362,124.7364,10.718,4.8,Mindanao  Philippines
2022-12-08T05:12:23.217Z,9.9762,125.6066,10,4.4,2 km NNE of Dinagat  Philippines
2022-12-08T07:35:10.689Z,2.3551,126.1074,83.224,4.1,158 km NE of Laikit  Laikit II (Dimembe)  Indonesia
2022-12-09T05:06:41.754Z,6.4798,123.9805,9.925,4.5,8 km WNW of Sangay  Philippines
2022-12-09T13:51:27.875Z,4.0615,128.712,10,4.5,269 km NNE of Tobelo  Indonesia
2022-12-09T20:01:56.492Z,6.4472,126.1762,72.166,5.6,6 km ESE of Nangan  Philippines
2022-12-10T05:45:18.306Z,7.9492,125.0222,10,4.4,5 km S of Lantapan  Philippines
2022-12-11T02:54:58.810Z,7.6701,127.0236,10,4.3,52 km ENE of Baganga  Philippines
2022-12-14T20:42:58.082Z,4.0868,126.7133,55.036,4.5,201 km SE of Sarangani  Philippines
2022-12-15T03:31:09.951Z,2.8569,127.4994,85.796,4.8,137 km NNW of Tobelo  Indonesia
2022-12-18T05:52:24.806Z,6.4662,127.6145,10.087,4.3,143 km ESE of San Ignacio  Philippines
2022-12-18T08:13:39.836Z,9.345,126.2296,10,4.6,8 km NNE of Cortes  Philippines
2022-12-18T14:39:20.066Z,4.9468,124.8947,10.619,4.3,Celebes Sea
2022-12-19T21:44:25.055Z,7.7019,124.6944,10.015,4.9,3 km NE of Wao  Philippines
2022-12-23T01:39:20.531Z,4.2759,125.6808,90.312,4.4,126 km S of Sarangani  Philippines
2022-12-29T13:13:36.794Z,6.2316,126.1831,140.887,5.2,14 km S of Pondaguitan  Philippines
2022-12-29T15:57:04.230Z,6.2459,126.3208,126.906,4.6,20 km SE of Pondaguitan  Philippines
2022-12-29T16:52:35.854Z,2.0797,127.1383,104.677,4.9,104 km WNW of Tobelo  Indonesia
2022-12-31T15:45:51.231Z,4.9172,125.1619,277.283,4.3,63 km SSW of Sarangani  Philippines
2022-12-31T19:55:16.113Z,2.1748,126.7058,45.928,4.4,153 km WNW of Tobelo  Indonesia
2023-01-01T01:41:43.755Z,7.1397,126.738,79.194,4.5,23 km ESE of Manay  Philippines
2023-01-02T03:27:29.148Z,9.3909,126.0204,10.004,4.4,7 km NE of Cantilan  Philippines
2023-01-02T21:05:36.655Z,3.5828,127.107,41.675,4.5,228 km NNW of Tobelo  Indonesia
2023-01-02T22:09:38.208Z,8.4519,126.9002,35,4.9,60 km ENE of Barcelona  Philippines
2023-01-03T01:07:25.496Z,3.6361,124.5139,250.613,4.4,222 km SSW of Sarangani  Philippines
2023-01-03T01:59:11.788Z,8.4265,126.6748,60.755,4.5,37 km E of Hinatuan  Philippines
2023-01-03T17:29:54.551Z,4.2505,126.7251,39.737,4.2,189 km SE of Sarangani  Philippines
2023-01-04T16:36:22.152Z,3.5691,126.7719,49.297,4.3,245 km NW of Tobelo  Indonesia
2023-01-04T16:38:06.417Z,3.4965,126.6943,50.551,4.2,244 km NW of Tobelo  Indonesia
2023-01-04T17:03:38.964Z,3.6115,126.9024,41.721,4.4,241 km NNW of Tobelo  Indonesia
2023-01-05T01:35:26.061Z,2.0929,127.8829,10,4.2,42 km NNW of Tobelo  Indonesia
2023-01-07T05:21:56.238Z,4.1528,122.796,581.105,4.5,230 km SSE of Tabiauan  Philippines
2023-01-07T06:46:52.339Z,1.5312,126.4499,10,4.2,132 km NW of Ternate  Indonesia
2023-01-07T23:00:33.839Z,7.5478,126.4686,143.364,4.9,Davao Oriental  Philippines
2023-01-10T11:26:45.845Z,3.6141,122.7771,539.655,4,284 km SSE of Tabiauan  Philippines
2023-01-11T07:49:17.106Z,6.0665,126.0555,124.073,4.4,35 km SSW of Pondaguitan  Philippines
2023-01-12T21:48:17.382Z,2.1524,125.9305,9.057,4.7,Pulau-Pulau Sangihe  Indonesia
2023-01-13T03:47:17.677Z,5.0389,127.3963,109.357,4.4,198 km SE of Pondaguitan  Philippines
2023-01-14T19:34:07.631Z,3.53,122.8718,543.489,4.2,296 km SSE of Tabiauan  Philippines
2023-01-14T22:15:01.301Z,1.5787,126.7041,53.996,4.1,115 km NW of Ternate  Indonesia
2023-01-15T07:32:17.509Z,1.6709,126.5954,72.437,4.5,131 km NW of Ternate  Indonesia
2023-01-16T03:39:29.286Z,3.19,126.9637,35,4.3,199 km NW of Tobelo  Indonesia
2023-01-17T22:05:11.469Z,6.2672,126.0482,138.405,4.5,17 km SW of Surup  Philippines
2023-01-18T06:06:11.454Z,2.7306,127.0221,29.708,7,156 km NW of Tobelo  Indonesia
2023-01-18T06:19:13.687Z,2.8239,127.0179,35,5.1,163 km NW of Tobelo  Indonesia
2023-01-18T06:21:53.434Z,2.5854,126.9129,55.297,4.4,Molucca Sea
2023-01-18T06:28:04.620Z,2.7322,126.9106,47.607,4.5,165 km NW of Tobelo  Indonesia
2023-01-18T06:52:05.328Z,2.7108,126.9027,50.398,4.6,164 km NW of Tobelo  Indonesia
2023-01-18T07:00:33.965Z,2.6154,127.0118,35,4.8,148 km NW of Tobelo  Indonesia
2023-01-18T07:20:21.826Z,2.8174,127.1375,47.416,4.6,Molucca Sea
2023-01-18T08:01:26.536Z,2.6982,127.1349,50.394,5.5,144 km NW of Tobelo  Indonesia
2023-01-18T08:15:01.128Z,2.7897,127.1201,35,4.4,153 km NW of Tobelo  Indonesia
2023-01-18T09:09:22.284Z,2.8107,127.0827,59.196,4.4,157 km NW of Tobelo  Indonesia
2023-01-18T09:39:07.466Z,2.7363,127.079,67.668,4.6,152 km NW of Tobelo  Indonesia
2023-01-18T10:26:00.091Z,2.716,126.9909,35,4.4,157 km NW of Tobelo  Indonesia
2023-01-18T10:47:35.584Z,2.674,126.9412,58.361,4.2,158 km NW of Tobelo  Indonesia
2023-01-18T12:10:54.980Z,2.599,126.8006,35,4.4,165 km NW of Tobelo  Indonesia
2023-01-18T13:35:11.931Z,2.6628,127.02,47.541,4.3,150 km NW of Tobelo  Indonesia
2023-01-18T13:39:43.330Z,2.7378,126.9009,30.531,4.8,166 km NW of Tobelo  Indonesia
2023-01-18T13:40:51.959Z,2.6702,127.1304,53.707,4.3,142 km NW of Tobelo  Indonesia
2023-01-18T13:55:28.974Z,2.7211,127.1358,48.764,4.5,146 km NW of Tobelo  Indonesia
2023-01-18T14:03:09.338Z,2.7955,126.9949,44.406,4.2,163 km NW of Tobelo  Indonesia
2023-01-18T14:04:13.017Z,2.7838,127.1272,63.333,4.2,152 km NW of Tobelo  Indonesia
2023-01-18T14:21:39.970Z,2.7711,127.0537,56.605,4.6,156 km NW of Tobelo  Indonesia
2023-01-18T15:03:33.226Z,2.8561,127.2252,54.864,4.5,152 km NW of Tobelo  Indonesia
2023-01-18T15:14:01.799Z,2.7226,126.9833,46.534,4.6,158 km NW of Tobelo  Indonesia
2023-01-18T15:33:07.277Z,2.6208,127.0252,58.388,4.1,147 km NW of Tobelo  Indonesia
2023-01-18T15:43:31.175Z,2.9276,127.0925,35,4.9,167 km NW of Tobelo  Indonesia
2023-01-18T16:06:40.710Z,2.6606,126.9997,49.952,4.9,Molucca Sea
2023-01-18T16:15:57.984Z,2.695,127.0915,54.949,4.3,147 km NW of Tobelo  Indonesia
2023-01-18T18:15:36.473Z,2.6911,126.8984,46.469,4.6,163 km NW of Tobelo  Indonesia
2023-01-18T18:55:38.702Z,2.6451,126.9312,60.838,4.5,157 km NW of Tobelo  Indonesia
2023-01-18T19:55:00.899Z,2.6921,126.8287,51.121,4.8,169 km NW of Tobelo  Indonesia
2023-01-18T20:57:50.626Z,2.7438,126.9974,46.353,4.6,159 km NW of Tobelo  Indonesia
2023-01-18T23:10:22.187Z,2.6671,126.8865,42.856,4.3,162 km NW of Tobelo  Indonesia
2023-01-19T00:52:14.765Z,2.8378,127.0081,35,4.4,165 km NW of Tobelo  Indonesia
2023-01-19T00:55:56.964Z,2.6461,126.7978,35,4.2,168 km NW of Tobelo  Indonesia
2023-01-19T01:36:23.195Z,2.801,127.2439,35,4.4,146 km NW of Tobelo  Indonesia
2023-01-19T02:24:56.968Z,2.9459,127.2927,35,4.2,156 km NNW of Tobelo  Indonesia
2023-01-19T04:54:29.603Z,2.7042,127.0452,35,4.5,152 km NW of Tobelo  Indonesia
2023-01-19T07:38:34.635Z,2.7637,127.012,51.964,4.5,159 km NW of Tobelo  Indonesia
2023-01-19T07:58:27.249Z,2.8043,127.0002,44.984,4.4,163 km NW of Tobelo  Indonesia
2023-01-19T09:14:29.186Z,6.0457,125.68,127.84,4.7,4 km N of Mangili  Philippines
2023-01-19T11:04:45.912Z,2.656,127.0019,55.119,4.5,151 km NW of Tobelo  Indonesia
2023-01-19T11:54:29.352Z,2.8996,126.6652,23.649,4.5,197 km NW of Tobelo  Indonesia
2023-01-19T12:29:49.742Z,2.7749,126.987,41.554,4.7,Molucca Sea
2023-01-19T13:00:21.304Z,2.9462,127.0475,52.185,4.8,171 km NW of Tobelo  Indonesia
2023-01-19T14:28:52.309Z,4.3296,126.8131,46.66,4.4,191 km SE of Sarangani  Philippines
2023-01-19T15:03:36.418Z,2.7909,127.0919,52.848,4.5,Molucca Sea
2023-01-19T15:20:13.295Z,2.5129,126.5695,56.608,4.1,Molucca Sea
2023-01-19T17:08:54.733Z,2.6248,127.1475,58.127,4.2,Molucca Sea
2023-01-19T17:51:31.397Z,2.7314,126.8195,46.251,4.7,172 km NW of Tobelo  Indonesia
2023-01-19T18:51:37.067Z,2.6425,126.8328,54.043,4.5,165 km NW of Tobelo  Indonesia
2023-01-19T20:18:17.163Z,2.7685,127.1185,39.868,4.3,151 km NW of Tobelo  Indonesia
2023-01-19T20:35:20.072Z,2.7314,127.0244,51.227,4.7,155 km NW of Tobelo  Indonesia
2023-01-19T21:45:09.824Z,6.8183,123.6367,601.163,4.2,Moro Gulf  Mindanao  Philippines
2023-01-19T21:49:06.734Z,2.7117,126.9991,58.29,4.3,156 km NW of Tobelo  Indonesia
2023-01-20T01:25:04.964Z,2.6943,126.9659,35,4.3,157 km NW of Tobelo  Indonesia
2023-01-20T08:45:47.460Z,4.2931,126.7468,40.37,4.4,187 km SE of Sarangani  Philippines
2023-01-20T08:58:08.992Z,3.5848,128.5719,11.49,4.9,214 km NNE of Tobelo  Indonesia
2023-01-20T10:40:14.498Z,3.0079,127.0761,53.381,4.7,175 km NW of Tobelo  Indonesia
2023-01-20T12:29:40.141Z,2.8439,127.0225,41.473,4.3,Molucca Sea
2023-01-20T14:29:46.068Z,2.9926,126.9301,35.061,4,Molucca Sea
2023-01-20T17:49:34.758Z,2.745,126.9444,24.625,5,163 km NW of Tobelo  Indonesia
2023-01-20T19:04:11.226Z,2.176,127.3055,109.974,4.3,92 km WNW of Tobelo  Indonesia
2023-01-20T19:33:59.222Z,2.8487,126.9995,51.607,4,167 km NW of Tobelo  Indonesia
2023-01-20T19:57:43.576Z,2.6372,126.7544,40.771,4.2,Molucca Sea
2023-01-21T01:14:37.658Z,2.3923,126.7277,49.806,4.5,160 km WNW of Tobelo  Indonesia
2023-01-21T03:58:09.650Z,2.7552,127.054,44.905,5.1,155 km NW of Tobelo  Indonesia
2023-01-21T05:26:09.631Z,2.7721,126.9975,55.782,4.3,Molucca Sea
2023-01-21T06:17:08.477Z,2.7842,127.0146,52.582,4.7,160 km NW of Tobelo  Indonesia
2023-01-21T09:24:40.484Z,2.7651,127.0662,42.036,4.5,155 km NW of Tobelo  Indonesia
2023-01-21T11:49:57.998Z,2.6374,126.909,53.379,4.1,158 km NW of Tobelo  Indonesia
2023-01-21T11:57:18.083Z,9.486,126.1542,57.113,4.4,23 km N of Cortes  Philippines
2023-01-21T14:59:14.070Z,5.9755,125.7624,78.819,4.6,9 km ESE of Mangili  Philippines
2023-01-21T15:02:26.712Z,3.0934,126.8245,49.602,4.4,200 km NW of Tobelo  Indonesia
2023-01-21T17:24:06.444Z,2.657,126.6547,35,4.5,182 km NW of Tobelo  Indonesia
2023-01-21T17:43:40.707Z,2.7118,126.8934,47.837,4.3,165 km NW of Tobelo  Indonesia
2023-01-21T20:06:50.880Z,2.7214,126.9929,28.931,5.1,157 km NW of Tobelo  Indonesia
2023-01-21T22:49:17.849Z,2.4201,126.1014,35,4.3,162 km NE of Laikit  Laikit II (Dimembe)  Indonesia
2023-01-21T23:07:11.666Z,6.4722,124.9072,10,4.2,Mindanao  Philippines
2023-01-21T23:21:44.750Z,6.91,126.7181,140.577,4.4,Mindanao  Philippines
2023-01-22T01:19:00.817Z,3.9273,128.248,10,4.4,244 km N of Tobelo  Indonesia
2023-01-22T02:29:04.165Z,2.7978,126.9838,40.742,4.5,164 km NW of Tobelo  Indonesia
2023-01-22T04:43:47.365Z,2.7671,127.2314,50.498,4,143 km NW of Tobelo  Indonesia
2023-01-22T06:42:05.844Z,2.7381,126.9916,45.562,4.6,159 km NW of Tobelo  Indonesia
2023-01-22T13:10:24.842Z,2.7308,126.7271,53.443,4.3,180 km NW of Tobelo  Indonesia
2023-01-22T17:57:43.070Z,2.729,127.0199,37.868,4.7,156 km NW of Tobelo  Indonesia
2023-01-22T18:21:01.698Z,2.8623,127.0919,30.351,4.5,161 km NW of Tobelo  Indonesia
2023-01-22T22:49:23.327Z,6.6786,126.78,122.541,4.7,Mindanao  Philippines
2023-01-22T22:50:51.538Z,2.6826,127.0214,35,4.5,Molucca Sea
2023-01-23T02:42:58.194Z,2.777,127.1631,51.722,4.6,149 km NW of Tobelo  Indonesia
2023-01-23T03:43:21.807Z,3.0671,127.4254,35,4.4,161 km NNW of Tobelo  Indonesia
2023-01-23T13:36:06.965Z,2.698,126.9894,52.426,4.2,156 km NW of Tobelo  Indonesia
2023-01-23T14:01:53.556Z,3.0151,127.0689,35,4.7,Pulau-Pulau Talaud  Indonesia
2023-01-23T14:09:00.252Z,2.9525,127.0088,58.17,4.5,175 km NW of Tobelo  Indonesia
2023-01-23T14:40:03.394Z,3.1265,127.3272,55.506,4.1,172 km NNW of Tobelo  Indonesia
2023-01-23T15:15:07.238Z,3.0014,126.9769,47.982,4.2,181 km NW of Tobelo  Indonesia
2023-01-23T15:38:35.809Z,2.7568,127.0395,42.887,4.6,156 km NW of Tobelo  Indonesia
2023-01-23T17:06:48.456Z,2.7944,126.899,30.491,5,170 km NW of Tobelo  Indonesia
2023-01-23T18:17:34.706Z,2.8202,127.0015,9.735,5.5,164 km NW of Tobelo  Indonesia
2023-01-23T18:20:52.468Z,2.1964,125.7186,10.554,4.2,113 km NE of Laikit  Laikit II (Dimembe)  Indonesia
2023-01-23T21:55:10.289Z,1.8588,127.3671,110.943,4.2,72 km WNW of Tobelo  Indonesia
2023-01-24T01:10:20.922Z,2.7739,126.9144,18.473,5.1,167 km NW of Tobelo  Indonesia
2023-01-24T01:14:31.403Z,2.569,126.3889,35,4.7,197 km NE of Laikit  Laikit II (Dimembe)  Indonesia
2023-01-24T02:13:14.936Z,2.8182,126.944,35,5.8,169 km NW of Tobelo  Indonesia
2023-01-24T02:18:28.916Z,2.8282,126.942,35,4.7,169 km NW of Tobelo  Indonesia
2023-01-24T02:25:23.625Z,2.7746,126.8379,35,4.6,Molucca Sea
2023-01-24T02:26:57.818Z,2.7848,127.0061,35,4.4,161 km NW of Tobelo  Indonesia
2023-01-24T02:28:53.831Z,2.5213,126.4108,35,4.6,196 km NE of Laikit  Laikit II (Dimembe)  Indonesia
2023-01-24T02:30:04.675Z,2.9043,127.088,35,5.4,165 km NW of Tobelo  Indonesia
2023-01-24T02:37:06.287Z,2.8189,126.8519,35,4.6,176 km NW of Tobelo  Indonesia
2023-01-24T02:38:32.603Z,2.8856,127.2573,35,4.5,152 km NNW of Tobelo  Indonesia
2023-01-24T02:50:57.122Z,2.6908,126.5906,35,4.2,190 km NW of Tobelo  Indonesia
2023-01-24T02:53:31.094Z,2.9088,127.1235,35,4.6,Molucca Sea
2023-01-24T03:16:50.069Z,2.806,127.1825,35,4,150 km NW of Tobelo  Indonesia
2023-01-24T03:22:15.140Z,2.9175,127.2949,35,4.4,153 km NNW of Tobelo  Indonesia
2023-01-24T03:36:08.195Z,2.8298,127.3658,35,4.4,141 km NNW of Tobelo  Indonesia
2023-01-24T03:38:37.121Z,2.9076,127.1653,35,4.5,160 km NW of Tobelo  Indonesia
2023-01-24T03:50:52.358Z,2.9529,127.2743,35,4.3,158 km NNW of Tobelo  Indonesia
2023-01-24T03:59:48.564Z,2.4837,126.2199,35,4.1,176 km NE of Laikit  Laikit II (Dimembe)  Indonesia
2023-01-24T04:02:54.811Z,2.7818,126.9104,35,4.9,168 km NW of Tobelo  Indonesia
2023-01-24T04:13:59.200Z,2.7244,127.1493,35,4.5,145 km NW of Tobelo  Indonesia
2023-01-24T04:21:05.024Z,2.8528,127.0019,35,4.1,Molucca Sea
2023-01-24T04:48:21.137Z,2.5936,126.7846,35,4,166 km NW of Tobelo  Indonesia
2023-01-24T04:49:02.671Z,2.8675,127.2473,35,4.1,151 km NW of Tobelo  Indonesia
2023-01-24T05:04:39.907Z,2.8419,126.954,52.471,4.5,Molucca Sea
2023-01-24T05:09:18.751Z,2.8713,127.1987,55.995,4.3,155 km NW of Tobelo  Indonesia
2023-01-24T05:14:12.092Z,2.6671,126.8508,52.701,4.3,165 km NW of Tobelo  Indonesia
2023-01-24T05:35:07.209Z,2.8024,126.9746,51.27,4.5,165 km NW of Tobelo  Indonesia
2023-01-24T08:48:58.052Z,2.8064,127.2083,45.751,4.2,148 km NW of Tobelo  Indonesia
2023-01-24T09:25:00.334Z,2.8028,126.678,35,4,189 km NW of Tobelo  Indonesia
2023-01-24T10:17:29.175Z,2.8339,127.0001,46.297,4.7,Molucca Sea
2023-01-24T11:08:10.590Z,2.7706,127.186,42.651,4.6,147 km NW of Tobelo  Indonesia
2023-01-24T12:06:34.287Z,2.806,126.9835,38.562,4.4,164 km NW of Tobelo  Indonesia
2023-01-24T13:06:37.465Z,2.738,126.8597,50.04,4.5,169 km NW of Tobelo  Indonesia
2023-01-24T13:11:21.947Z,3.0821,127.016,35.881,5,186 km NW of Tobelo  Indonesia
2023-01-24T15:21:07.960Z,2.732,126.8924,64.194,4.2,166 km NW of Tobelo  Indonesia
2023-01-24T16:10:15.984Z,3.555,128.5402,11.012,5.2,210 km NNE of Tobelo  Indonesia
2023-01-24T17:09:54.208Z,2.6127,126.6714,55.238,4.4,178 km WNW of Tobelo  Indonesia
2023-01-24T18:09:35.457Z,3.1008,127.5951,73.055,4.2,158 km NNW of Tobelo  Indonesia
2023-01-24T18:31:42.958Z,2.6864,126.8087,50.345,4.4,Molucca Sea
2023-01-24T19:25:40.914Z,2.9885,127.0439,53.781,4.4,175 km NW of Tobelo  Indonesia
2023-01-24T20:12:55.993Z,2.9423,127.2788,39.689,4.5,156 km NNW of Tobelo  Indonesia
2023-01-24T20:17:58.699Z,3.1604,127.0141,35,5.3,193 km NW of Tobelo  Indonesia
2023-01-24T21:23:51.649Z,3.0899,127.3087,55.789,4.3,169 km NNW of Tobelo  Indonesia
2023-01-25T00:44:54.720Z,3.115,127.0491,35.68,4.5,Pulau-Pulau Talaud  Indonesia
2023-01-25T03:35:20.717Z,9.1399,126.434,35,4.6,25 km NE of La Paz  Philippines
2023-01-25T06:49:33.994Z,2.8827,127.133,31.592,4.3,Molucca Sea
2023-01-25T06:57:20.062Z,4.6733,125.4956,10.304,4.3,80 km S of Sarangani  Philippines
2023-01-25T15:50:56.400Z,2.8144,127.0816,46.865,4.2,158 km NW of Tobelo  Indonesia
2023-01-25T15:51:50.730Z,2.8108,126.9383,43.5,4.6,168 km NW of Tobelo  Indonesia
2023-01-25T16:28:21.589Z,2.7578,126.7581,35,4,179 km NW of Tobelo  Indonesia
2023-01-25T16:48:08.954Z,3.1406,127.0219,41.965,4.4,Pulau-Pulau Talaud  Indonesia
2023-01-25T19:31:07.519Z,2.8254,127.2766,36.436,4.5,146 km NW of Tobelo  Indonesia
2023-01-26T01:46:22.455Z,2.842,127.2438,35,4.3,149 km NW of Tobelo  Indonesia
2023-01-26T02:15:02.600Z,2.6442,126.8692,35,4,162 km NW of Tobelo  Indonesia
2023-01-26T02:25:10.364Z,2.8189,126.761,35,4.1,183 km NW of Tobelo  Indonesia
2023-01-26T02:51:41.071Z,2.8807,127.108,35,4.3,Molucca Sea
2023-01-26T04:23:51.212Z,2.8391,126.9856,35,5.7,167 km NW of Tobelo  Indonesia
2023-01-26T04:30:13.337Z,3.3254,128.1163,10,4.7,north of Halmahera  Indonesia
2023-01-26T04:34:23.984Z,2.5517,126.6152,35,4.4,179 km WNW of Tobelo  Indonesia
2023-01-26T05:33:48.270Z,2.7188,126.7167,26.541,4.3,180 km NW of Tobelo  Indonesia
2023-01-26T06:13:15.422Z,2.6363,127.1828,58.808,4.1,136 km NW of Tobelo  Indonesia
2023-01-26T06:33:45.142Z,2.84,127.0684,64.583,4.8,161 km NW of Tobelo  Indonesia
2023-01-26T08:47:42.418Z,2.7314,127.0085,52.739,4.1,157 km NW of Tobelo  Indonesia
2023-01-26T08:57:32.233Z,2.7852,126.8024,42.938,4.3,177 km NW of Tobelo  Indonesia
2023-01-26T12:28:08.257Z,2.7983,127.0292,48.574,4,160 km NW of Tobelo  Indonesia
2023-01-26T13:11:32.455Z,2.7257,126.7964,38.582,4.5,Molucca Sea
2023-01-26T14:40:57.596Z,2.6517,126.894,48.341,4.4,160 km NW of Tobelo  Indonesia
2023-01-26T15:47:26.047Z,2.8409,127.1773,41.145,4.1,153 km NW of Tobelo  Indonesia
2023-01-26T15:53:32.170Z,2.7809,127.0215,54.448,4.1,160 km NW of Tobelo  Indonesia
2023-01-26T15:55:29.301Z,2.7738,127.0139,42.445,4.2,160 km NW of Tobelo  Indonesia
2023-01-26T16:26:07.759Z,2.8814,126.8379,29.724,4.3,182 km NW of Tobelo  Indonesia
2023-01-26T16:58:10.142Z,2.7075,126.1618,6.331,4.2,188 km NE of Laikit  Laikit II (Dimembe)  Indonesia
2023-01-26T16:59:56.488Z,2.7359,127.0258,54.723,4.2,156 km NW of Tobelo  Indonesia
2023-01-26T17:25:58.419Z,2.7929,126.8576,34.247,4.6,173 km NW of Tobelo  Indonesia
2023-01-26T17:33:45.521Z,2.709,127.3963,64.11,4.4,128 km NNW of Tobelo  Indonesia
2023-01-26T21:22:57.347Z,3.061,126.9892,43.872,4.3,185 km NW of Tobelo  Indonesia
2023-01-26T22:30:26.639Z,2.7438,126.6932,47.351,4.2,184 km NW of Tobelo  Indonesia
2023-01-27T00:40:05.409Z,2.7726,126.9823,49.021,4.2,162 km NW of Tobelo  Indonesia
2023-01-27T09:16:57.519Z,2.8127,126.8178,55.452,4.4,178 km NW of Tobelo  Indonesia
2023-01-27T19:37:53.350Z,1.8253,127.1361,96.774,4.4,97 km W of Tobelo  Indonesia
2023-01-28T00:03:31.879Z,3.0504,126.9979,38.508,4.7,184 km NW of Tobelo  Indonesia
2023-01-29T01:45:44.856Z,2.9066,126.8881,48.939,4.5,180 km NW of Tobelo  Indonesia
2023-01-29T03:20:20.797Z,2.8499,126.9825,51.395,4.6,168 km NW of Tobelo  Indonesia
2023-01-29T04:23:33.367Z,5.5924,125.0567,49.134,4.9,Mindanao  Philippines
2023-01-29T05:15:38.885Z,2.7358,127.0428,64.686,4.6,154 km NW of Tobelo  Indonesia
2023-01-29T06:27:15.401Z,4.7886,126.5285,74.972,4.3,Pulau-Pulau Talaud  Indonesia
2023-01-29T14:09:05.351Z,2.7289,127.0706,34.347,4.4,152 km NW of Tobelo  Indonesia
2023-01-29T15:20:28.798Z,2.9047,126.9938,49.175,4.7,172 km NW of Tobelo  Indonesia
2023-01-29T16:11:02.225Z,2.8896,126.9662,47.576,4.7,173 km NW of Tobelo  Indonesia
2023-01-29T17:26:32.250Z,2.8623,127.0656,45.361,4.3,163 km NW of Tobelo  Indonesia
2023-01-29T19:57:14.754Z,2.8491,126.9433,42.236,5,171 km NW of Tobelo  Indonesia
2023-01-29T20:18:58.481Z,5.4659,126.1501,156.259,4.6,75 km SE of Caburan  Philippines
2023-01-29T20:25:22.946Z,2.6589,126.6496,52.418,4.5,Molucca Sea
2023-01-29T22:14:57.403Z,2.71,126.666,35,4.6,Molucca Sea
2023-01-29T23:50:27.239Z,2.6813,127.2482,35,4.1,135 km NW of Tobelo  Indonesia
2023-01-30T00:44:33.287Z,2.7141,126.796,35,4.4,173 km NW of Tobelo  Indonesia
2023-01-30T08:36:15.601Z,2.7748,127.2569,35,4.3,142 km NW of Tobelo  Indonesia
2023-01-30T08:58:24.929Z,2.6811,126.7548,35,4.3,174 km NW of Tobelo  Indonesia
2023-01-30T22:56:43.336Z,2.7173,127.1018,45.733,4.2,148 km NW of Tobelo  Indonesia
2023-01-31T04:34:50.837Z,5.9313,125.9995,88.91,4.6,35 km ESE of Mangili  Philippines
2023-01-31T12:02:38.685Z,2.8318,127.1317,37.559,4.4,Molucca Sea
2023-01-31T12:32:15.218Z,3.9105,128.5033,10.746,4.5,247 km NNE of Tobelo  Indonesia
2023-01-31T13:55:10.020Z,2.7425,126.9775,58.838,4.2,160 km NW of Tobelo  Indonesia
2023-01-31T20:04:35.543Z,9.0601,127.1036,10,4.8,89 km ENE of Aras-asan  Philippines
2023-02-01T02:58:11.587Z,7.1978,127.2493,10,4.3,75 km E of Santiago  Philippines
2023-02-01T04:32:41.067Z,2.8084,127.1186,35,4.2,155 km NW of Tobelo  Indonesia
2023-02-01T10:44:46.067Z,7.7431,126.0566,19,6,1 km NW of Babag  Philippines
2023-02-01T11:07:37.549Z,7.7079,126.2252,10,4.6,15 km ENE of Compostela  Philippines
2023-02-01T15:23:12.644Z,2.6118,126.924,49.408,4.4,155 km NW of Tobelo  Indonesia
2023-02-01T17:25:09.533Z,2.8386,127.0849,55.512,4.3,160 km NW of Tobelo  Indonesia
2023-02-01T21:03:18.502Z,2.9957,126.964,52.474,4.2,182 km NW of Tobelo  Indonesia
2023-02-02T01:06:06.363Z,3.0003,126.8399,35,4.3,Pulau-Pulau Talaud  Indonesia
2023-02-02T01:41:43.255Z,4.8691,126.4196,72.31,4.5,121 km ESE of Sarangani  Philippines
2023-02-02T23:05:05.842Z,2.4828,128.2209,81.032,5,86 km NNE of Tobelo  Indonesia
2023-02-03T10:49:44.434Z,5.827,126.1074,54.106,4.5,50 km ESE of Mangili  Philippines
2023-02-03T12:36:24.814Z,2.6634,126.9692,55.479,4.2,Molucca Sea
2023-02-03T17:23:40.271Z,2.6329,126.8298,31.589,4.9,164 km NW of Tobelo  Indonesia
2023-02-03T17:31:49.717Z,2.4859,126.7121,36.529,4.1,166 km WNW of Tobelo  Indonesia
2023-02-03T17:48:15.004Z,2.8393,127.3198,35,4.5,144 km NNW of Tobelo  Indonesia
2023-02-03T21:03:51.237Z,4.7968,127.0199,55.858,4.5,185 km ESE of Sarangani  Philippines
2023-02-05T01:40:35.280Z,3.0078,126.8516,59.293,4.3,Pulau-Pulau Talaud  Indonesia
2023-02-05T09:59:20.529Z,7.7496,126.0653,12.107,4.6,1 km NNW of Babag  Philippines
2023-02-05T22:29:33.958Z,2.8312,126.9788,35,4.1,Molucca Sea
2023-02-06T12:48:40.593Z,3.031,126.8752,46.899,4.2,191 km NW of Tobelo  Indonesia
2023-02-08T13:06:57.259Z,2.8377,127.0361,45.934,4.5,163 km NW of Tobelo  Indonesia
2023-02-08T14:25:17.805Z,3.7443,124.0362,416.288,4,242 km SW of Sarangani  Philippines
2023-02-08T23:34:39.681Z,3.6679,127.8622,92.467,4.3,215 km N of Tobelo  Indonesia
2023-02-09T04:31:33.364Z,2.9113,127.2793,35,4.3,153 km NNW of Tobelo  Indonesia
2023-02-09T06:09:30.629Z,2.22,127.0319,106.673,4.5,121 km WNW of Tobelo  Indonesia
2023-02-09T06:20:46.119Z,2.7848,127.0118,35,4.2,161 km NW of Tobelo  Indonesia
2023-02-10T23:35:17.009Z,2.5779,126.7162,51.583,4.2,171 km WNW of Tobelo  Indonesia
2023-02-11T02:29:18.943Z,4.7432,126.5567,55.326,4.2,141 km ESE of Sarangani  Philippines
2023-02-11T08:55:05.019Z,3.5892,126.6923,25,5.9,242 km SE of Sarangani  Philippines
2023-02-11T09:07:56.847Z,3.5894,126.7198,59.628,4.3,244 km SE of Sarangani  Philippines
2023-02-11T09:12:29.424Z,3.6613,126.6914,52.029,4.2,235 km SE of Sarangani  Philippines
2023-02-11T19:52:58.188Z,3.5825,126.7034,66.909,4.2,243 km SE of Sarangani  Philippines
2023-02-12T20:12:59.608Z,2.1776,127.2831,99.392,4.2,94 km WNW of Tobelo  Indonesia
2023-02-12T23:55:22.275Z,5.0528,126.6853,66.795,4.2,Mindanao  Philippines
2023-02-13T00:26:07.194Z,2.8039,126.9024,35,4.4,171 km NW of Tobelo  Indonesia
2023-02-13T07:57:48.596Z,9.8043,126.4278,35,4.8,35 km E of Union  Philippines
2023-02-13T13:20:34.541Z,1.5922,124.6736,226.923,4.4,22 km WNW of Manado  Indonesia
2023-02-13T13:45:31.683Z,3.342,126.844,61.19,4.4,220 km NW of Tobelo  Indonesia
2023-02-14T17:00:27.465Z,7.7212,122.0358,10,4.6,11 km W of Siocon  Philippines
2023-02-15T13:43:15.044Z,3.9801,128.6382,10,4.7,258 km NNE of Tobelo  Indonesia
2023-02-15T16:15:29.195Z,2.9209,126.913,56.769,4.5,179 km NW of Tobelo  Indonesia
2023-02-15T21:00:42.174Z,6.7146,125.5523,38.851,4.4,17 km NE of Tanlad  Philippines
2023-02-16T03:46:06.754Z,2.7019,127.2149,35,4.1,139 km NW of Tobelo  Indonesia
2023-02-17T17:12:25.178Z,4.0014,122.5978,583.024,4.1,237 km SSE of Tabiauan  Philippines
2023-02-19T04:47:17.935Z,9.1028,126.1694,66.199,4.9,1 km SE of Buenavista  Philippines
2023-02-19T07:19:41.029Z,2.1412,126.0732,69.199,4.1,130 km NE of Bitung  Indonesia
2023-02-19T08:26:35.277Z,2.8509,127.0043,36.348,4.2,167 km NW of Tobelo  Indonesia
2023-02-19T15:17:03.365Z,2.4206,125.9377,59.996,4.9,140 km NE of Bitung  Indonesia
2023-02-19T17:08:48.929Z,1.8181,127.349,116.477,4.3,74 km W of Tobelo  Indonesia
2023-02-19T18:54:05.558Z,9.0009,126.1626,68.539,4.5,0 km WSW of Gamut  Philippines
2023-02-19T22:09:12.599Z,2.846,128.5433,227.098,4.6,137 km NNE of Tobelo  Indonesia
2023-02-19T23:12:21.709Z,2.7233,126.9943,35,4.8,157 km NW of Tobelo  Indonesia
2023-02-20T00:01:18.958Z,2.7197,126.9851,35,4.8,158 km NW of Tobelo  Indonesia
2023-02-20T09:47:26.932Z,3.3019,123.9216,413.219,4.6,226 km NNW of Manado  Indonesia
2023-02-21T01:46:41.203Z,3.0397,126.2768,35,4,218 km NE of Bitung  Indonesia
2023-02-23T16:14:27.387Z,3.5622,126.5283,50.559,4.3,235 km SSE of Sarangani  Philippines
2023-02-23T20:02:47.541Z,3.2796,128.1356,92,6.3,172 km N of Tobelo  Indonesia
2023-02-24T09:02:51.817Z,3.7003,128.7389,10,4.5,232 km NNE of Tobelo  Indonesia
2023-02-24T17:28:36.666Z,2.8649,126.1296,35.262,4.9,192 km NE of Bitung  Indonesia
2023-02-24T20:00:20.812Z,8.5549,127.1036,10,4.3,85 km ENE of Barcelona  Philippines
2023-02-25T05:28:14.027Z,2.948,126.6357,32.356,4.3,Molucca Sea
2023-02-26T03:53:08.361Z,5.6459,126.2682,66.83,4.6,Mindanao  Philippines
2023-02-26T05:52:43.422Z,1.7709,125.8777,11.402,4.8,91 km ENE of Bitung  Indonesia
2023-02-27T10:26:36.998Z,3.2093,125.4743,178.06,4.3,198 km NNE of Laikit  Laikit II (Dimembe)  Indonesia
2023-02-27T14:26:05.511Z,7.9175,127.2609,10,4.3,82 km ENE of Kinablangan  Philippines
2023-02-28T14:42:50.761Z,1.3696,125.7758,64.487,5.1,72 km E of Bitung  Indonesia
2023-02-28T17:09:19.647Z,6.3003,126.286,56.344,4.5,Mindanao  Philippines
2023-02-28T19:20:35.418Z,1.3388,125.5559,50.691,4.1,Molucca Sea
2023-02-28T20:03:08.895Z,1.3991,125.4671,10,4.6,37 km E of Bitung  Indonesia
2023-02-28T20:11:57.161Z,8.3987,126.4934,79.069,4.6,17 km E of Hinatuan  Philippines
2023-02-28T22:06:49.562Z,2.6997,126.5308,45.296,4.5,Molucca Sea
2023-03-01T04:15:56.291Z,2.3561,127.4677,10.369,4.3,91 km NW of Tobelo  Indonesia
2023-03-01T11:40:25.671Z,3.6849,124.1986,395.164,4,236 km SW of Sarangani  Philippines
2023-03-01T15:14:41.833Z,9.071,122.4983,10,4.7,40 km SSW of Basay  Philippines
2023-03-02T00:05:17.254Z,1.4418,125.8415,67.022,4.4,79 km E of Bitung  Indonesia
2023-03-02T04:11:51.245Z,1.8599,127.0011,78.544,4.2,113 km W of Tobelo  Indonesia
2023-03-02T08:23:58.734Z,2.4517,128.2614,74.41,4.6,84 km NNE of Tobelo  Indonesia
2023-03-02T13:38:20.078Z,2.8152,127.0643,54.595,4.6,Molucca Sea
2023-03-02T14:32:16.754Z,9.0645,122.6983,10,4.9,25 km WSW of Bonawon  Philippines
2023-03-05T13:43:55.184Z,5.0769,127.3465,144.361,4.4,192 km SE of Pondaguitan  Philippines
2023-03-05T16:37:27.949Z,5.9794,125.6336,148.974,4.5,3 km NW of Culaman  Philippines
2023-03-05T16:49:39.611Z,7.472,126.2112,10,4.7,Compostela Valley  Philippines
2023-03-05T16:54:13.437Z,7.5053,126.1941,10,4.3,13 km SSE of Bantacan  Philippines
2023-03-05T19:30:53.539Z,7.4962,126.1305,9.601,4.4,11 km S of Bantacan  Philippines
2023-03-05T20:43:02.682Z,7.5373,126.1657,10,5.4,10 km SSE of Bantacan  Philippines
2023-03-06T14:27:39.486Z,2.8518,127.1472,56.2,4.1,156 km NW of Tobelo  Indonesia
2023-03-06T15:53:02.685Z,5.774,125.911,151.146,4.8,33 km ESE of Caburan  Philippines
2023-03-06T22:18:17.781Z,2.0282,127.7752,234.332,4.3,Molucca Sea
2023-03-07T06:02:31.481Z,7.4941,126.0567,16.051,5.9,6 km SE of Manat  Philippines
2023-03-07T08:47:41.810Z,7.6315,126.2526,10,5.6,13 km ENE of Bantacan  Philippines
2023-03-07T11:18:35.725Z,7.5797,126.205,10,4.2,8 km ESE of Bantacan  Philippines
2023-03-07T19:16:08.877Z,7.5524,126.25,8.206,4.4,14 km ESE of Bantacan  Philippines
2023-03-08T00:29:41.659Z,8.7188,122.046,10,4.4,88 km NW of Kalawit  Philippines
2023-03-08T00:47:07.243Z,8.6389,125.7669,10.177,4.4,8 km ESE of Salvacion  Philippines
2023-03-08T00:52:36.938Z,7.4045,126.0947,10.192,4.2,14 km SE of San Mariano  Philippines
2023-03-08T10:47:33.218Z,7.4576,126.0872,9.118,4.5,10 km ESE of San Mariano  Philippines
2023-03-09T14:18:22.422Z,5.5609,126.6376,144.955,4.1,102 km SSE of Pondaguitan  Philippines
2023-03-10T02:23:41.020Z,8.8109,125.9778,10,4.5,17 km SSE of San Miguel  Philippines
2023-03-10T04:40:31.422Z,8.4835,126.5137,68.604,4.4,23 km ENE of Hinatuan  Philippines
2023-03-10T06:32:25.910Z,7.5186,126.1503,13.635,4.3,9 km SSE of Bantacan  Philippines
2023-03-10T07:30:42.938Z,2.5626,126.9011,54.626,4.2,153 km NW of Tobelo  Indonesia
2023-03-11T07:41:43.607Z,4.8221,123.6907,505.318,4.6,161 km SSW of Malisbeng  Philippines
2023-03-13T05:41:51.865Z,2.6263,126.8465,35,4.1,163 km NW of Tobelo  Indonesia
2023-03-14T02:43:01.955Z,2.8125,126.4444,35,4.2,210 km NE of Bitung  Indonesia
2023-03-14T10:23:51.692Z,2.2757,127.962,10,4.5,60 km N of Tobelo  Indonesia
2023-03-14T13:50:35.545Z,5.7913,126.9355,154.503,4.2,104 km SE of Pondaguitan  Philippines
2023-03-15T15:32:26.923Z,3.1581,123.3533,488.249,4,249 km NW of Manado  Indonesia
2023-03-15T21:25:39.711Z,4.7016,126.9061,56.549,5.4,177 km ESE of Sarangani  Philippines
2023-03-15T21:49:16.629Z,2.8356,127.1203,52.818,4.4,157 km NW of Tobelo  Indonesia
2023-03-16T00:49:08.034Z,2.482,126.8654,35,4,152 km WNW of Tobelo  Indonesia
2023-03-16T14:51:26.706Z,1.8214,127.3012,120.734,4.3,79 km W of Tobelo  Indonesia
2023-03-16T17:22:04.929Z,7.1504,126.52,14.652,4.3,4 km NE of San Ignacio  Philippines
2023-03-16T17:54:57.645Z,1.7877,126.2915,38.467,4.6,135 km ENE of Bitung  Indonesia
2023-03-17T03:38:27.155Z,4.9747,125.4894,169.032,4.3,Pulau-Pulau Sangihe  Indonesia
2023-03-17T16:11:39.179Z,5.9274,126.9418,70.175,5,97 km ESE of Pondaguitan  Philippines
2023-03-17T19:37:58.861Z,5.9215,125.7693,120.468,4.7,12 km ESE of Culaman  Philippines
2023-03-18T08:50:29.274Z,5.0833,127.2865,94.409,4.1,187 km SE of Pondaguitan  Philippines
2023-03-19T06:23:20.359Z,2.7005,128.1961,10.044,4.2,109 km N of Tobelo  Indonesia
2023-03-20T01:14:47.882Z,4.3478,126.1736,110.9,4.4,140 km SE of Sarangani  Philippines
2023-03-20T21:13:27.773Z,7.3306,123.7796,597.933,4.5,28 km W of Litayan  Philippines
2023-03-21T05:21:14.659Z,7.4874,126.1938,10.105,4.4,14 km SSE of Bantacan  Philippines
2023-03-22T04:13:29.758Z,2.9116,126.8566,35,4.6,183 km NW of Tobelo  Indonesia
2023-03-22T04:28:14.543Z,6.7301,126.1069,67.755,4.8,1 km NNE of Talisay  Philippines
2023-03-25T06:23:47.765Z,2.7365,125.7832,119.564,4.2,Pulau-Pulau Sangihe  Indonesia
2023-03-25T10:16:26.389Z,5.1141,125.4499,190.143,4.3,32 km S of Sarangani  Philippines
2023-03-25T12:45:16.261Z,2.8224,128.5057,234.516,4.1,Halmahera  Indonesia
2023-03-27T00:44:51.205Z,5.344,125.6996,72.223,4.8,26 km ESE of Sarangani  Philippines
2023-03-28T21:50:00.158Z,3.0616,128.4055,214.577,4,153 km NNE of Tobelo  Indonesia
2023-03-29T07:41:46.881Z,5.9533,126.3284,11.616,4.9,Mindanao  Philippines
2023-03-29T20:10:42.402Z,1.9095,127.1701,116.804,4.7,95 km WNW of Tobelo  Indonesia
2023-03-29T22:37:45.459Z,7.5039,126.1716,7.397,4.3,Mindanao  Philippines
2023-03-31T08:50:09.981Z,3.0829,128.7921,35,4.3,173 km NNE of Tobelo  Indonesia
2023-04-01T02:18:48.550Z,2.8346,127.1833,24.303,4.3,Molucca Sea
2023-04-03T00:59:35.638Z,4.0381,123.5266,488.923,4,246 km SSW of Maitum  Philippines
2023-04-03T21:48:09.585Z,5.4745,126.3213,108.501,4,89 km ESE of Caburan  Philippines
2023-04-04T01:09:27.251Z,5.6627,123.4485,511.534,4.1,Celebes Sea
2023-04-04T01:12:09.364Z,4.5926,127.3525,61.179,4.5,227 km ESE of Sarangani  Philippines
2023-04-04T04:27:40.854Z,2.5812,128.2586,192.845,4.3,98 km NNE of Tobelo  Indonesia
2023-04-04T09:36:23.902Z,2.5493,128.1907,140.454,4.2,92 km NNE of Tobelo  Indonesia
2023-04-04T12:58:19.128Z,4.5905,126.5997,122.456,4.7,154 km SE of Sarangani  Philippines
2023-04-04T20:53:40.044Z,8.3082,123.5005,10,4.3,12 km NNW of Josefina  Philippines
2023-04-05T08:56:56.556Z,9.6991,126.0009,90.89,4.3,8 km SW of Dapa  Philippines
2023-04-06T02:53:01.457Z,2.6526,128.3099,64.906,4.2,107 km NNE of Tobelo  Indonesia
2023-04-06T04:04:09.969Z,8.1078,123.1932,10,4.2,12 km NNW of Balagon  Philippines
2023-04-07T01:43:52.166Z,5.044,125.3203,123.063,4.4,42 km SSW of Sarangani  Philippines
2023-04-08T06:58:16.126Z,1.9123,127.1046,100.508,4.8,102 km WNW of Tobelo  Indonesia
2023-04-10T01:29:46.416Z,6.494,126.6123,11.626,4.3,50 km ENE of Pondaguitan  Philippines
2023-04-10T08:03:08.807Z,3.5634,128.6073,10,4.7,213 km NNE of Tobelo  Indonesia
2023-04-11T06:58:07.114Z,3.8631,126.8212,40.692,4.6,227 km SE of Sarangani  Philippines
2023-04-11T09:31:10.873Z,2.0579,126.5897,43.63,5,Molucca Sea
2023-04-12T02:02:13.250Z,5.8532,126.7748,83.529,5.3,86 km SE of Pondaguitan  Philippines
2023-04-12T20:56:18.904Z,4.0167,122.5556,604.814,4.1,234 km SSE of Tabiauan  Philippines
2023-04-13T16:04:27.711Z,9.2273,125.5742,20.399,5.1,2 km SE of Jagupit  Philippines
2023-04-13T17:23:34.309Z,6.0174,124.0295,529.193,4.2,Mindanao  Philippines
2023-04-13T23:00:32.827Z,5.297,127.8771,10,4.7,221 km ESE of Pondaguitan  Philippines
2023-04-14T18:18:40.082Z,5.8734,125.7475,193.701,4.6,12 km ESE of Caburan  Philippines
2023-04-16T08:36:42.142Z,4.0267,126.6533,57.472,4.3,201 km SE of Sarangani  Philippines
2023-04-17T01:32:32.700Z,3.8921,126.5548,48.471,4.4,206 km SE of Sarangani  Philippines
2023-04-17T12:02:41.030Z,4.0745,127.8435,146.671,4.4,260 km N of Tobelo  Indonesia
2023-04-17T22:35:39.548Z,7.9038,126.5891,10.062,4.4,18 km ESE of Santa Maria  Philippines
2023-04-18T19:05:24.618Z,3.2545,128.2744,39.307,4.4,171 km N of Tobelo  Indonesia
2023-04-20T19:08:40.376Z,2.4067,127.2476,96.065,4,113 km NW of Tobelo  Indonesia
2023-04-20T21:27:22.204Z,4.6374,122.909,583.641,4.1,190 km SE of Tabiauan  Philippines
2023-04-21T06:34:12.515Z,9.4329,127.0938,10,4.1,100 km E of Cortes  Philippines
2023-04-21T10:21:13.132Z,2.7652,127.0501,21,5.9,156 km NW of Tobelo  Indonesia
2023-04-21T11:16:00.928Z,2.8167,127.1418,48.8,4.8,154 km NW of Tobelo  Indonesia
2023-04-21T12:21:09.178Z,2.8045,127.1544,52.75,4.5,152 km NW of Tobelo  Indonesia
2023-04-21T14:25:43.740Z,3.0654,126.3285,59.508,4.1,223 km NE of Bitung  Indonesia
2023-04-22T01:06:06.004Z,9.7109,126.0724,56.614,4.9,5 km SSE of Dapa  Philippines
2023-04-22T05:23:10.971Z,2.41,126.9263,58.776,4.2,142 km WNW of Tobelo  Indonesia
2023-04-22T12:35:50.944Z,6.279,125.9678,156.388,4,23 km WSW of Surup  Philippines
2023-04-23T02:34:12.484Z,2.7519,127.1388,52.985,4.6,148 km NW of Tobelo  Indonesia
2023-04-23T02:45:17.731Z,2.712,127.0354,44.359,4.5,153 km NW of Tobelo  Indonesia
2023-04-23T21:28:31.437Z,3.3968,126.6947,35,4.6,235 km NW of Tobelo  Indonesia
2023-04-23T21:30:02.499Z,3.4482,126.7884,35,4.4,233 km NW of Tobelo  Indonesia
2023-04-24T00:28:17.178Z,8.2865,122.9369,10.984,4.5,7 km SW of Siari  Philippines
2023-04-24T02:59:00.588Z,2.3989,126.7428,54.445,4.5,159 km WNW of Tobelo  Indonesia
2023-04-24T06:06:44.133Z,3.7248,122.7693,537.692,4.1,272 km SSE of Tabiauan  Philippines
2023-04-24T09:32:10.079Z,9.2801,125.406,26.313,5.2,13 km WSW of Jabonga  Philippines
2023-04-24T13:57:02.018Z,3.5141,123.0811,525.591,4,298 km NW of Manado  Indonesia
2023-04-24T15:20:47.076Z,9.0347,126.2842,73.426,4.5,5 km ENE of Tago  Philippines
2023-04-24T23:20:38.693Z,6.1864,126.8864,118.34,4.8,Mindanao  Philippines
2023-04-26T05:39:48.390Z,4.365,124.787,302.848,4.1,137 km SSW of Sarangani  Philippines
2023-04-27T11:36:05.867Z,5.9304,126.0474,151.881,4.2,41 km ESE of Mangili  Philippines
2023-04-30T16:29:01.489Z,1.3426,126.2937,19.922,5.2,Molucca Sea
2023-05-02T01:07:21.289Z,4.3165,125.7103,148.092,4.4,123 km SSE of Sarangani  Philippines
2023-05-02T11:15:46.379Z,2.3389,127.9409,108.361,4.1,67 km N of Tobelo  Indonesia
2023-05-03T01:23:05.737Z,3.4003,125.9293,105.349,5.2,227 km SSE of Sarangani  Philippines
2023-05-05T16:59:40.409Z,6.6152,126.2762,75.064,4.5,18 km E of Tibanbang  Philippines
2023-05-06T04:54:47.153Z,4.1883,127.8496,138.077,4.3,272 km N of Tobelo  Indonesia
2023-05-06T19:38:56.372Z,2.3479,126.7295,35,4.8,158 km WNW of Tobelo  Indonesia
2023-05-06T19:38:58.358Z,2.3453,126.7916,53.379,4.8,Molucca Sea
2023-05-07T00:36:53.493Z,2.7685,127.7606,70.343,4.3,118 km NNW of Tobelo  Indonesia
2023-05-07T08:31:14.699Z,2.4361,127.2852,95.7,4.4,112 km NW of Tobelo  Indonesia
2023-05-07T22:48:11.739Z,6.8666,124.6218,10,4.3,Mindanao  Philippines
2023-05-08T02:57:04.529Z,5.7168,127.2145,35,4.5,135 km ESE of Pondaguitan  Philippines
2023-05-09T00:13:25.956Z,2.1855,125.9771,78.766,4.5,125 km NE of Bitung  Indonesia
2023-05-09T03:41:28.015Z,3.7479,128.0919,59.171,4.4,223 km N of Tobelo  Indonesia
2023-05-09T10:15:38.709Z,9.1186,126.2368,70.004,4.5,6 km NE of Tandag  Philippines
2023-05-10T14:59:17.138Z,5.8335,126.9701,101.685,4.4,105 km ESE of Pondaguitan  Philippines
2023-05-12T02:43:14.658Z,6.9511,125.0343,17.507,4.5,5 km WSW of Saguing  Philippines
2023-05-12T04:34:54.834Z,9.9552,126.106,46.338,4.6,10 km N of Pilar  Philippines
2023-05-12T05:11:33.166Z,3.1682,127.9978,76.364,4.1,159 km N of Tobelo  Indonesia
2023-05-13T19:16:46.120Z,5.8776,125.3675,90.915,4.9,6 km NE of Kiupo  Philippines
2023-05-14T05:17:04.449Z,3.3026,123.7472,429.55,4.1,Celebes Sea
2023-05-14T12:44:31.775Z,7.4664,123.5627,27.349,5,14 km E of Malim  Philippines
2023-05-14T22:10:26.554Z,3.1371,128.2735,67.142,4.4,158 km N of Tobelo  Indonesia
2023-05-15T16:23:23.392Z,1.9536,126.7368,49.813,4.6,143 km W of Tobelo  Indonesia
2023-05-18T13:03:03.386Z,7.7552,126.946,64.653,4.6,44 km E of Kinablangan  Philippines
2023-05-19T07:19:20.107Z,9.4636,125.4354,10,4.6,2 km S of Cantapoy  Philippines
2023-05-19T11:12:16.041Z,9.0713,125.0685,10,4.2,16 km NW of Candiis  Philippines
2023-05-19T12:14:07.178Z,1.4595,126.4928,46.303,4.8,123 km NW of Ternate  Indonesia
2023-05-21T03:11:53.561Z,9.3074,126.2594,58.519,4.9,8 km ENE of Cortes  Philippines
2023-05-22T03:00:54.709Z,3.1142,126.819,35,4.6,202 km NW of Tobelo  Indonesia
2023-05-22T21:50:01.085Z,3.0902,126.6613,35,4.5,212 km NW of Tobelo  Indonesia
2023-05-23T15:04:55.574Z,3.0781,126.7467,48.463,5.1,204 km NW of Tobelo  Indonesia
2023-05-23T15:31:44.889Z,2.9393,126.6079,49.382,4.3,205 km NW of Tobelo  Indonesia
2023-05-23T17:04:01.252Z,5.7587,124.5398,71.423,4.9,26 km SSW of Tambilil  Philippines
2023-05-23T17:11:56.060Z,5.8038,124.5777,72.525,4.5,20 km SSW of Tambilil  Philippines
2023-05-23T18:23:04.019Z,5.7164,124.5005,62.174,4.7,33 km SW of Tambilil  Philippines
2023-05-23T18:30:17.472Z,5.7023,124.2519,11.592,4.3,45 km SSW of Mabay  Philippines
2023-05-24T00:44:07.040Z,5.6719,124.2704,17.872,5.2,47 km SSW of Maitum  Philippines
2023-05-24T03:07:30.023Z,5.6282,124.1739,10.189,4.3,57 km SW of Mabay  Philippines
2023-05-24T08:14:53.572Z,5.5386,124.2323,12.294,4.3,62 km SSW of Maitum  Philippines
2023-05-24T08:55:57.380Z,6.0648,126.3325,98.339,4.5,36 km SSE of Pondaguitan  Philippines
2023-05-24T14:45:50.538Z,5.5494,124.2203,10,4.1,62 km SSW of Maitum  Philippines
2023-05-24T16:34:25.062Z,3.0484,126.7046,48.938,4.4,205 km NW of Tobelo  Indonesia
2023-05-25T10:24:34.290Z,8.9929,126.1108,86.992,4.5,Mindanao  Philippines
2023-05-27T05:52:47.630Z,8.4405,126.5877,80.794,4.5,28 km ENE of Hinatuan  Philippines
2023-05-28T21:12:56.815Z,3.1165,122.6688,520.37,4.2,Celebes Sea
2023-05-29T17:08:16.394Z,9.8069,125.1974,9.164,4.6,26 km W of Ipil  Philippines
2023-05-30T16:00:12.591Z,1.9332,126.7813,42.226,4.1,138 km W of Tobelo  Indonesia
2023-06-01T21:38:56.071Z,5.2849,125.979,138.988,4.5,58 km ESE of Sarangani  Philippines
2023-06-02T11:40:16.464Z,8.3439,126.2865,10.083,4.1,Mindanao  Philippines
2023-06-02T17:40:04.655Z,6.1356,120.9311,10,4.6,11 km N of Bato Bato  Philippines
2023-06-02T19:07:38.991Z,3.6107,126.6805,48.829,4.1,Pulau-Pulau Talaud  Indonesia
2023-06-02T21:40:14.029Z,4.809,125.4626,10,4.6,65 km S of Sarangani  Philippines
2023-06-03T08:39:51.082Z,6.421,124.7491,10.533,4.6,3 km W of Bañga  Philippines
2023-06-03T17:58:29.752Z,3.0313,126.9395,62.89,4.1,186 km NW of Tobelo  Indonesia
2023-06-04T03:27:21.128Z,8.8554,126.261,64.397,4.5,6 km WSW of Aras-asan  Philippines
2023-06-04T14:55:27.476Z,1.6786,125.6479,104.227,4.9,Molucca Sea
2023-06-07T16:17:38.519Z,4.0651,126.6228,49.074,4.4,196 km SE of Sarangani  Philippines
2023-06-09T00:30:42.285Z,7.4716,126.0338,89.105,4.6,4 km SE of San Mariano  Philippines
2023-06-09T10:47:58.168Z,2.6326,128.2532,100.834,4.5,103 km NNE of Tobelo  Indonesia
2023-06-10T22:41:29.467Z,4.0073,122.9354,10,4.4,251 km SSE of Tabiauan  Philippines
2023-06-11T21:26:34.288Z,5.6506,126.7573,10,4.5,101 km SE of Pondaguitan  Philippines
2023-06-12T16:05:07.882Z,2.1861,126.8785,90.323,4.1,135 km WNW of Tobelo  Indonesia
2023-06-14T14:27:49.779Z,1.602,125.937,71.155,4.4,Molucca Sea
2023-06-14T18:08:51.141Z,3.5269,126.5868,49.776,4.5,242 km SSE of Sarangani  Philippines
2023-06-15T20:41:36.852Z,2.8606,122.6381,540.432,4.1,261 km N of Gorontalo  Indonesia
2023-06-16T20:52:23.809Z,3.3381,128.2335,94.157,4.4,179 km N of Tobelo  Indonesia
2023-06-17T23:11:28.583Z,2.6182,126.1509,55.789,4.6,172 km NE of Bitung  Indonesia
2023-06-18T01:00:38.086Z,6.8263,126.3669,63.494,4.4,6 km SE of Bobon  Philippines
2023-06-19T16:17:50.341Z,5.4391,126.9515,11.668,4.6,133 km SE of Pondaguitan  Philippines
2023-06-20T01:45:41.630Z,5.8912,126.3995,92.963,4.5,57 km SSE of Pondaguitan  Philippines
2023-06-20T04:08:58.773Z,9.7527,125.8107,10,4.5,21 km NE of Gigaquit  Philippines
2023-06-21T00:25:33.489Z,5.4612,127.0329,9.168,4.4,137 km SE of Pondaguitan  Philippines
2023-06-22T08:03:39.134Z,2.0172,126.0144,109.012,4,117 km ENE of Bitung  Indonesia
2023-06-24T23:49:54.241Z,5.6878,124.1148,511.838,4.4,Mindanao  Philippines
2023-06-25T19:21:30.311Z,1.6379,126.6483,47.793,4.5,124 km NW of Ternate  Indonesia
2023-06-27T15:57:01.048Z,4.9418,127.3006,18.602,4.3,200 km SE of Pondaguitan  Philippines
2023-06-28T13:21:55.168Z,1.7544,127.2546,106.678,4.4,84 km W of Tobelo  Indonesia
2023-06-29T02:06:58.451Z,1.9885,127.6309,89.651,4.3,51 km NW of Tobelo  Indonesia
2023-06-29T05:15:39.734Z,8.2949,126.5507,64.118,4.5,19 km NE of Barcelona  Philippines
2023-06-29T08:09:00.089Z,2.1059,126.5527,44.571,4.7,167 km WNW of Tobelo  Indonesia
2023-06-29T13:52:38.833Z,5.6935,125.8156,120.851,4.6,31 km SE of Caburan  Philippines
2023-06-30T10:29:49.017Z,3.3941,127.9104,102.912,4.7,184 km N of Tobelo  Indonesia
2023-07-01T19:48:28.867Z,5.1351,127.0969,84.791,4.4,169 km SE of Pondaguitan  Philippines
2023-07-02T05:40:02.399Z,8.78,126.0234,10,4.7,16 km NNE of Los Arcos  Philippines
2023-07-03T00:36:47.704Z,4.1335,123.3752,511.233,4,244 km SSW of Mabay  Philippines
2023-07-03T05:46:26.206Z,6.4721,126.426,76.253,4.3,30 km ENE of Pondaguitan  Philippines
2023-07-03T06:30:15.615Z,4.5967,126.0017,136.122,4.4,107 km SE of Sarangani  Philippines
2023-07-03T10:20:25.701Z,5.8358,124.3778,35,4.8,26 km SSW of Maitum  Philippines
2023-07-05T13:32:10.545Z,1.9023,126.3075,48.715,4.2,140 km ENE of Bitung  Indonesia
2023-07-06T06:54:18.171Z,2.721,125.9522,109.655,4.3,168 km NNE of Bitung  Indonesia
2023-07-06T15:40:00.116Z,2.1477,122.6855,10,4.6,182 km NNW of Gorontalo  Indonesia
2023-07-08T10:13:00.216Z,8.9463,127.1464,10,4.5,92 km E of Aras-asan  Philippines
2023-07-09T20:32:40.546Z,2.9291,128.6413,226.471,4.2,150 km NNE of Tobelo  Indonesia
2023-07-10T07:12:06.771Z,2.5357,127.965,145.732,4.3,89 km N of Tobelo  Indonesia
2023-07-10T08:45:19.590Z,5.9075,126.4984,71.824,4.2,61 km SE of Pondaguitan  Philippines
2023-07-10T12:05:26.307Z,7.8794,127.3975,10,4.8,95 km ENE of Kinablangan  Philippines
2023-07-11T02:27:23.870Z,2.9906,128.4205,226.672,4.2,146 km NNE of Tobelo  Indonesia
2023-07-12T07:39:46.663Z,6.5085,125.7913,158.225,4.4,22 km ENE of Malita  Philippines
2023-07-12T20:50:57.160Z,2.9924,127.3139,44.178,4.8,159 km NNW of Tobelo  Indonesia
2023-07-13T00:14:44.232Z,6.037,124.2117,483.281,4.2,18 km WSW of Malisbeng  Philippines
2023-07-13T03:10:39.700Z,2.7808,127.5929,68.875,4.2,125 km NNW of Tobelo  Indonesia
2023-07-13T15:50:37.128Z,4.5582,128.1979,10,4.2,north of Halmahera  Indonesia
2023-07-14T14:04:04.900Z,6.3072,126.0262,78.1,4.3,16 km SW of Surup  Philippines
2023-07-15T05:45:14.573Z,5.2285,123.9699,496.137,4.1,106 km SSW of Mabay  Philippines
2023-07-17T09:57:12.688Z,5.155,125.0917,85.797,4.4,49 km WSW of Sarangani  Philippines
2023-07-17T15:35:24.450Z,5.7772,124.0668,9,5.4,49 km SW of Malisbeng  Philippines
2023-07-19T23:08:07.513Z,3.1049,128.4342,214.209,4.9,north of Halmahera  Indonesia
2023-07-21T16:41:45.679Z,2.3813,126.8311,55.166,4.4,149 km WNW of Tobelo  Indonesia
2023-07-21T19:24:48.127Z,6.7437,126.5384,74.308,4.3,26 km ESE of Bobon  Philippines
2023-07-22T20:41:02.999Z,8.6299,126.1082,95.404,4.1,1 km ESE of Lianga  Philippines
2023-07-23T06:02:50.442Z,2.6433,127.2759,93.124,4.5,129 km NW of Tobelo  Indonesia
2023-07-24T17:26:35.243Z,5.2341,124.0175,481.237,4.4,103 km SSW of Maitum  Philippines
2023-07-25T15:35:05.938Z,2.2525,126.8188,55.246,5.1,144 km WNW of Tobelo  Indonesia
2023-07-26T17:47:57.448Z,4.775,124.963,11.677,5.1,88 km SW of Sarangani  Philippines
2023-07-28T13:58:29.417Z,2.5156,125.4085,135.606,4.2,Pulau-Pulau Sangihe  Indonesia
2023-07-28T21:27:32.820Z,1.4578,126.3419,34.519,4.3,135 km E of Bitung  Indonesia
2023-07-28T22:16:04.878Z,4.377,126.3133,103.048,4.4,147 km SE of Sarangani  Philippines
2023-07-29T09:53:34.210Z,3.1707,126.5965,55.623,4.3,223 km NW of Tobelo  Indonesia
2023-07-30T21:14:47.243Z,9.1855,126.8404,10,4.5,Mindanao  Philippines
2023-07-31T08:40:28.609Z,3.2574,127.1153,35,4.2,196 km NNW of Tobelo  Indonesia
2023-08-01T20:14:51.737Z,1.7884,126.2867,51.842,4.1,Molucca Sea
2023-08-01T22:22:57.453Z,3.5186,126.6394,59.028,4.4,245 km SSE of Sarangani  Philippines
2023-08-03T05:39:19.365Z,2.9043,128.1377,184.607,4.5,130 km N of Tobelo  Indonesia
2023-08-03T08:19:21.832Z,2.8096,127.1677,21.798,4.7,151 km NW of Tobelo  Indonesia
2023-08-03T09:20:41.031Z,3.3664,125.7158,164.219,4.2,222 km NNE of Bitung  Indonesia
2023-08-04T17:24:16.660Z,1.7508,124.5915,232.769,4.1,41 km NW of Manado  Indonesia
2023-08-04T23:11:25.548Z,3.9275,125.6547,119.119,4,Pulau-Pulau Sangihe  Indonesia
2023-08-06T01:39:34.085Z,8.007,127.0154,35,4.3,62 km NE of Kinablangan  Philippines
2023-08-07T02:11:49.924Z,2.901,126.912,35,4.2,Molucca Sea
2023-08-07T04:24:55.973Z,2.7525,126.7678,35,4.3,178 km NW of Tobelo  Indonesia
2023-08-07T04:38:32.044Z,4.6543,124.7343,286.702,4,Celebes Sea
2023-08-07T08:06:05.310Z,1.8342,125.9571,10,4.5,101 km ENE of Bitung  Indonesia
2023-08-07T17:34:55.355Z,3.5213,126.7837,51.728,4.3,240 km NW of Tobelo  Indonesia
2023-08-08T10:04:02.569Z,7.4646,123.8751,595.945,4.1,22 km NW of Litayan  Philippines
2023-08-09T00:57:18.049Z,6.5014,126.3305,62.03,5.3,22 km NE of Pondaguitan  Philippines
2023-08-10T01:29:27.251Z,4.2838,126.0748,137.507,4.5,141 km SSE of Sarangani  Philippines
2023-08-10T03:11:17.501Z,4.0482,125.7234,124.686,4.7,152 km S of Sarangani  Philippines
2023-08-10T06:48:51.781Z,6.5022,126.3047,71.051,4.9,20 km E of Nangan  Philippines
2023-08-10T10:48:12.720Z,5.5836,126.8831,81.467,4.3,116 km SE of Pondaguitan  Philippines
2023-08-10T11:19:59.237Z,6.2704,125.6734,134.398,4.4,0 km NE of Talagutong  Philippines
2023-08-10T22:15:50.126Z,3.7067,126.5118,28.542,4.6,220 km SSE of Sarangani  Philippines
2023-08-11T19:06:03.394Z,5.8971,126.7848,118.445,4.4,84 km SE of Pondaguitan  Philippines
2023-08-13T19:05:16.232Z,4.8265,123.5558,512.723,4.3,168 km SSW of Malisbeng  Philippines
2023-08-16T02:30:54.088Z,4.4504,125.029,104.402,4.5,115 km SSW of Sarangani  Philippines
2023-08-16T13:53:30.326Z,2.9334,128.4669,229.246,4.3,142 km NNE of Tobelo  Indonesia
2023-08-16T22:53:09.594Z,1.511,126.3738,55.646,4.6,137 km NW of Ternate  Indonesia
2023-08-18T17:01:02.057Z,1.6964,124.1125,291.771,4.4,85 km WNW of Manado  Indonesia
2023-08-19T06:34:36.212Z,8.9217,126.292,69.143,4.8,1 km SSE of Bacolod  Philippines
2023-08-21T02:54:13.564Z,5.1078,127.4328,153.071,4.8,196 km SE of Pondaguitan  Philippines
2023-08-21T11:46:41.002Z,6.6164,126.5097,82.044,4.6,34 km SE of Bobon  Philippines
2023-08-21T17:37:04.478Z,2.3355,124.3319,294.06,4.1,110 km NNW of Manado  Indonesia
2023-08-21T22:02:34.908Z,7.8308,126.8885,9.636,4.3,Mindanao  Philippines
2023-08-22T03:22:06.957Z,3.4182,128.6194,35,4.4,198 km NNE of Tobelo  Indonesia
2023-08-22T10:21:59.155Z,7.4632,126.9479,35,4.5,40 km E of Baculin  Philippines
2023-08-22T18:37:57.181Z,3.3506,125.6998,60.685,4.5,220 km NNE of Bitung  Indonesia
2023-08-22T21:55:35.679Z,3.1315,127.1509,53.616,4.2,182 km NNW of Tobelo  Indonesia
2023-08-23T10:28:26.940Z,2.0068,127.1782,103.176,4.3,97 km WNW of Tobelo  Indonesia
2023-08-25T19:13:41.882Z,6.2438,124.7479,13.286,5,4 km ENE of Lake Sebu  Philippines
2023-08-26T07:28:50.277Z,6.1649,124.7253,12.717,4.4,6 km SSE of Lake Sebu  Philippines
2023-08-27T21:53:51.791Z,2.2028,126.734,51.45,4.4,151 km WNW of Tobelo  Indonesia
2023-08-28T17:51:11.460Z,2.1943,127.1223,106.653,4.2,Molucca Sea
2023-08-28T17:59:16.946Z,4.3673,126.5051,28.833,5.3,Pulau-Pulau Talaud  Indonesia
2023-08-29T13:57:38.803Z,5.8834,126.056,109.903,4.4,43 km ESE of Mangili  Philippines
2023-08-29T20:00:28.978Z,5.9227,125.7224,185.071,4.3,8 km ESE of Culaman  Philippines
2023-09-01T05:53:17.771Z,4.8872,127.4966,126.215,4.3,218 km SE of Pondaguitan  Philippines
2023-09-01T21:10:51.046Z,4.0378,128.0545,79.146,4.2,255 km N of Tobelo  Indonesia
2023-09-02T18:58:53.738Z,5.2007,123.4199,572.256,4.3,140 km SW of Palimbang  Philippines
2023-09-03T18:15:09.249Z,4.924,125.6615,109.192,4.7,57 km SSE of Sarangani  Philippines
2023-09-03T21:23:12.449Z,8.8765,122.5669,10,4.5,47 km WSW of Cabangahan  Philippines
2023-09-03T21:40:53.617Z,8.7962,122.4767,10,4.8,60 km WSW of Cabangahan  Philippines
2023-09-04T09:11:16.954Z,2.1697,127.241,104.328,5,98 km WNW of Tobelo  Indonesia
2023-09-05T04:12:27.842Z,5.6574,126.5287,78.2,4.7,86 km SSE of Pondaguitan  Philippines
2023-09-06T00:07:08.512Z,2.68,127.0446,48.8,4.9,150 km NW of Tobelo  Indonesia
2023-09-06T07:51:57.948Z,7.0227,125.5087,13.273,4.9,4 km ESE of Bato  Philippines
2023-09-06T15:12:06.954Z,5.4647,123.8077,545.728,4.3,92 km SSW of Palimbang  Philippines
2023-09-07T12:44:52.715Z,9.6223,126.3135,38.475,4.2,26 km ESE of Union  Philippines
2023-09-07T15:18:49.106Z,1.8195,122.9838,421.31,4.3,142 km N of Gorontalo  Indonesia
2023-09-07T19:20:13.205Z,4.405,127.7487,130.486,5.1,276 km ESE of Sarangani  Philippines
2023-09-08T22:50:02.683Z,4.1863,126.1948,115.34,4.5,157 km SSE of Sarangani  Philippines
2023-09-10T05:42:40.635Z,2.3262,127.5239,87.377,4.9,85 km NW of Tobelo  Indonesia
2023-09-10T07:13:04.437Z,2.5155,127.0783,57.368,4.5,135 km NW of Tobelo  Indonesia
2023-09-10T10:21:01.572Z,1.6239,127.0086,116.075,4.9,101 km NNW of Ternate  Indonesia
2023-09-10T19:44:27.716Z,4.8223,126.1393,10,4.3,98 km SE of Sarangani  Philippines
2023-09-10T22:38:30.807Z,2.5581,127.1756,87.295,4.3,130 km NW of Tobelo  Indonesia
2023-09-12T02:01:06.787Z,1.9116,125.9141,10,4.1,101 km ENE of Bitung  Indonesia
2023-09-13T23:51:54.383Z,1.7725,127.1011,125.584,4,101 km W of Tobelo  Indonesia
2023-09-14T13:46:01.944Z,8.012,124.8651,10,4.6,3 km S of Basak  Philippines
2023-09-14T23:34:41.094Z,5.4208,126.7951,137.169,4.2,124 km SSE of Pondaguitan  Philippines
2023-09-15T12:44:00.449Z,2.6591,127.1326,57.272,4.3,141 km NW of Tobelo  Indonesia
2023-09-16T10:04:52.845Z,3.8828,126.2644,8.99,4.9,190 km SSE of Sarangani  Philippines
2023-09-18T02:51:37.006Z,2.8782,126.204,35,4.3,198 km NE of Bitung  Indonesia
2023-09-19T04:32:17.124Z,6.1041,126.9186,81.367,4.6,86 km ESE of Pondaguitan  Philippines
2023-09-20T02:31:40.126Z,1.5514,126.2641,53.204,4.4,126 km E of Bitung  Indonesia
2023-09-20T10:05:27.904Z,5.9006,125.682,11.1,4.2,4 km ESE of Caburan  Philippines
2023-09-20T23:25:14.882Z,3.4693,126.9877,35,4.4,223 km NNW of Tobelo  Indonesia
2023-09-21T08:13:08.494Z,3.6016,126.9641,39.74,4.4,237 km NNW of Tobelo  Indonesia
2023-09-22T03:18:12.961Z,6.2175,123.7635,582.801,4.4,39 km SW of Sangay  Philippines
2023-09-26T01:39:43.416Z,4.7109,127.5053,94,5.9,234 km SE of Pondaguitan  Philippines
2023-09-26T02:12:27.799Z,4.6957,127.4741,35,4.5,233 km SE of Pondaguitan  Philippines
2023-09-26T04:20:49.510Z,4.6278,126.8379,35,4.2,174 km ESE of Sarangani  Philippines
2023-09-26T07:36:46.430Z,9.8894,126.1526,67.572,4.5,6 km ENE of Pilar  Philippines
2023-09-26T22:17:37.567Z,3.1467,126.9475,57.627,4.5,196 km NW of Tobelo  Indonesia
2023-09-27T04:06:53.106Z,2.3851,123.1384,10,4.2,204 km N of Gorontalo  Indonesia
2023-09-28T03:31:45.910Z,9.6651,125.6695,50.762,4.5,7 km NNE of Bacuag  Philippines
2023-09-28T17:06:29.204Z,8.9872,126.473,68.191,4.9,20 km ENE of Aras-asan  Philippines
2023-09-29T00:39:10.062Z,6.5934,127.4795,10,4.4,124 km ESE of San Ignacio  Philippines
2023-09-29T23:55:00.302Z,4.8524,125.1348,10,4.5,70 km SSW of Sarangani  Philippines
2023-09-30T11:40:50.689Z,9.1821,126.3269,61.81,4.1,16 km E of Tigao  Philippines
2023-10-01T22:54:27.707Z,8.033,126.6357,78.009,4.6,21 km ENE of Santa Maria  Philippines
2023-10-02T04:15:02.442Z,4.8241,124.9659,290.986,4.2,84 km SW of Sarangani  Philippines
2023-10-02T20:59:08.656Z,5.0962,127.0894,66.765,4.5,172 km SE of Pondaguitan  Philippines
2023-10-03T03:58:22.310Z,2.2572,126.6817,35,4.3,158 km WNW of Tobelo  Indonesia
2023-10-03T13:53:04.726Z,4.5477,127.5947,82.879,5.1,254 km ESE of Sarangani  Philippines
2023-10-04T11:21:47.730Z,5.3171,126.0438,113,6.4,65 km E of Sarangani  Philippines
2023-10-05T03:38:23.429Z,4.3363,125.7723,107.765,4.6,122 km SSE of Sarangani  Philippines
2023-10-07T23:18:02.354Z,6.0897,126.0327,145.473,4.2,34 km SSW of Pondaguitan  Philippines
2023-10-08T04:08:01.389Z,1.5586,126.0481,115.834,4.3,103 km E of Bitung  Indonesia
2023-10-08T10:46:05.853Z,8.4263,127.3969,10,4.2,110 km ENE of Barcelona  Philippines
2023-10-09T12:24:38.452Z,3.2721,127.0418,36.062,4.8,201 km NNW of Tobelo  Indonesia
2023-10-09T12:35:56.770Z,3.2283,126.9733,47.84,4.3,201 km NW of Tobelo  Indonesia
2023-10-09T17:00:42.653Z,3.1996,127.0809,40.452,4.3,192 km NNW of Tobelo  Indonesia
2023-10-11T00:04:40.227Z,3.0841,125.7969,153.159,4.6,196 km NNE of Bitung  Indonesia
2023-10-11T13:09:50.520Z,8.4586,126.6335,75.806,4.5,34 km ENE of Hinatuan  Philippines
2023-10-11T18:12:32.069Z,4.225,126.3929,39.961,4.1,166 km SE of Sarangani  Philippines
2023-10-11T20:48:27.455Z,2.7171,127.0552,74.741,4,152 km NW of Tobelo  Indonesia
2023-10-19T18:58:51.126Z,7.4623,126.3516,8.494,5.9,18 km WSW of Batiano  Philippines
2023-10-20T01:24:33.841Z,9.0497,126.5238,35,4.4,28 km ENE of Bacolod  Philippines
2023-10-20T02:52:46.580Z,1.9259,125.3448,131.388,4.3,58 km NNE of Bitung  Indonesia
2023-10-20T13:07:02.201Z,2.1185,127.8186,228.275,4.6,48 km NNW of Tobelo  Indonesia
2023-10-21T05:29:55.353Z,9.0661,126.6327,48.681,4.5,40 km ENE of Aras-asan  Philippines
2023-10-21T05:32:48.003Z,9.1202,126.5564,64.936,4.7,35 km ENE of La Paz  Philippines
2023-10-21T15:21:42.967Z,9.1216,126.5906,35,4.6,39 km ENE of La Paz  Philippines
2023-10-24T08:40:45.961Z,6.4632,127.3249,10,4.1,116 km SE of Tarragona  Philippines
2023-10-24T11:53:43.773Z,7.8705,122.1504,10,4.3,18 km N of Siocon  Philippines
2023-10-27T03:02:03.809Z,1.646,126.2336,56.593,4.4,125 km E of Bitung  Indonesia
2023-10-27T10:05:26.213Z,2.3531,126.6958,35,4.9,161 km WNW of Tobelo  Indonesia
2023-10-28T18:52:37.478Z,7.3558,126.3605,8.57,4.4,17 km W of San Pedro  Philippines
2023-10-29T00:53:33.597Z,9.3212,125.9588,10,4.4,2 km SW of Cantilan  Philippines
2023-10-29T00:56:19.387Z,9.1722,125.8036,10,4.6,19 km SW of Parang  Philippines
2023-10-29T01:48:29.212Z,9.1714,125.6085,10,4.7,3 km NE of Del Pilar  Philippines
2023-10-30T11:55:54.234Z,4.8117,125.6197,171.78,4.4,67 km SSE of Sarangani  Philippines
2023-10-30T17:11:21.504Z,5.1126,125.9602,71.024,4.2,63 km ESE of Sarangani  Philippines
2023-10-31T18:02:24.984Z,5.1626,127.203,94.284,4.8,174 km SE of Pondaguitan  Philippines
2023-11-02T17:02:02.020Z,4.4748,127.7044,135.681,4.3,268 km SE of Pondaguitan  Philippines
2023-11-03T19:06:42.596Z,9.7112,126.2947,46.691,4,20 km ESE of Union  Philippines
2023-11-04T00:18:19.089Z,1.5451,125.412,10,4.6,33 km ENE of Bitung  Indonesia
2023-11-06T05:53:21.157Z,3.222,126.3796,51.538,4.3,241 km NE of Bitung  Indonesia
2023-11-11T11:29:53.444Z,4.9036,127.6567,18.026,4.4,229 km SE of Pondaguitan  Philippines
2023-11-12T21:05:47.930Z,5.4199,126.9068,122.711,4.4,131 km SE of Pondaguitan  Philippines
2023-11-14T00:10:14.942Z,5.8937,124.3413,35,4.9,22 km SW of Mabay  Philippines
2023-11-14T02:34:35.482Z,3.1889,128.2366,35,4.3,163 km N of Tobelo  Indonesia
2023-11-14T17:15:31.960Z,5.6567,125.2921,229,4.3,5 km SSE of Pangyan  Philippines
2023-11-14T18:21:47.382Z,4.9181,126.4698,75.656,4.6,123 km ESE of Sarangani  Philippines
2023-11-14T19:19:55.361Z,1.3856,125.7397,10,4.6,68 km E of Bitung  Indonesia
2023-11-15T23:26:14.296Z,1.9998,124.1476,289,5.8,96 km NW of Manado  Indonesia
2023-11-16T14:59:29.839Z,9.4227,126.2069,68.665,4.6,15 km N of Cortes  Philippines
2023-11-16T16:43:33.020Z,9.5056,126.3257,87.036,4.4,29 km NNE of Cortes  Philippines
2023-11-17T08:14:10.513Z,5.5627,125.0013,52,6.7,32 km SW of Kablalan  Philippines
2023-11-17T21:15:09.207Z,5.5221,125.0746,78.002,4.2,29 km SW of Burias  Philippines
2023-11-17T21:49:05.600Z,9.7495,126.5956,49.012,4.5,53 km E of Union  Philippines
2023-11-17T21:50:46.768Z,9.6619,126.3622,43.519,4.4,29 km ESE of Union  Philippines
2023-11-18T04:18:18.721Z,5.533,124.9855,74.942,4.5,35 km S of Maasim  Philippines
2023-11-18T11:20:03.011Z,5.9807,125.9702,157.795,4.2,31 km E of Mangili  Philippines
2023-11-18T11:29:39.544Z,6.0134,127.0822,168.006,4.1,107 km ESE of Pondaguitan  Philippines
2023-11-19T22:04:17.739Z,5.2884,125.8385,101.655,4.2,43 km ESE of Sarangani  Philippines
2023-11-20T19:28:25.747Z,5.677,125.2156,84.367,5,6 km SW of Burias  Philippines
2023-11-20T22:20:36.629Z,5.7813,125.3774,224.932,4.3,9 km SE of Kiupo  Philippines
2023-11-22T02:48:51.641Z,1.7827,127.1887,102,6,91 km W of Tobelo  Indonesia
2023-11-23T03:24:33.295Z,5.5742,125.1139,88.745,4.7,22 km SW of Burias  Philippines
2023-11-23T13:36:02.650Z,6.4901,125.9908,142.498,4.4,11 km WSW of Luzon  Philippines
2023-11-23T14:13:08.653Z,5.9335,126.5949,102.687,4.5,66 km SE of Pondaguitan  Philippines
2023-11-25T01:27:17.062Z,2.8868,128.4964,231.74,4,139 km NNE of Tobelo  Indonesia
2023-11-25T18:53:12.621Z,3.3346,124.7649,10,4.5,205 km N of Manado  Indonesia
2023-11-26T08:32:45.857Z,1.6971,125.8159,11.617,4.2,81 km ENE of Bitung  Indonesia
2023-11-27T04:03:36.992Z,4.6795,127.5096,136.446,4.4,237 km SE of Pondaguitan  Philippines
2023-11-27T07:18:44.239Z,2.5914,122.1634,543.903,4.4,248 km NNW of Gorontalo  Indonesia
2023-11-27T15:38:18.024Z,9.2458,125.5241,10,4.3,3 km W of Jagupit  Philippines
2023-11-28T21:32:02.188Z,9.1071,123.096,10,4.3,5 km ESE of Casala-an  Philippines
2023-11-30T16:48:20.483Z,6.0112,126.0773,137.312,4.3,40 km SSW of Pondaguitan  Philippines
2023-11-30T22:18:05.042Z,6.9228,123.9963,547.456,4.1,13 km N of Gadung  Philippines
2023-12-02T14:37:04.454Z,8.5266,126.4161,40,7.6,19 km E of Gamut  Philippines
2023-12-02T14:44:03.355Z,8.5324,126.5047,66.534,5.4,25 km NE of Hinatuan  Philippines
2023-12-02T14:44:36.381Z,8.0495,126.6059,43.301,5.4,18 km ENE of Santa Maria  Philippines
2023-12-02T14:48:41.232Z,8.3993,126.7463,62.784,5.3,43 km NE of Barcelona  Philippines
2023-12-02T14:56:53.045Z,8.512,126.6287,69.498,4.7,35 km ENE of Hinatuan  Philippines
2023-12-02T14:57:07.542Z,8.2844,127.4358,10,4.7,111 km E of Barcelona  Philippines
2023-12-02T14:58:41.421Z,8.4741,126.5814,79.33,4.9,29 km ENE of Hinatuan  Philippines
2023-12-02T15:00:11.497Z,8.6266,126.8901,62.46,5.3,67 km ENE of Hinatuan  Philippines
2023-12-02T15:02:24.673Z,8.2958,126.5879,78.694,4.7,22 km NE of Barcelona  Philippines
2023-12-02T15:06:46.280Z,8.3198,127.0017,61.655,5.8,65 km ENE of Barcelona  Philippines
2023-12-02T15:08:56.249Z,8.3335,126.5833,61.311,5.4,25 km NE of Barcelona  Philippines
2023-12-02T15:10:05.463Z,8.3316,127.1679,10,5,83 km ENE of Barcelona  Philippines
2023-12-02T15:15:21.087Z,8.3786,126.529,75.936,4.7,21 km E of Hinatuan  Philippines
2023-12-02T15:18:01.883Z,8.6804,126.4855,71.023,4.5,24 km ESE of Marihatag  Philippines
2023-12-02T15:20:59.590Z,8.3114,126.7872,40.703,4.9,42 km ENE of Barcelona  Philippines
2023-12-02T15:21:07.158Z,8.33,126.6462,39.383,5,30 km NE of Barcelona  Philippines
2023-12-02T15:22:05.017Z,8.3389,126.6551,60.468,5.4,31 km NE of Barcelona  Philippines
2023-12-02T15:24:04.209Z,8.4636,126.7699,52.514,4.8,49 km ENE of Hinatuan  Philippines
2023-12-02T15:29:32.440Z,8.3172,127.0409,37.696,5,69 km ENE of Barcelona  Philippines
2023-12-02T15:31:08.767Z,8.3139,126.6074,78.05,4.9,25 km NE of Barcelona  Philippines
2023-12-02T15:31:29.616Z,8.4758,126.7648,66.805,5.5,48 km ENE of Hinatuan  Philippines
2023-12-02T15:34:18.001Z,8.5618,127.2502,10,4.7,100 km ENE of Barcelona  Philippines
2023-12-02T15:35:14.924Z,8.4636,126.6339,65.879,4.5,34 km ENE of Hinatuan  Philippines
2023-12-02T15:38:26.947Z,8.4345,126.8572,62.666,4.9,55 km ENE of Barcelona  Philippines
2023-12-02T15:40:44.672Z,8.3484,126.5641,79.037,4.8,25 km NE of Barcelona  Philippines
2023-12-02T15:42:47.515Z,8.5072,126.852,16.902,5.3,58 km ENE of Hinatuan  Philippines
2023-12-02T15:46:24.573Z,8.515,126.8914,54.05,5.3,63 km ENE of Hinatuan  Philippines
2023-12-02T15:50:41.864Z,8.4619,126.7007,59.672,5.2,41 km ENE of Hinatuan  Philippines
2023-12-02T15:54:11.965Z,8.345,126.882,62.271,4.9,53 km ENE of Barcelona  Philippines
2023-12-02T16:00:19.448Z,8.3084,126.5232,59.259,4.4,19 km NNE of Barcelona  Philippines
2023-12-02T16:03:41.167Z,8.4377,126.757,35,6.4,47 km NE of Barcelona  Philippines
2023-12-02T16:08:45.248Z,8.4782,126.4787,74.57,5.2,19 km NE of Hinatuan  Philippines
2023-12-02T16:09:04.122Z,8.5779,126.6901,66.337,5.3,45 km ENE of Hinatuan  Philippines
2023-12-02T16:13:21.219Z,8.4217,126.8856,45.383,5.2,57 km ENE of Barcelona  Philippines
2023-12-02T16:17:01.047Z,8.4904,126.7396,44.034,5.6,46 km ENE of Hinatuan  Philippines
2023-12-02T16:18:29.453Z,7.421,126.7924,10,4.8,23 km E of Baculin  Philippines
2023-12-02T16:19:46.488Z,8.3677,126.7855,52.821,5.7,45 km ENE of Barcelona  Philippines
2023-12-02T16:23:23.080Z,8.2291,126.564,60.964,5.2,16 km ENE of Barcelona  Philippines
2023-12-02T16:25:21.074Z,8.6872,126.5345,62.905,4.7,29 km ESE of Marihatag  Philippines
2023-12-02T16:26:36.280Z,8.3219,126.6062,73.882,4.8,26 km NE of Barcelona  Philippines
2023-12-02T16:29:28.206Z,8.4037,126.7321,61.367,4.8,42 km NE of Barcelona  Philippines
2023-12-02T16:31:00.963Z,8.5143,126.8698,61.012,4.6,61 km ENE of Hinatuan  Philippines
2023-12-02T16:33:40.416Z,8.5451,126.6704,50.541,4.7,41 km ENE of Hinatuan  Philippines
2023-12-02T16:34:26.071Z,8.4138,126.7358,55.396,5,43 km NE of Barcelona  Philippines
2023-12-02T16:34:59.073Z,8.6092,126.6631,58.952,5.4,44 km NE of Hinatuan  Philippines
2023-12-02T16:38:31.770Z,8.3359,127.1387,10,4.8,80 km ENE of Barcelona  Philippines
2023-12-02T16:46:34.355Z,8.3737,126.8696,67.709,4.6,53 km ENE of Barcelona  Philippines
2023-12-02T16:47:18.650Z,8.3682,126.6444,37.848,4.9,32 km NE of Barcelona  Philippines
2023-12-02T16:48:27.104Z,8.4416,126.6029,64.434,4.8,30 km ENE of Hinatuan  Philippines
2023-12-02T16:51:00.029Z,8.4415,126.549,66.423,4.8,24 km ENE of Hinatuan  Philippines
2023-12-02T16:53:08.675Z,8.4005,126.8647,46.557,5.7,54 km ENE of Barcelona  Philippines
2023-12-02T16:57:56.144Z,8.2761,126.6311,60.662,5,25 km ENE of Barcelona  Philippines
2023-12-02T17:00:11.740Z,8.4675,126.9878,55.04,4.7,69 km ENE of Barcelona  Philippines
2023-12-02T17:00:23.430Z,8.6264,125.4426,106.821,4.7,21 km SW of Tungao  Philippines
2023-12-02T17:00:33.380Z,8.4159,126.6224,37.512,4.8,32 km E of Hinatuan  Philippines
2023-12-02T17:01:16.201Z,8.5006,126.6137,48.563,4.8,33 km ENE of Hinatuan  Philippines
2023-12-02T17:02:01.494Z,8.3663,126.666,48.605,5.3,34 km NE of Barcelona  Philippines
2023-12-02T17:05:43.397Z,7.9637,126.406,35,4.7,5 km SW of Santa Maria  Philippines
2023-12-02T17:08:41.827Z,8.3445,126.7874,55.013,4.6,43 km ENE of Barcelona  Philippines
2023-12-02T17:14:46.734Z,8.1914,126.4573,85.883,4.6,4 km NE of Barcelona  Philippines
2023-12-02T17:16:08.290Z,8.288,126.6202,68.436,4.9,24 km NE of Barcelona  Philippines
2023-12-02T17:18:39.188Z,8.7485,127.0127,10,4.6,78 km ESE of Aras-asan  Philippines
2023-12-02T17:19:10.397Z,9.2421,126.7427,23.688,4.6,59 km ENE of La Paz  Philippines
2023-12-02T17:20:54.678Z,8.4797,126.7097,74.775,4.4,43 km ENE of Hinatuan  Philippines
2023-12-02T17:25:08.774Z,8.1397,126.397,87.86,4.4,4 km WSW of Barcelona  Philippines
2023-12-02T17:26:53.111Z,8.597,126.9183,51.416,4.7,68 km ENE of Hinatuan  Philippines
2023-12-02T17:29:48.917Z,8.3353,126.5881,68.871,4.3,25 km NE of Barcelona  Philippines
2023-12-02T17:31:40.838Z,8.6831,126.7248,57.067,5,49 km ESE of Marihatag  Philippines
2023-12-02T17:32:49.460Z,8.7159,126.7491,63.906,5,52 km ESE of Marihatag  Philippines
2023-12-02T17:38:36.868Z,8.6054,126.7732,55.666,4.5,54 km ENE of Hinatuan  Philippines
2023-12-02T17:40:15.233Z,8.423,126.722,36.091,6.1,41 km NE of Barcelona  Philippines
2023-12-02T17:42:16.957Z,8.4261,126.5207,79.813,5.6,21 km ENE of Hinatuan  Philippines
2023-12-02T17:43:14.348Z,8.2748,126.8279,35,5.4,45 km ENE of Barcelona  Philippines
2023-12-02T17:45:05.220Z,8.3044,126.5663,51.478,5.4,21 km NE of Barcelona  Philippines
2023-12-02T17:49:44.163Z,8.3332,126.671,87.186,5,32 km NE of Barcelona  Philippines
2023-12-02T17:50:08.095Z,8.4132,126.6901,78.239,5,39 km E of Hinatuan  Philippines
2023-12-02T17:51:16.261Z,8.4873,126.728,61.143,5,45 km ENE of Hinatuan  Philippines
2023-12-02T17:52:47.087Z,6.6163,126.3206,2.716,4.6,23 km E of Tibanbang  Philippines
2023-12-02T17:55:28.180Z,8.6642,126.7521,64.275,5.6,52 km ESE of Marihatag  Philippines
2023-12-02T18:00:06.161Z,8.6995,126.598,36.185,4.9,35 km ESE of Marihatag  Philippines
2023-12-02T18:00:56.405Z,8.2941,126.7348,88.254,4.7,36 km ENE of Barcelona  Philippines
2023-12-02T18:01:24.013Z,8.4454,126.8357,48.987,5.2,54 km NE of Barcelona  Philippines
2023-12-02T18:03:47.876Z,8.8292,126.2411,10,4.8,6 km WNW of Marihatag  Philippines
2023-12-02T18:04:43.289Z,8.4814,126.5757,46.984,5.1,29 km ENE of Hinatuan  Philippines
2023-12-02T18:06:05.091Z,8.4534,126.5004,75.992,4.6,20 km ENE of Hinatuan  Philippines
2023-12-02T18:06:29.578Z,8.4214,126.7036,57.413,5.1,41 km E of Hinatuan  Philippines
2023-12-02T18:09:25.972Z,8.4402,126.9387,46.378,6.3,63 km ENE of Barcelona  Philippines
2023-12-02T18:13:24.295Z,8.302,126.5678,60.889,5.1,21 km NE of Barcelona  Philippines
2023-12-02T18:15:29.883Z,8.4645,126.4469,68.843,4.6,16 km NE of Hinatuan  Philippines
2023-12-02T18:20:40.812Z,8.5944,126.6118,48.935,5.4,37 km NE of Hinatuan  Philippines
2023-12-02T18:28:18.291Z,8.4848,126.5006,62.076,4.9,22 km NE of Hinatuan  Philippines
2023-12-02T18:33:15.008Z,8.2447,126.5128,32.453,4.2,12 km NE of Barcelona  Philippines
2023-12-02T18:34:08.680Z,8.4537,126.7402,61.95,4.4,45 km ENE of Hinatuan  Philippines
2023-12-02T18:40:15.266Z,8.5012,126.4676,65.42,4.4,20 km NE of Hinatuan  Philippines
2023-12-02T18:40:37.283Z,8.4293,126.583,50.477,4.6,28 km ENE of Hinatuan  Philippines
2023-12-02T18:47:15.241Z,8.4865,126.6174,48.484,4.4,33 km ENE of Hinatuan  Philippines
2023-12-02T18:48:43.186Z,8.5544,126.5027,71.457,4.1,27 km NE of Hinatuan  Philippines
2023-12-02T18:54:07.425Z,8.3016,126.4003,87.907,4.2,6 km E of Tidman  Philippines
2023-12-02T18:57:21.108Z,8.3917,126.6298,67.428,4.6,32 km E of Hinatuan  Philippines
2023-12-02T18:59:30.012Z,8.2944,126.6192,75.043,4.5,25 km NE of Barcelona  Philippines
2023-12-02T19:03:41.581Z,8.4907,126.6743,70.123,4.7,39 km ENE of Hinatuan  Philippines
2023-12-02T19:05:02.451Z,8.6903,126.7547,57.132,4.8,52 km ESE of Marihatag  Philippines
2023-12-02T19:06:35.740Z,8.1827,126.454,84.022,4.5,3 km NE of Barcelona  Philippines
2023-12-02T19:08:16.080Z,8.4511,126.6778,63.074,4.7,38 km ENE of Hinatuan  Philippines
2023-12-02T19:10:52.152Z,8.3241,126.7782,49.808,4.8,42 km ENE of Barcelona  Philippines
2023-12-02T19:15:24.487Z,8.3655,126.436,56.883,4.5,11 km E of Hinatuan  Philippines
2023-12-02T19:17:00.158Z,8.4791,126.8697,22.118,5.3,59 km NE of Barcelona  Philippines
2023-12-02T19:19:21.467Z,8.4136,126.8349,22.227,5.3,52 km ENE of Barcelona  Philippines
2023-12-02T19:26:54.687Z,8.3843,127.1055,10,4.3,78 km ENE of Barcelona  Philippines
2023-12-02T19:34:25.945Z,8.3619,126.7236,60.814,4.6,38 km NE of Barcelona  Philippines
2023-12-02T19:37:00.943Z,8.4696,126.8694,40.843,5.3,58 km NE of Barcelona  Philippines
2023-12-02T19:44:48.633Z,8.7286,127.2714,10,4.7,107 km E of Aras-asan  Philippines
2023-12-02T19:53:19.144Z,8.3456,126.8791,43.904,4.2,53 km ENE of Barcelona  Philippines
2023-12-02T19:54:19.441Z,8.071,126.608,72.68,4.8,19 km ENE of Santa Maria  Philippines
2023-12-02T19:57:09.481Z,8.553,126.5629,75.105,5.2,32 km NE of Hinatuan  Philippines
2023-12-02T20:00:39.918Z,8.7779,126.5982,59.037,4.5,33 km E of Marihatag  Philippines
2023-12-02T20:05:00.692Z,8.8046,126.7985,48.212,4.4,54 km E of Aras-asan  Philippines
2023-12-02T20:12:32.210Z,8.7645,127.1948,10,4.4,98 km E of Aras-asan  Philippines
2023-12-02T20:15:37.688Z,8.3739,127.1705,12.771,4.4,84 km ENE of Barcelona  Philippines
2023-12-02T20:19:52.646Z,8.429,127.118,38.248,4.3,81 km ENE of Barcelona  Philippines
2023-12-02T20:27:40.711Z,8.6788,127.2219,10,4.3,102 km E of Marihatag  Philippines
2023-12-02T20:30:43.814Z,8.4058,126.6427,67.266,4.7,34 km E of Hinatuan  Philippines
2023-12-02T20:33:31.570Z,8.5645,126.9515,38.532,4.6,71 km ENE of Hinatuan  Philippines
2023-12-02T20:39:30.328Z,8.259,126.7494,63.645,5.4,36 km ENE of Barcelona  Philippines
2023-12-02T20:47:37.438Z,8.3986,126.5265,78.848,4.3,21 km E of Hinatuan  Philippines
2023-12-02T20:52:15.877Z,8.4475,126.7782,9,6,49 km NE of Barcelona  Philippines
2023-12-02T20:58:01.435Z,8.4768,126.7454,64.171,4.9,46 km ENE of Hinatuan  Philippines
2023-12-02T20:59:20.602Z,8.0777,126.6353,28.239,4.9,23 km ENE of Santa Maria  Philippines
2023-12-02T20:59:38.105Z,8.429,126.6642,34.964,4.9,36 km E of Hinatuan  Philippines
2023-12-02T21:01:36.093Z,8.4074,126.6247,66.984,4.6,32 km E of Hinatuan  Philippines
2023-12-02T21:07:10.806Z,8.4208,126.6183,73.479,4.6,31 km E of Hinatuan  Philippines
2023-12-02T21:07:18.946Z,8.4195,126.7332,35,4.9,43 km NE of Barcelona  Philippines
2023-12-02T21:07:51.349Z,8.3123,126.6272,45.673,5.1,27 km NE of Barcelona  Philippines
2023-12-02T21:14:56.891Z,8.5852,126.9329,55.277,4.6,70 km ENE of Hinatuan  Philippines
2023-12-02T21:16:07.839Z,8.3674,127.2501,10,4.5,92 km ENE of Barcelona  Philippines
2023-12-02T21:20:15.248Z,8.4185,126.8897,56.304,4.6,57 km ENE of Barcelona  Philippines
2023-12-02T21:21:00.999Z,8.4083,126.6577,57.009,4.5,35 km E of Hinatuan  Philippines
2023-12-02T21:22:48.333Z,8.5199,126.8444,44.043,4.4,58 km ENE of Hinatuan  Philippines
2023-12-02T21:23:41.013Z,8.555,126.8758,25.546,4.2,62 km ENE of Hinatuan  Philippines
2023-12-02T21:24:19.675Z,8.4672,126.7643,42.548,4.5,48 km ENE of Hinatuan  Philippines
2023-12-02T21:27:02.466Z,8.5219,126.8175,48.685,4.6,55 km ENE of Hinatuan  Philippines
2023-12-02T21:28:03.458Z,8.5077,126.8466,64.688,4.5,58 km ENE of Hinatuan  Philippines
2023-12-02T21:30:59.239Z,8.3293,126.6436,67.548,4.6,29 km NE of Barcelona  Philippines
2023-12-02T21:39:38.716Z,8.3828,126.6851,67.467,4.5,37 km NE of Barcelona  Philippines
2023-12-02T21:43:24.027Z,8.0825,126.6881,81.494,4.4,28 km ENE of Santa Maria  Philippines
2023-12-02T21:44:38.158Z,8.2805,126.6784,41.416,4.5,30 km ENE of Barcelona  Philippines
2023-12-02T21:45:47.629Z,8.4281,126.6863,70.833,4.4,39 km E of Hinatuan  Philippines
2023-12-02T21:46:41.734Z,8.4305,126.6716,59.285,5.1,37 km E of Hinatuan  Philippines
2023-12-02T21:52:34.875Z,8.5471,126.8652,45.848,4.6,61 km ENE of Hinatuan  Philippines
2023-12-02T21:54:22.030Z,8.5433,126.972,49.44,4.3,72 km ENE of Hinatuan  Philippines
2023-12-02T21:55:34.888Z,8.2369,126.7136,68.168,4.8,31 km ENE of Barcelona  Philippines
2023-12-02T22:00:42.964Z,8.4654,127.0695,29.473,4.5,77 km ENE of Barcelona  Philippines
2023-12-02T22:02:12.333Z,8.3554,126.6196,62.824,4.9,29 km NE of Barcelona  Philippines
2023-12-02T22:12:23.136Z,8.3555,126.7257,72.816,4.5,38 km NE of Barcelona  Philippines
2023-12-02T22:18:11.201Z,8.2931,126.3256,76.783,4.3,1 km WSW of Tidman  Philippines
2023-12-02T22:19:35.976Z,8.4739,126.8178,60.921,4.5,54 km ENE of Hinatuan  Philippines
2023-12-02T22:21:18.423Z,8.5366,126.9249,55.955,4.2,67 km ENE of Hinatuan  Philippines
2023-12-02T22:30:59.163Z,8.3409,126.5156,80.766,4.5,20 km ENE of Tidman  Philippines
2023-12-02T22:33:53.184Z,8.7614,127.1329,10,4.4,91 km E of Aras-asan  Philippines
2023-12-02T22:35:41.644Z,8.3688,126.8873,26.181,5.5,55 km ENE of Barcelona  Philippines
2023-12-02T22:41:20.321Z,8.2765,126.5273,77.099,4.7,16 km NE of Barcelona  Philippines
2023-12-02T22:43:39.695Z,8.3799,126.5588,86.825,4.5,24 km E of Hinatuan  Philippines
2023-12-02T22:45:19.891Z,8.533,126.8083,60.657,4.9,55 km ENE of Hinatuan  Philippines
2023-12-02T22:46:17.669Z,8.3473,126.6005,79.8,4.7,27 km NE of Barcelona  Philippines
2023-12-02T22:48:45.552Z,8.4622,126.7379,58.537,4.4,45 km ENE of Hinatuan  Philippines
2023-12-02T23:00:10.191Z,8.6393,127.0507,45.843,4.3,84 km ENE of Hinatuan  Philippines
2023-12-02T23:04:56.398Z,8.3262,126.6324,74.485,4.1,28 km NE of Barcelona  Philippines
2023-12-02T23:05:52.610Z,8.1109,127.251,66.184,4.2,89 km E of Santa Maria  Philippines
2023-12-02T23:08:55.720Z,8.946,126.5947,54.728,4,31 km ENE of Aras-asan  Philippines
2023-12-02T23:19:52.603Z,8.2707,126.725,50.695,4.6,34 km ENE of Barcelona  Philippines
2023-12-02T23:24:25.021Z,8.4343,126.803,62.283,4.5,50 km NE of Barcelona  Philippines
2023-12-02T23:45:20.880Z,8.5725,126.6356,62.581,4.8,39 km ENE of Hinatuan  Philippines
2023-12-02T23:50:11.895Z,8.3745,126.3916,98.675,4,6 km E of Hinatuan  Philippines
2023-12-02T23:52:03.502Z,8.6935,126.8778,54.173,4.1,65 km E of Marihatag  Philippines
2023-12-02T23:54:00.445Z,8.4178,126.8213,59.066,4.1,51 km NE of Barcelona  Philippines
2023-12-02T23:55:09.013Z,8.448,126.6827,83.704,4.3,39 km ENE of Hinatuan  Philippines
2023-12-03T00:11:48.672Z,8.2471,126.7031,70.064,4.5,31 km ENE of Barcelona  Philippines
2023-12-03T00:24:31.136Z,8.4057,126.7293,74.371,4.4,42 km NE of Barcelona  Philippines
2023-12-03T00:37:44.347Z,8.0463,126.8438,74.695,4.4,44 km E of Santa Maria  Philippines
2023-12-03T00:43:03.666Z,8.6212,126.824,56.341,4.2,60 km ENE of Hinatuan  Philippines
2023-12-03T00:44:01.199Z,8.5017,126.7354,60.927,4.2,46 km ENE of Hinatuan  Philippines
2023-12-03T00:46:19.733Z,8.6753,126.6844,81.464,4.6,45 km ESE of Marihatag  Philippines
2023-12-03T00:48:25.369Z,8.399,126.5081,50.345,4.9,19 km E of Hinatuan  Philippines
2023-12-03T01:03:28.202Z,8.4877,126.7633,54.488,4.5,48 km ENE of Hinatuan  Philippines
2023-12-03T01:16:06.794Z,8.4368,126.9279,56.798,4.7,62 km ENE of Barcelona  Philippines
2023-12-03T01:43:30.421Z,8.3396,126.5379,62.08,4.5,22 km ENE of Tidman  Philippines
2023-12-03T02:02:00.455Z,8.402,126.646,73.476,4.4,34 km E of Hinatuan  Philippines
2023-12-03T02:02:37.910Z,8.5953,126.8367,48.422,5.3,60 km ENE of Hinatuan  Philippines
2023-12-03T02:21:20.379Z,8.4553,126.7141,59.094,4.5,42 km ENE of Hinatuan  Philippines
2023-12-03T02:31:59.854Z,8.4889,126.6183,54.355,4.7,33 km ENE of Hinatuan  Philippines
2023-12-03T02:35:27.735Z,8.5163,126.3824,75.906,4.4,15 km E of Gamut  Philippines
2023-12-03T02:36:42.587Z,8.35,126.9319,62.396,4.6,58 km ENE of Barcelona  Philippines
2023-12-03T02:42:55.650Z,8.3433,126.5249,55.43,4.5,21 km ENE of Tidman  Philippines
2023-12-03T02:47:51.875Z,8.4195,126.6322,65.469,4.4,33 km E of Hinatuan  Philippines
2023-12-03T02:53:24.069Z,8.024,126.6335,69.474,4.5,21 km E of Santa Maria  Philippines
2023-12-03T02:58:17.209Z,8.6384,126.6521,48.311,4.5,43 km ESE of Marihatag  Philippines
2023-12-03T03:02:13.180Z,8.3502,126.4984,78.274,4.5,18 km E of Loyola  Philippines
2023-12-03T03:10:18.266Z,8.0051,126.9926,35,4.6,59 km NE of Kinablangan  Philippines
2023-12-03T03:18:00.286Z,8.3428,126.2974,59.736,4.4,3 km NNE of Bigaan  Philippines
2023-12-03T03:23:58.506Z,8.6725,126.2482,10,4.4,6 km SE of Salvacion  Philippines
2023-12-03T03:24:54.138Z,8.5791,126.625,52.66,4.9,39 km NE of Hinatuan  Philippines
2023-12-03T03:28:17.758Z,8.0774,126.7675,60.367,5.1,36 km ENE of Santa Maria  Philippines
2023-12-03T03:36:24.591Z,8.352,126.8035,65.313,5.2,45 km ENE of Barcelona  Philippines
2023-12-03T03:40:12.759Z,8.0613,126.6821,62.668,4.7,27 km ENE of Santa Maria  Philippines
2023-12-03T03:41:59.249Z,8.3995,126.8415,35,4.6,52 km ENE of Barcelona  Philippines
2023-12-03T03:42:50.690Z,8.0378,126.6351,71.953,4.5,21 km ENE of Santa Maria  Philippines
2023-12-03T03:43:39.077Z,8.1042,126.5185,55.34,4.5,11 km ESE of Barcelona  Philippines
2023-12-03T03:55:41.926Z,8.3697,126.9227,54.578,4.9,58 km ENE of Barcelona  Philippines
2023-12-03T04:15:50.251Z,7.8995,126.7628,81.374,4.5,32 km NE of Kinablangan  Philippines
2023-12-03T04:20:59.388Z,8.3512,126.8881,47.993,4.3,54 km ENE of Barcelona  Philippines
2023-12-03T04:24:17.316Z,8.6946,126.4013,64.558,4.6,16 km SE of Marihatag  Philippines
2023-12-03T04:29:54.892Z,7.6241,126.716,10,4.4,18 km ENE of Baganga  Philippines
2023-12-03T04:34:15.990Z,8.4518,126.5958,66.206,4.4,30 km ENE of Hinatuan  Philippines
2023-12-03T04:35:37.470Z,8.4304,126.7859,65.96,4.4,49 km NE of Barcelona  Philippines
2023-12-03T04:40:35.222Z,8.2518,126.8803,49.078,4.7,50 km ENE of Barcelona  Philippines
2023-12-03T04:41:51.720Z,8.3166,126.7681,45.377,5.2,40 km ENE of Barcelona  Philippines
2023-12-03T04:54:28.773Z,8.2886,126.5324,67.072,4.5,17 km NE of Barcelona  Philippines
2023-12-03T04:59:15.550Z,8.6742,126.4283,46.561,5.1,20 km SE of Marihatag  Philippines
2023-12-03T05:27:55.800Z,8.6231,126.9188,54.518,4.9,70 km ENE of Hinatuan  Philippines
2023-12-03T05:38:11.750Z,8.5032,126.7688,55.478,4.7,50 km ENE of Hinatuan  Philippines
2023-12-03T05:43:43.134Z,8.6422,126.6671,63.392,5.4,44 km ESE of Marihatag  Philippines
2023-12-03T05:47:53.126Z,8.5965,126.8521,52.994,4.8,62 km ENE of Hinatuan  Philippines
2023-12-03T05:50:23.806Z,8.1804,126.646,67.484,4.9,23 km E of Barcelona  Philippines
2023-12-03T05:57:24.266Z,8.1323,126.5855,61.802,4.5,16 km E of Barcelona  Philippines
2023-12-03T06:03:39.228Z,8.4466,126.7081,62.901,4.3,41 km ENE of Hinatuan  Philippines
2023-12-03T06:10:51.067Z,8.1929,126.6606,85.672,4.5,25 km E of Barcelona  Philippines
2023-12-03T06:18:22.337Z,8.4159,126.6195,73.26,4.7,31 km E of Hinatuan  Philippines
2023-12-03T06:26:55.990Z,8.2604,126.4771,80.768,4.2,12 km NNE of Barcelona  Philippines
2023-12-03T06:33:41.975Z,8.7503,127.1624,10,4.1,94 km E of Aras-asan  Philippines
2023-12-03T06:37:14.051Z,8.5113,126.7591,57.272,4.5,49 km ENE of Hinatuan  Philippines
2023-12-03T06:41:50.134Z,8.9456,126.4915,58.758,4.6,20 km ENE of Aras-asan  Philippines
2023-12-03T06:44:43.205Z,8.474,126.749,54.923,4.5,47 km ENE of Hinatuan  Philippines
2023-12-03T06:47:15.234Z,8.306,126.4138,85.286,4,8 km E of Tidman  Philippines
2023-12-03T06:55:38.828Z,8.2875,126.7717,54.128,4.5,39 km ENE of Barcelona  Philippines
2023-12-03T07:01:06.797Z,8.3926,126.5843,67.318,4.3,27 km E of Hinatuan  Philippines
2023-12-03T07:04:10.610Z,8.4699,127.0292,50.031,4.3,74 km ENE of Barcelona  Philippines
2023-12-03T07:04:47.178Z,8.6661,126.606,61.633,4.6,37 km ESE of Marihatag  Philippines
2023-12-03T07:11:00.066Z,8.7346,126.8671,50.993,4.8,63 km E of Marihatag  Philippines
2023-12-03T07:44:23.246Z,8.3833,126.6702,53.514,4.7,35 km NE of Barcelona  Philippines
2023-12-03T07:54:05.453Z,8.4532,126.6445,45.081,4.2,35 km ENE of Hinatuan  Philippines
2023-12-03T07:54:52.450Z,8.4707,126.9542,51.905,4.9,66 km ENE of Barcelona  Philippines
2023-12-03T08:10:55.349Z,8.3276,126.6845,68.404,4.4,33 km NE of Barcelona  Philippines
2023-12-03T08:12:53.539Z,8.3249,126.6118,69.57,4.4,26 km NE of Barcelona  Philippines
2023-12-03T08:13:39.243Z,8.6847,126.8286,59.56,4.6,60 km ESE of Marihatag  Philippines
2023-12-03T08:18:20.171Z,8.5029,126.7193,23.123,4.4,44 km ENE of Hinatuan  Philippines
2023-12-03T08:31:21.035Z,8.1579,126.6471,59.629,4.5,23 km E of Barcelona  Philippines
2023-12-03T08:36:26.527Z,8.0872,126.6896,78.608,4.7,28 km ENE of Santa Maria  Philippines
2023-12-03T08:41:38.851Z,8.3924,126.7505,65.309,4.5,43 km NE of Barcelona  Philippines
2023-12-03T08:41:55.724Z,8.3892,126.6878,71.598,4.9,37 km NE of Barcelona  Philippines
2023-12-03T08:57:59.561Z,8.2729,126.881,50.57,4.5,50 km ENE of Barcelona  Philippines
2023-12-03T09:02:37.618Z,8.2651,126.6534,54.435,4.1,26 km ENE of Barcelona  Philippines
2023-12-03T09:03:39.627Z,8.403,126.8476,57.126,5.1,52 km ENE of Barcelona  Philippines
2023-12-03T09:05:52.958Z,8.2105,126.7674,44.239,4.4,37 km E of Barcelona  Philippines
2023-12-03T09:07:47.274Z,8.5262,126.6632,57.906,4.2,40 km ENE of Hinatuan  Philippines
2023-12-03T09:12:09.191Z,8.4466,126.8908,51.73,4.5,59 km ENE of Barcelona  Philippines
2023-12-03T09:19:58.330Z,8.3731,126.7146,53.937,4.6,38 km NE of Barcelona  Philippines
2023-12-03T09:22:45.332Z,8.4343,126.3347,61.637,4.2,6 km N of Hinatuan  Philippines
2023-12-03T09:37:14.442Z,8.4004,126.8489,54.326,4.7,52 km ENE of Barcelona  Philippines
2023-12-03T09:42:31.932Z,8.5172,126.9678,44.353,4.4,70 km NE of Barcelona  Philippines
2023-12-03T09:45:36.849Z,8.7017,126.7225,58.011,5,48 km ESE of Marihatag  Philippines
2023-12-03T09:48:47.433Z,8.5007,126.8224,58.223,4.9,55 km ENE of Hinatuan  Philippines
2023-12-03T09:55:44.966Z,8.5072,126.7495,52.305,4.6,48 km ENE of Hinatuan  Philippines
2023-12-03T10:00:04.901Z,8.4948,126.7657,57.013,4.6,49 km ENE of Hinatuan  Philippines
2023-12-03T10:10:43.006Z,8.3563,126.7052,64.55,4.2,36 km NE of Barcelona  Philippines
2023-12-03T10:17:26.640Z,8.4718,126.8103,50.24,4.8,53 km ENE of Hinatuan  Philippines
2023-12-03T10:22:06.926Z,8.4956,126.7356,45.362,4.6,46 km ENE of Hinatuan  Philippines
2023-12-03T10:27:56.714Z,8.5029,126.3646,55.82,4.4,13 km ESE of Gamut  Philippines
2023-12-03T10:35:52.871Z,8.488,126.7454,19,6.6,47 km ENE of Hinatuan  Philippines
2023-12-03T10:39:23.796Z,8.5597,126.6174,45.264,5.7,37 km ENE of Hinatuan  Philippines
2023-12-03T10:45:47.907Z,8.6436,126.1848,61.756,4.5,8 km SSW of Salvacion  Philippines
2023-12-03T10:46:45.558Z,8.5099,126.5423,48.53,4.8,27 km ENE of Hinatuan  Philippines
2023-12-03T10:49:40.141Z,8.5477,126.8014,51.206,4.6,54 km ENE of Hinatuan  Philippines
2023-12-03T10:51:42.198Z,8.3758,126.5445,54.21,4.4,23 km E of Hinatuan  Philippines
2023-12-03T10:53:05.442Z,8.2897,127.0525,39.402,5.5,69 km ENE of Barcelona  Philippines
2023-12-03T10:54:55.054Z,8.5622,126.862,36.128,5.6,61 km ENE of Hinatuan  Philippines
2023-12-03T10:58:38.200Z,8.8293,126.83,42.849,5.4,57 km E of Aras-asan  Philippines
2023-12-03T11:00:29.105Z,8.6963,126.5575,43.054,5,31 km ESE of Marihatag  Philippines
2023-12-03T11:01:22.580Z,8.6452,126.3184,67.011,4.6,14 km ESE of Salvacion  Philippines
2023-12-03T11:03:08.996Z,8.5882,126.7552,57.835,4.5,52 km ENE of Hinatuan  Philippines
2023-12-03T11:04:55.848Z,8.7891,126.5242,40.458,4.5,25 km E of Marihatag  Philippines
2023-12-03T11:06:18.465Z,8.6526,127.0953,10,4.7,89 km ENE of Hinatuan  Philippines
2023-12-03T11:07:52.319Z,8.5748,126.8872,51.207,4.6,64 km ENE of Hinatuan  Philippines
2023-12-03T11:08:54.709Z,8.6676,126.6196,51.186,4.2,38 km ESE of Marihatag  Philippines
2023-12-03T11:09:16.935Z,8.552,126.9245,44.271,4.4,67 km ENE of Hinatuan  Philippines
2023-12-03T11:11:27.068Z,8.5376,126.6422,57.339,4.3,38 km ENE of Hinatuan  Philippines
2023-12-03T11:19:42.414Z,8.7652,126.5561,53.002,4.4,28 km E of Marihatag  Philippines
2023-12-03T11:20:45.102Z,8.5588,126.7579,41.613,4.4,51 km ENE of Hinatuan  Philippines
2023-12-03T11:23:42.342Z,8.6244,126.6394,42.536,4.3,42 km ESE of Marihatag  Philippines
2023-12-03T11:31:09.120Z,8.5428,126.9388,51.756,4.9,69 km ENE of Hinatuan  Philippines
2023-12-03T11:40:47.810Z,8.4474,126.8046,55.194,4.5,51 km NE of Barcelona  Philippines
2023-12-03T11:53:44.757Z,8.3849,126.7457,59.628,4.7,42 km NE of Barcelona  Philippines
2023-12-03T11:56:38.222Z,8.4828,126.5946,55.581,4.2,31 km ENE of Hinatuan  Philippines
2023-12-03T11:57:59.989Z,8.5352,126.8199,58.385,4.3,56 km ENE of Hinatuan  Philippines
2023-12-03T12:13:46.996Z,8.5042,126.8304,57.025,4.6,56 km ENE of Hinatuan  Philippines
2023-12-03T12:28:35.198Z,8.4558,126.932,58.058,4.8,63 km ENE of Barcelona  Philippines
2023-12-03T12:29:32.384Z,8.4205,126.8239,44.533,4.4,51 km NE of Barcelona  Philippines
2023-12-03T12:37:11.161Z,8.6449,126.9844,30.629,4.3,77 km ENE of Hinatuan  Philippines
2023-12-03T12:39:06.935Z,8.3741,126.7408,54.781,4.3,41 km NE of Barcelona  Philippines
2023-12-03T12:39:36.297Z,8.6744,127.0239,28.046,5.4,81 km E of Marihatag  Philippines
2023-12-03T12:44:48.871Z,8.4676,126.805,56.601,5.2,52 km ENE of Hinatuan  Philippines
2023-12-03T12:47:26.181Z,8.5487,126.7992,47.879,4.2,54 km ENE of Hinatuan  Philippines
2023-12-03T12:55:10.484Z,8.5387,126.9635,46.421,4.1,71 km ENE of Hinatuan  Philippines
2023-12-03T12:58:18.124Z,8.0486,126.7876,61.103,4.3,38 km E of Santa Maria  Philippines
2023-12-03T13:17:07.317Z,8.3477,126.3917,80.059,4.3,6 km ENE of Loyola  Philippines
2023-12-03T13:22:52.126Z,8.4783,126.645,55.577,4.7,36 km ENE of Hinatuan  Philippines
2023-12-03T13:36:38.660Z,8.5165,126.729,44.421,4.4,46 km ENE of Hinatuan  Philippines
2023-12-03T14:02:19.715Z,8.1651,126.5208,76.799,4.5,9 km E of Barcelona  Philippines
2023-12-03T14:18:54.809Z,8.4366,126.3292,72.076,4.5,7 km N of Hinatuan  Philippines
2023-12-03T14:30:59.541Z,8.9177,126.8897,10,4.6,63 km E of Aras-asan  Philippines
2023-12-03T14:35:56.830Z,8.732,126.823,13,6,58 km E of Marihatag  Philippines
2023-12-03T14:38:35.616Z,8.6927,126.7887,54.816,5.1,55 km ESE of Marihatag  Philippines
2023-12-03T14:45:39.077Z,8.7331,127.0897,35,4.5,87 km ESE of Aras-asan  Philippines
2023-12-03T14:50:51.799Z,8.775,127.0454,10,4.5,81 km E of Aras-asan  Philippines
2023-12-03T14:51:35.144Z,8.7138,127.0059,10,4.5,78 km E of Marihatag  Philippines
2023-12-03T14:54:09.941Z,8.2957,126.689,73.552,5.1,31 km ENE of Barcelona  Philippines
2023-12-03T15:19:20.571Z,8.2875,126.5697,77.353,4.3,20 km NE of Barcelona  Philippines
2023-12-03T15:26:32.519Z,8.5647,126.7204,61.703,4.7,47 km ENE of Hinatuan  Philippines
2023-12-03T15:37:05.734Z,8.7785,127.1087,10,4.1,88 km E of Aras-asan  Philippines
2023-12-03T15:39:37.467Z,8.7281,126.7169,47.181,4.8,47 km E of Marihatag  Philippines
2023-12-03T15:42:52.284Z,8.4701,126.7892,59.105,4.6,51 km ENE of Hinatuan  Philippines
2023-12-03T16:27:40.346Z,8.324,126.4789,84.704,4.5,15 km E of Tidman  Philippines
2023-12-03T16:31:58.883Z,8.9043,126.6454,74.909,4.4,36 km E of Aras-asan  Philippines
2023-12-03T17:01:50.716Z,8.531,126.7048,60.007,5,44 km ENE of Hinatuan  Philippines
2023-12-03T17:09:15.343Z,8.4856,126.8515,65.636,4.6,58 km ENE of Hinatuan  Philippines
2023-12-03T17:23:43.869Z,8.793,126.8114,61.228,4.3,56 km E of Aras-asan  Philippines
2023-12-03T17:24:09.398Z,8.8159,126.6932,47.342,4.6,42 km E of Aras-asan  Philippines
2023-12-03T17:38:10.692Z,8.5214,126.8431,57.556,4.2,58 km ENE of Hinatuan  Philippines
2023-12-03T17:50:10.111Z,8.9,126.6558,55.451,4.6,37 km E of Aras-asan  Philippines
2023-12-03T18:06:52.447Z,8.6138,126.9669,42.295,4.5,74 km ENE of Hinatuan  Philippines
2023-12-03T18:07:58.873Z,8.4958,126.6581,58.924,4.8,38 km ENE of Hinatuan  Philippines
2023-12-03T18:11:20.290Z,8.8674,126.5348,59.088,5.1,24 km E of Aras-asan  Philippines
2023-12-03T18:29:44.806Z,8.5013,126.769,56.488,4.8,49 km ENE of Hinatuan  Philippines
2023-12-03T18:47:53.781Z,8.3947,126.7763,59.822,4.5,45 km NE of Barcelona  Philippines
2023-12-03T18:59:22.322Z,8.9629,126.4471,57.177,4.9,17 km ENE of Aras-asan  Philippines
2023-12-03T19:03:14.535Z,8.5798,126.586,69.598,4.7,36 km NE of Hinatuan  Philippines
2023-12-03T19:14:54.619Z,8.8544,126.5721,65.775,4.8,28 km E of Aras-asan  Philippines
2023-12-03T19:37:24.507Z,8.5869,126.8123,69.349,4,57 km ENE of Hinatuan  Philippines
2023-12-03T19:47:20.396Z,8.7517,127.3971,10,4.4,120 km E of Aras-asan  Philippines
2023-12-03T19:49:35.739Z,8.9705,126.6121,20,6.9,34 km ENE of Aras-asan  Philippines
2023-12-03T20:03:12.970Z,8.5581,126.6507,77.572,4.8,40 km ENE of Hinatuan  Philippines
2023-12-03T20:10:19.177Z,8.8346,126.6593,67.691,4.9,38 km E of Aras-asan  Philippines
2023-12-03T20:13:31.213Z,9.0619,126.6963,84.261,4.5,46 km ENE of Aras-asan  Philippines
2023-12-03T20:15:08.961Z,8.7108,126.4404,34.474,4.4,18 km ESE of Marihatag  Philippines
2023-12-03T20:18:53.465Z,8.9241,126.6255,62.425,5,34 km E of Aras-asan  Philippines
2023-12-03T20:27:49.515Z,8.9885,126.5953,61.859,4.7,33 km ENE of Aras-asan  Philippines
2023-12-03T20:30:19.781Z,8.9031,126.4867,47.433,5.3,19 km E of Aras-asan  Philippines
2023-12-03T20:52:44.367Z,9.0022,126.9853,10,4.4,75 km E of Aras-asan  Philippines
2023-12-03T21:02:37.002Z,6.4937,127.2819,9.77,4.5,110 km ESE of Tarragona  Philippines
2023-12-03T21:05:16.926Z,8.8496,126.3183,64.696,4.4,4 km S of Aras-asan  Philippines
2023-12-03T21:06:36.173Z,8.4456,126.7759,61.025,4.5,49 km NE of Barcelona  Philippines
2023-12-03T21:08:17.245Z,8.2405,126.8713,58.302,4.7,49 km E of Barcelona  Philippines
2023-12-03T21:32:12.302Z,8.5603,126.8658,53.566,4.2,62 km ENE of Hinatuan  Philippines
2023-12-03T21:35:43.744Z,8.2052,126.9057,52.995,4.4,52 km E of Barcelona  Philippines
2023-12-03T21:43:38.401Z,8.7398,126.8062,24.222,5.4,56 km E of Marihatag  Philippines
2023-12-03T21:47:38.586Z,8.8699,126.5502,63.759,4.6,26 km E of Aras-asan  Philippines
2023-12-03T21:53:10.615Z,8.0022,126.9929,35,4.2,59 km NE of Kinablangan  Philippines
2023-12-03T21:55:57.355Z,8.7812,127.1924,10,4.4,97 km E of Aras-asan  Philippines
2023-12-03T21:57:11.415Z,8.9968,126.397,59.477,4.5,13 km ENE of Bacolod  Philippines
2023-12-03T22:06:22.496Z,8.662,126.7648,59.858,4.5,53 km ESE of Marihatag  Philippines
2023-12-03T22:08:05.521Z,8.7443,126.4046,80.093,4.5,13 km ESE of Marihatag  Philippines
2023-12-03T22:12:37.953Z,8.5686,126.9342,54.947,4.4,69 km ENE of Hinatuan  Philippines
2023-12-03T22:20:32.282Z,8.5619,126.7744,54.692,4.8,52 km ENE of Hinatuan  Philippines
2023-12-03T22:30:04.554Z,8.7493,126.6833,49.421,4.5,43 km E of Marihatag  Philippines
2023-12-03T22:31:40.681Z,8.5035,126.485,80.377,4.2,22 km NE of Hinatuan  Philippines
2023-12-03T22:38:51.018Z,8.6492,126.9694,43.447,4.5,76 km ESE of Marihatag  Philippines
2023-12-03T22:42:17.814Z,8.7045,126.9358,35,5.1,71 km E of Marihatag  Philippines
2023-12-03T22:55:09.529Z,9.0829,126.6061,35,4.5,38 km ENE of Bacolod  Philippines
2023-12-03T23:15:12.419Z,8.2419,126.5865,59.581,4.3,19 km ENE of Barcelona  Philippines
2023-12-03T23:16:16.451Z,8.3619,126.8616,35,4.6,52 km ENE of Barcelona  Philippines
2023-12-03T23:23:47.588Z,9.098,126.7735,47.473,4.5,55 km ENE of Aras-asan  Philippines
2023-12-03T23:25:12.213Z,8.4018,126.758,58.845,5.1,44 km NE of Barcelona  Philippines
2023-12-03T23:57:48.381Z,8.5228,126.3419,35,4.4,11 km E of Gamut  Philippines
2023-12-04T00:36:08.606Z,8.4667,126.61,57.53,4.4,32 km ENE of Hinatuan  Philippines
2023-12-04T00:39:02.759Z,8.1051,126.7847,50.963,4.8,39 km E of Barcelona  Philippines
2023-12-04T00:44:26.400Z,8.8958,126.5411,49.396,4.9,25 km E of Aras-asan  Philippines
2023-12-04T00:55:23.811Z,8.8642,126.6775,35,4.3,40 km E of Aras-asan  Philippines
2023-12-04T01:00:36.739Z,8.8796,126.5209,49.628,4.5,23 km E of Aras-asan  Philippines
2023-12-04T01:05:53.712Z,7.6397,127.1161,10,4.3,61 km E of Baganga  Philippines
2023-12-04T01:06:40.143Z,8.5406,126.5985,35,4.5,34 km ENE of Hinatuan  Philippines
2023-12-04T01:07:50.505Z,8.4547,126.8072,66.391,5.5,52 km NE of Barcelona  Philippines
2023-12-04T01:17:35.890Z,8.5144,126.7897,70.926,4.4,52 km ENE of Hinatuan  Philippines
2023-12-04T01:32:16.569Z,8.3664,127.1768,10,4.6,84 km ENE of Barcelona  Philippines
2023-12-04T01:36:02.838Z,8.9354,126.4596,58.633,4.3,17 km ENE of Aras-asan  Philippines
2023-12-04T01:51:09.184Z,8.5839,126.7206,19.883,4.2,48 km ENE of Hinatuan  Philippines
2023-12-04T02:11:04.909Z,8.4825,126.7738,71.731,5,49 km ENE of Hinatuan  Philippines
2023-12-04T02:11:57.805Z,8.5389,126.6466,103.168,4.8,39 km ENE of Hinatuan  Philippines
2023-12-04T02:19:50.365Z,8.6371,126.2272,106.562,4.4,8 km SSE of Salvacion  Philippines
2023-12-04T02:32:38.647Z,8.7959,126.2415,86.202,4.2,6 km W of Marihatag  Philippines
2023-12-04T02:38:18.667Z,8.5649,126.7867,58.768,5.2,54 km ENE of Hinatuan  Philippines
2023-12-04T02:59:00.438Z,8.4247,126.6669,62.584,4.3,37 km E of Hinatuan  Philippines
2023-12-04T03:08:51.639Z,8.6706,126.7952,59.701,4.5,56 km ESE of Marihatag  Philippines
2023-12-04T03:39:29.106Z,7.72,126.642,95.074,4.5,10 km ENE of Kinablangan  Philippines
2023-12-04T03:49:14.221Z,8.7488,126.5107,42.785,4.5,24 km ESE of Marihatag  Philippines
2023-12-04T04:05:50.045Z,3.541,126.8943,35,4.3,235 km NNW of Tobelo  Indonesia
2023-12-04T04:12:01.156Z,8.7802,127.271,10,4.2,106 km E of Aras-asan  Philippines
2023-12-04T04:17:23.815Z,8.8321,126.7554,46.818,5.3,49 km E of Aras-asan  Philippines
2023-12-04T04:21:23.420Z,8.6584,127.3283,10,4.8,112 km ENE of Barcelona  Philippines
2023-12-04T04:32:29.894Z,8.6628,126.5432,60.201,4.3,31 km ESE of Marihatag  Philippines
2023-12-04T04:43:49.261Z,8.3955,126.8925,65.809,5.1,56 km ENE of Barcelona  Philippines
2023-12-04T04:59:01.651Z,8.879,126.666,55.451,5.3,39 km E of Aras-asan  Philippines
2023-12-04T05:03:41.324Z,8.4492,126.4344,66.13,4.8,13 km NE of Hinatuan  Philippines
2023-12-04T05:08:36.001Z,8.8354,126.6446,27,5.7,37 km E of Aras-asan  Philippines
2023-12-04T05:14:55.893Z,8.6682,126.4292,68.418,4.4,21 km SE of Marihatag  Philippines
2023-12-04T05:15:43.916Z,8.3448,126.7748,66.931,5.3,42 km ENE of Barcelona  Philippines
2023-12-04T05:45:11.007Z,8.3339,126.7259,74.017,4.6,37 km ENE of Barcelona  Philippines
2023-12-04T05:51:38.185Z,8.6484,126.7103,35,4.3,48 km ESE of Marihatag  Philippines
2023-12-04T06:08:29.488Z,8.4944,126.7589,45.738,5,48 km ENE of Hinatuan  Philippines
2023-12-04T06:43:48.172Z,8.7921,126.5415,62.33,4.6,26 km E of Marihatag  Philippines
2023-12-04T06:59:02.261Z,8.544,126.812,61.167,4.4,55 km ENE of Hinatuan  Philippines
2023-12-04T07:10:08.017Z,8.6243,126.7681,47.902,4.2,55 km ENE of Hinatuan  Philippines
2023-12-04T07:11:08.522Z,8.4451,126.376,81.047,4.4,9 km NNE of Hinatuan  Philippines
2023-12-04T07:23:58.178Z,8.3413,126.5352,77.984,4.2,22 km ENE of Tidman  Philippines
2023-12-04T07:33:34.455Z,8.4113,126.9788,40.405,4.2,66 km ENE of Barcelona  Philippines
2023-12-04T07:44:55.483Z,8.679,126.3906,35,4.2,17 km SE of Marihatag  Philippines
2023-12-04T07:47:55.927Z,8.7874,126.8538,55.25,4.4,60 km E of Aras-asan  Philippines
2023-12-04T08:12:25.614Z,8.4308,126.8279,56.959,4.3,52 km NE of Barcelona  Philippines
2023-12-04T09:10:37.888Z,8.0992,126.5693,98.886,4.1,16 km ESE of Barcelona  Philippines
2023-12-04T09:29:41.149Z,8.5281,126.738,23.333,4.9,47 km ENE of Hinatuan  Philippines
2023-12-04T09:55:30.676Z,8.4163,126.6217,66.178,4.1,32 km E of Hinatuan  Philippines
2023-12-04T10:06:03.859Z,8.2898,126.6128,81.059,4.3,24 km NE of Barcelona  Philippines
2023-12-04T10:12:30.648Z,8.3734,126.5764,67.448,4.5,26 km E of Hinatuan  Philippines
2023-12-04T10:23:02.727Z,9.0306,126.6202,68.132,4.6,37 km ENE of Aras-asan  Philippines
2023-12-04T10:28:16.564Z,8.8659,126.3996,50.356,4.2,10 km ESE of Aras-asan  Philippines
2023-12-04T10:37:56.227Z,8.3084,126.848,35.126,4.4,48 km ENE of Barcelona  Philippines
2023-12-04T10:48:43.949Z,8.5486,126.8142,55.057,4.4,56 km ENE of Hinatuan  Philippines
2023-12-04T11:31:30.863Z,8.2428,126.5714,66.72,4.4,17 km ENE of Barcelona  Philippines
2023-12-04T12:04:24.271Z,8.2883,127.293,10,4.2,95 km E of Barcelona  Philippines
2023-12-04T13:00:44.772Z,9.0514,126.7734,42.766,4.5,53 km ENE of Aras-asan  Philippines
2023-12-04T13:20:08.149Z,8.4181,126.9414,59.601,4.3,62 km ENE of Barcelona  Philippines
2023-12-04T13:46:03.913Z,8.7181,127.1752,10,4.4,96 km E of Aras-asan  Philippines
2023-12-04T14:02:31.838Z,8.7103,127.0253,10,4.4,80 km E of Marihatag  Philippines
2023-12-04T14:14:46.314Z,8.1961,126.9876,56.268,4.4,61 km E of Barcelona  Philippines
2023-12-04T15:38:36.198Z,8.4337,126.6059,76.164,4.4,30 km ENE of Hinatuan  Philippines
2023-12-04T15:44:59.627Z,8.5314,126.4196,64.416,4.5,19 km E of Gamut  Philippines
2023-12-04T16:05:09.758Z,9.1341,126.6817,53.473,4.3,48 km ENE of Bacolod  Philippines
2023-12-04T16:23:46.001Z,8.5476,126.8152,45.186,4.7,56 km ENE of Hinatuan  Philippines
2023-12-04T17:07:03.477Z,8.4556,126.3718,83.669,4.3,10 km NNE of Hinatuan  Philippines
2023-12-04T18:04:10.825Z,8.7039,127.1912,10,4.2,98 km ESE of Aras-asan  Philippines
2023-12-04T18:21:33.525Z,3.5472,126.8715,46.238,4.8,237 km NNW of Tobelo  Indonesia
2023-12-04T18:28:19.885Z,3.5674,126.8618,44.104,4.5,240 km NNW of Tobelo  Indonesia
2023-12-04T19:05:55.402Z,8.1512,126.919,35,4.1,53 km E of Barcelona  Philippines
2023-12-04T19:33:04.131Z,8.8632,126.7976,13.215,4.4,53 km E of Aras-asan  Philippines
2023-12-04T19:57:39.486Z,8.4035,126.7949,71.182,4.4,48 km NE of Barcelona  Philippines
2023-12-04T21:00:25.166Z,9.8038,126.5027,35,4.3,43 km E of Union  Philippines
2023-12-04T21:07:52.262Z,8.3486,127.2464,10,4.4,91 km ENE of Barcelona  Philippines
2023-12-04T21:20:06.062Z,8.3368,127.269,10,4.7,94 km ENE of Barcelona  Philippines
2023-12-04T21:23:33.089Z,8.1699,126.9399,35,4.3,55 km E of Barcelona  Philippines
2023-12-04T21:53:29.159Z,8.8535,126.7038,43.419,4.4,43 km E of Aras-asan  Philippines
2023-12-04T23:05:29.938Z,8.258,126.9238,58.963,4.6,55 km ENE of Barcelona  Philippines
2023-12-04T23:11:12.842Z,8.4649,127.2041,10,4.5,91 km ENE of Barcelona  Philippines
2023-12-04T23:20:44.541Z,8.9829,126.5208,46.24,4.4,25 km ENE of Aras-asan  Philippines
2023-12-04T23:23:57.674Z,8.9405,126.548,42.447,4.4,26 km ENE of Aras-asan  Philippines
2023-12-04T23:39:36.413Z,8.2188,126.8343,42.711,4.4,44 km E of Barcelona  Philippines
2023-12-04T23:57:09.449Z,8.9855,126.5335,53.488,4.7,26 km ENE of Aras-asan  Philippines
2023-12-05T00:12:12.287Z,8.4604,126.8751,50.085,4.3,58 km NE of Barcelona  Philippines
2023-12-05T00:34:29.806Z,8.9528,126.5493,40.403,5.2,27 km ENE of Aras-asan  Philippines
2023-12-05T00:49:16.087Z,8.5905,126.8958,35,4.4,66 km ENE of Hinatuan  Philippines
2023-12-05T00:58:32.744Z,8.7119,126.7423,35,5.1,50 km ESE of Marihatag  Philippines
2023-12-05T01:01:11.523Z,8.707,126.6713,83.856,4.9,42 km ESE of Marihatag  Philippines
2023-12-05T01:06:13.127Z,8.9151,126.6056,62.045,4.1,32 km E of Aras-asan  Philippines
2023-12-05T01:24:54.240Z,8.3678,126.5158,85.571,4.3,20 km E of Hinatuan  Philippines
2023-12-05T02:02:46.561Z,8.4691,126.8397,63.649,4.4,56 km NE of Barcelona  Philippines
2023-12-05T02:06:02.689Z,8.8249,126.9575,10,4.3,71 km E of Aras-asan  Philippines
2023-12-05T02:19:47.115Z,9.1157,126.3321,49.315,4.2,15 km NE of Tago  Philippines
2023-12-05T02:41:27.961Z,8.9697,126.5168,47.642,4.4,24 km ENE of Aras-asan  Philippines
2023-12-05T02:44:24.359Z,8.3385,126.9347,69.326,4.9,58 km ENE of Barcelona  Philippines
2023-12-05T03:39:58.980Z,8.6563,126.702,72.616,4.8,47 km ESE of Marihatag  Philippines
2023-12-05T03:56:17.577Z,8.7833,127.2511,10,4.2,104 km E of Aras-asan  Philippines
2023-12-05T03:57:15.902Z,8.3427,126.2225,10,4.3,7 km WNW of Bigaan  Philippines
2023-12-05T04:27:36.054Z,8.6856,126.6875,74.92,4.8,45 km ESE of Marihatag  Philippines
2023-12-05T04:33:17.389Z,8.9799,127.2244,10,4.5,100 km E of Aras-asan  Philippines
2023-12-05T04:58:48.308Z,7.8878,127.2434,10,4.6,79 km ENE of Kinablangan  Philippines
2023-12-05T05:27:13.681Z,8.4351,126.9638,38.877,5.1,65 km ENE of Barcelona  Philippines
2023-12-05T05:41:15.193Z,8.5037,127.1043,10,4.3,83 km ENE of Barcelona  Philippines
2023-12-05T05:42:34.034Z,8.5678,127.2751,10,4.8,103 km ENE of Barcelona  Philippines
2023-12-05T05:47:05.726Z,8.5293,127.2312,10,4.5,96 km ENE of Barcelona  Philippines
2023-12-05T07:06:13.455Z,8.4541,126.8441,47.02,4.5,55 km NE of Barcelona  Philippines
2023-12-05T07:27:24.018Z,8.7445,127.3174,10,4.7,111 km E of Aras-asan  Philippines
2023-12-05T08:13:18.209Z,8.3392,126.7188,55.551,4.5,37 km ENE of Barcelona  Philippines
2023-12-05T09:10:03.799Z,9.0829,126.6785,19.697,5.7,45 km ENE of Aras-asan  Philippines
2023-12-05T09:13:06.485Z,9.0224,126.6528,44.569,4.9,40 km ENE of Aras-asan  Philippines
2023-12-05T09:32:51.332Z,9.1012,126.6568,35,4.5,44 km ENE of Bacolod  Philippines
2023-12-05T09:37:51.267Z,9.0178,126.5255,28.343,4.7,27 km ENE of Aras-asan  Philippines
2023-12-05T09:42:52.100Z,9.0999,126.6497,26.021,5.5,43 km ENE of Bacolod  Philippines
2023-12-05T09:52:38.051Z,9.1304,126.6893,51.3,4.9,49 km ENE of Bacolod  Philippines
2023-12-05T09:56:01.380Z,8.4659,126.6819,56.1,4.6,39 km ENE of Hinatuan  Philippines
2023-12-05T09:59:29.110Z,9.2818,126.587,35.343,4.7,43 km E of Cortes  Philippines
2023-12-05T10:13:12.760Z,8.4983,127.2187,10,4.4,94 km ENE of Barcelona  Philippines
2023-12-05T10:23:56.275Z,9.1074,126.9573,10,4.5,75 km ENE of Aras-asan  Philippines
2023-12-05T10:26:18.712Z,8.9322,126.5319,51.309,4.5,24 km ENE of Aras-asan  Philippines
2023-12-05T10:45:47.072Z,8.8674,127.0049,10,4.7,76 km E of Aras-asan  Philippines
2023-12-05T10:48:07.755Z,8.6345,126.931,35,4.5,71 km ENE of Hinatuan  Philippines
2023-12-05T11:00:25.505Z,8.8446,126.7958,43.991,4.5,53 km E of Aras-asan  Philippines
2023-12-05T11:33:00.648Z,8.3724,126.4497,76.977,4.8,12 km E of Hinatuan  Philippines
2023-12-05T11:49:22.992Z,8.8651,127.4349,10,4.4,123 km E of Aras-asan  Philippines
2023-12-05T12:33:59.292Z,8.7637,126.5614,55.552,4.6,29 km E of Marihatag  Philippines
2023-12-05T12:36:38.296Z,2.5629,128.2423,62.979,5.1,95 km NNE of Tobelo  Indonesia
2023-12-05T12:42:36.570Z,8.4519,126.6751,77.532,5,38 km ENE of Hinatuan  Philippines
2023-12-05T12:45:07.341Z,8.4366,126.3407,68.11,4.7,7 km N of Hinatuan  Philippines
2023-12-05T13:32:26.546Z,8.7596,126.6992,53.097,4.5,44 km E of Marihatag  Philippines
2023-12-05T13:36:36.285Z,9.1609,126.785,12,5.8,60 km ENE of Bacolod  Philippines
2023-12-05T14:57:48.753Z,8.4116,126.9541,49.897,4,63 km ENE of Barcelona  Philippines
2023-12-05T15:36:35.373Z,8.7532,127.0767,10,4.5,85 km E of Aras-asan  Philippines
2023-12-05T16:29:55.543Z,8.3494,127.0163,49.815,4.4,67 km ENE of Barcelona  Philippines
2023-12-05T17:15:44.198Z,9.0511,127.2633,10,4.3,106 km E of Aras-asan  Philippines
2023-12-05T17:17:24.327Z,9.0794,127.0628,10,4.1,85 km ENE of Aras-asan  Philippines
2023-12-05T17:29:01.207Z,8.3512,127.2242,10,4.3,89 km ENE of Barcelona  Philippines
2023-12-05T17:33:21.898Z,8.9566,126.638,54.27,4.8,36 km ENE of Aras-asan  Philippines
2023-12-05T17:36:56.900Z,8.9238,126.7087,47.706,4.4,43 km E of Aras-asan  Philippines
2023-12-05T18:09:44.717Z,9.0281,126.9413,10,4.6,71 km ENE of Aras-asan  Philippines
2023-12-05T18:35:05.332Z,8.9477,126.6742,52.534,4.5,40 km E of Aras-asan  Philippines
2023-12-05T19:44:51.596Z,8.608,126.4778,81.004,4.4,27 km ENE of Gamut  Philippines
2023-12-05T20:23:28.205Z,8.3338,126.4518,92.688,4.5,13 km E of Loyola  Philippines
2023-12-05T20:29:38.408Z,8.8148,126.6416,57.623,4.5,37 km ESE of Aras-asan  Philippines
2023-12-05T21:52:13.304Z,8.5437,126.6603,65.136,4.6,40 km ENE of Hinatuan  Philippines
2023-12-05T22:23:28.430Z,9.1669,126.6828,64.613,4.4,50 km ENE of La Paz  Philippines
2023-12-05T23:18:49.786Z,8.3308,126.9982,57.712,4.4,64 km ENE of Barcelona  Philippines
2023-12-05T23:27:46.861Z,8.5301,127.0911,35,4.2,83 km ENE of Barcelona  Philippines
2023-12-05T23:29:07.600Z,8.6272,127.4251,10,4.7,120 km ENE of Barcelona  Philippines
2023-12-05T23:34:25.426Z,8.6166,126.5826,63.502,4.6,37 km ESE of Marihatag  Philippines
2023-12-05T23:39:56.401Z,8.6686,126.5522,70.998,4.7,31 km ESE of Marihatag  Philippines
2023-12-05T23:51:06.716Z,8.5242,127.2361,10,4.4,97 km ENE of Barcelona  Philippines
2023-12-06T01:02:08.113Z,8.7985,127.3267,10,4.2,112 km E of Aras-asan  Philippines
2023-12-06T01:22:48.092Z,8.4338,126.7907,35,4.1,49 km NE of Barcelona  Philippines
2023-12-06T01:55:58.955Z,8.6155,126.4644,54.945,5.3,26 km ENE of Gamut  Philippines
2023-12-06T02:26:22.001Z,8.9613,127.3348,10,4.1,112 km E of Aras-asan  Philippines
2023-12-06T02:38:43.089Z,7.4501,126.1088,10,4.3,13 km ESE of San Mariano  Philippines
2023-12-06T04:00:19.898Z,9.2212,126.5551,64.339,4.6,40 km E of Cortes  Philippines
2023-12-06T05:34:10.446Z,8.3768,126.8645,48.427,4.2,53 km ENE of Barcelona  Philippines
2023-12-06T06:30:37.042Z,8.4696,127.2586,10,4.2,97 km ENE of Barcelona  Philippines
2023-12-06T08:01:58.137Z,9.1377,126.3258,79.538,4.5,15 km ENE of Tandag  Philippines
2023-12-06T08:32:17.021Z,8.4339,126.9909,58.508,4.3,68 km ENE of Barcelona  Philippines
2023-12-06T08:33:04.427Z,8.8178,126.5838,58.596,4.9,30 km ESE of Aras-asan  Philippines
2023-12-06T09:34:55.226Z,8.8279,126.4699,10,4.5,18 km ESE of Aras-asan  Philippines
2023-12-06T10:33:26.051Z,8.4435,126.9835,53.416,4.3,68 km ENE of Barcelona  Philippines
2023-12-06T10:41:23.010Z,8.6273,126.6017,58.768,5.1,38 km ESE of Marihatag  Philippines
2023-12-06T11:42:50.241Z,8.462,126.8433,59.211,4.6,56 km NE of Barcelona  Philippines
2023-12-06T13:01:27.361Z,3.1941,126.6826,41.408,4.6,219 km NW of Tobelo  Indonesia
2023-12-06T13:19:22.398Z,8.6399,127.193,10,4.6,99 km ENE of Barcelona  Philippines
2023-12-06T14:52:37.348Z,8.4874,126.7553,35,4.9,48 km ENE of Hinatuan  Philippines
2023-12-06T15:24:37.994Z,8.5184,127.058,14.62,5.3,79 km ENE of Barcelona  Philippines
2023-12-06T15:33:14.413Z,8.4127,126.6908,53.161,4.5,39 km E of Hinatuan  Philippines
2023-12-06T16:29:56.634Z,8.9303,127.1137,10,4.2,88 km E of Aras-asan  Philippines
2023-12-06T16:32:53.281Z,9.0709,127.0694,10,4.3,85 km ENE of Aras-asan  Philippines
2023-12-06T17:15:04.831Z,9.0353,126.4783,72.212,4.4,23 km ENE of Bacolod  Philippines
2023-12-06T17:25:46.324Z,8.8083,126.6822,55.999,4.5,41 km ESE of Aras-asan  Philippines
2023-12-06T18:04:36.869Z,9.0162,127.0302,10,4.3,80 km E of Aras-asan  Philippines
2023-12-06T19:11:39.643Z,8.9319,126.7919,50.565,4.7,53 km E of Aras-asan  Philippines
2023-12-06T19:14:45.547Z,8.6108,126.8801,59.094,4.7,65 km ENE of Hinatuan  Philippines
2023-12-06T19:18:48.331Z,8.9349,126.7944,57.842,4.4,53 km E of Aras-asan  Philippines
2023-12-06T19:20:30.965Z,8.9024,127.2977,10,4.5,108 km E of Aras-asan  Philippines
2023-12-06T19:24:22.006Z,8.8888,126.71,59.556,4.5,43 km E of Aras-asan  Philippines
2023-12-06T19:46:50.817Z,9.1481,127.085,10,4.4,89 km ENE of Aras-asan  Philippines
2023-12-06T22:40:12.467Z,8.675,127.2547,10,4.5,106 km E of Marihatag  Philippines
2023-12-06T23:07:25.852Z,8.3855,126.6075,65.785,4.2,30 km E of Hinatuan  Philippines
2023-12-06T23:33:46.088Z,8.4094,126.6536,34.432,4.9,35 km E of Hinatuan  Philippines
2023-12-06T23:41:33.057Z,8.6556,127.1519,10,4.6,95 km ENE of Hinatuan  Philippines
2023-12-07T00:39:02.665Z,8.5933,127.1984,10,4.4,96 km ENE of Barcelona  Philippines
2023-12-07T00:46:30.224Z,8.9973,126.7508,16.406,5.4,49 km ENE of Aras-asan  Philippines
2023-12-07T00:55:48.569Z,9.2141,127.1388,10,4.3,97 km ENE of Aras-asan  Philippines
2023-12-07T01:53:23.099Z,8.399,126.6128,65.854,4.4,30 km E of Hinatuan  Philippines
2023-12-07T01:58:27.986Z,9.0756,127.0331,10,4.6,82 km ENE of Aras-asan  Philippines
2023-12-07T02:53:44.813Z,8.5138,126.9651,53.054,4.5,70 km NE of Barcelona  Philippines
2023-12-07T04:45:46.856Z,8.7042,126.6965,49.809,5.1,45 km ESE of Marihatag  Philippines
2023-12-07T05:41:08.590Z,8.8279,127.2111,10,4.5,99 km E of Aras-asan  Philippines
2023-12-07T06:38:49.459Z,8.8293,126.7893,44.584,5.2,52 km E of Aras-asan  Philippines
2023-12-07T06:42:39.234Z,8.6676,127.1733,10,4.4,97 km E of Marihatag  Philippines
2023-12-07T06:56:01.429Z,5.0858,127.451,115.537,4.4,199 km SE of Pondaguitan  Philippines
2023-12-07T07:09:57.531Z,8.7899,127.2137,10,4.3,99 km E of Aras-asan  Philippines
2023-12-07T07:28:53.564Z,8.6191,126.8486,56.162,4.4,62 km ENE of Hinatuan  Philippines
2023-12-07T11:27:52.882Z,8.4714,127.3702,10,4.5,108 km ENE of Barcelona  Philippines
2023-12-07T12:40:32.795Z,8.7186,127.1754,10,4.4,96 km E of Aras-asan  Philippines
2023-12-07T13:09:46.026Z,5.7478,125.3216,78.721,4.8,6 km NE of Pangyan  Philippines
2023-12-07T14:11:37.273Z,8.4433,126.5756,72.951,4.6,27 km ENE of Hinatuan  Philippines
2023-12-07T15:08:37.998Z,8.507,126.7505,47.343,4.9,48 km ENE of Hinatuan  Philippines
2023-12-07T15:38:05.525Z,4.1987,127.823,114.656,4.4,273 km N of Tobelo  Indonesia
2023-12-07T16:06:49.531Z,9.5978,127.0683,10,4.5,102 km ENE of Cortes  Philippines
2023-12-07T16:14:05.332Z,8.6944,127.2688,10,4.4,107 km ESE of Aras-asan  Philippines
2023-12-07T16:38:48.801Z,8.373,126.471,81.471,4.2,15 km E of Hinatuan  Philippines
2023-12-07T19:27:23.614Z,8.744,126.8486,45.89,4.5,61 km E of Marihatag  Philippines
2023-12-07T22:12:04.468Z,8.8044,126.7075,67.397,4.3,44 km ESE of Aras-asan  Philippines
2023-12-07T23:56:30.747Z,8.5529,127.3392,10,4.1,108 km ENE of Barcelona  Philippines
2023-12-08T03:25:49.736Z,9.5093,126.4941,15.331,5.1,41 km NE of Cortes  Philippines
2023-12-08T03:43:58.495Z,8.5956,127.1315,10,4.4,90 km ENE of Barcelona  Philippines
2023-12-08T05:21:47.328Z,8.7506,127.225,10,4.5,101 km E of Aras-asan  Philippines
2023-12-08T05:29:14.784Z,8.4747,126.9889,16.598,4.4,70 km ENE of Barcelona  Philippines
2023-12-08T05:47:05.730Z,8.6382,126.4906,68.107,4.5,28 km SE of Marihatag  Philippines
2023-12-08T05:54:15.605Z,8.7733,127.4838,10,4.6,129 km E of Aras-asan  Philippines
2023-12-08T06:52:43.260Z,8.7458,127.2197,12.689,5,101 km E of Aras-asan  Philippines
2023-12-08T08:11:15.438Z,8.7825,127.2812,10,4.4,107 km E of Aras-asan  Philippines
2023-12-08T08:59:24.020Z,8.8466,127.3284,10,4.7,111 km E of Aras-asan  Philippines
2023-12-08T09:26:53.243Z,8.5821,126.8213,63.524,4.4,58 km ENE of Hinatuan  Philippines
2023-12-08T09:46:51.998Z,8.6608,127.1205,10,4.5,92 km E of Marihatag  Philippines
2023-12-08T09:53:17.888Z,8.5901,127.4781,10,4.5,124 km ENE of Barcelona  Philippines
2023-12-08T10:01:15.077Z,8.6897,127.0566,10,4.7,84 km E of Marihatag  Philippines
2023-12-08T10:32:39.480Z,8.7897,126.8612,49.291,5.2,61 km E of Aras-asan  Philippines
2023-12-08T11:32:15.254Z,8.8122,126.9302,54.744,4.9,68 km E of Aras-asan  Philippines
2023-12-08T14:52:30.732Z,8.5326,127.1288,10,4.3,86 km ENE of Barcelona  Philippines
2023-12-08T16:09:47.231Z,8.7513,126.8256,55.654,4.6,58 km E of Marihatag  Philippines
2023-12-08T17:46:13.720Z,9.2544,127.2303,10,4.6,108 km ENE of Aras-asan  Philippines
2023-12-08T17:51:14.418Z,9.0911,126.9802,10,4.6,76 km ENE of Aras-asan  Philippines
2023-12-08T20:18:09.582Z,8.293,127.4591,10,4.7,113 km E of Barcelona  Philippines
2023-12-08T20:34:40.498Z,9.0159,127.2037,10,4.2,99 km E of Aras-asan  Philippines
2023-12-08T21:24:25.859Z,9.6202,126.8576,10,4.3,82 km ENE of Cortes  Philippines
2023-12-08T21:54:20.787Z,9.4663,126.4817,38.403,4.4,38 km ENE of Cortes  Philippines
2023-12-08T22:03:55.833Z,9.0745,126.6641,7.708,4.1,43 km ENE of Aras-asan  Philippines
2023-12-08T22:13:34.565Z,9.4713,126.3856,26.288,4.4,30 km NE of Cortes  Philippines
2023-12-09T00:04:43.521Z,8.6504,126.9781,37.632,4.2,76 km ESE of Marihatag  Philippines
2023-12-09T02:38:44.603Z,8.7063,127.1388,10,4.5,93 km ESE of Aras-asan  Philippines
2023-12-09T05:56:48.697Z,9.051,126.6986,58.988,4.5,46 km ENE of Aras-asan  Philippines
2023-12-09T06:27:45.009Z,8.6364,126.8616,57.923,4.2,64 km ESE of Marihatag  Philippines
2023-12-09T08:12:14.609Z,9.1608,126.6142,67.7,4.7,43 km ENE of La Paz  Philippines
2023-12-09T08:45:55.756Z,9.2185,126.7816,45.364,4.4,62 km ENE of La Paz  Philippines
2023-12-09T09:16:45.723Z,8.7733,127.3875,10,4.2,119 km E of Aras-asan  Philippines
2023-12-09T09:37:26.486Z,8.4403,126.5743,72.221,4.7,27 km ENE of Hinatuan  Philippines
2023-12-09T09:39:48.839Z,9.2883,125.9433,35,4.5,0 km N of Parang  Philippines
2023-12-09T10:09:38.400Z,9.4686,126.4773,57.641,4.3,37 km ENE of Cortes  Philippines
2023-12-09T10:14:33.172Z,9.5385,126.4792,42.705,4.4,42 km NE of Cortes  Philippines
2023-12-09T10:33:22.611Z,8.2482,126.7122,52.836,4,32 km ENE of Barcelona  Philippines
2023-12-09T10:37:54.355Z,8.4588,127.2569,10,4.5,96 km ENE of Barcelona  Philippines
2023-12-09T13:20:35.130Z,9.2795,126.5035,55.544,4.6,34 km E of Cortes  Philippines
2023-12-09T14:39:30.965Z,9.4103,126.4959,34.393,4.2,36 km ENE of Cortes  Philippines
2023-12-09T15:07:04.027Z,6.2107,126.3149,62.446,4.9,22 km SE of Pondaguitan  Philippines
2023-12-09T17:28:29.779Z,8.849,126.8549,67.962,4.2,59 km E of Aras-asan  Philippines
2023-12-09T19:44:47.805Z,1.8063,126.3784,54.695,5,144 km ENE of Bitung  Indonesia
2023-12-09T22:31:21.391Z,8.4895,127.6891,10,4.6,142 km ENE of Barcelona  Philippines
2023-12-09T23:13:31.141Z,5.9419,127.1164,74.394,4.6,113 km ESE of Pondaguitan  Philippines
2023-12-09T23:59:01.264Z,8.4191,126.6676,51.636,4.6,37 km E of Hinatuan  Philippines
2023-12-10T00:11:35.969Z,9.3528,126.4236,47.152,4.6,26 km ENE of Cortes  Philippines
2023-12-10T01:01:38.191Z,9.2605,126.4429,41.596,4.5,27 km E of Cortes  Philippines
2023-12-10T01:14:21.443Z,9.074,126.5863,43.965,4.3,36 km ENE of Bacolod  Philippines
2023-12-10T03:31:06.809Z,8.4222,127.2197,10,4.5,91 km ENE of Barcelona  Philippines
2023-12-10T05:15:51.310Z,8.5858,126.258,78.113,4.1,6 km NNE of Gamut  Philippines
2023-12-10T06:22:43.216Z,8.7556,127.3956,10,4.3,120 km E of Aras-asan  Philippines
2023-12-10T07:33:37.647Z,8.7097,126.2525,65.584,4.1,4 km E of Salvacion  Philippines
2023-12-10T08:32:06.879Z,8.6547,127.0148,10,4.3,80 km ESE of Marihatag  Philippines
2023-12-10T10:00:43.228Z,9.6103,126.5703,44.952,4.3,53 km ESE of Union  Philippines
2023-12-10T12:44:58.096Z,8.8225,126.7525,39.897,4.4,49 km E of Aras-asan  Philippines
2023-12-10T17:46:07.214Z,7.9177,126.8763,33.159,4.9,43 km NE of Kinablangan  Philippines
2023-12-10T17:48:50.571Z,8.0653,126.4982,69.608,4.4,9 km ENE of Lingig  Philippines
2023-12-10T18:07:35.681Z,8.7042,127.32,10,4.5,112 km E of Aras-asan  Philippines
2023-12-10T19:28:09.015Z,9.5164,126.7283,39.677,4.2,64 km ENE of Cortes  Philippines
2023-12-10T22:49:38.279Z,8.7028,127.2892,10,4.4,109 km E of Aras-asan  Philippines
2023-12-10T22:52:56.501Z,8.7373,127.2677,10,5.1,106 km E of Aras-asan  Philippines
2023-12-10T23:10:43.013Z,8.641,127.282,10,4.5,107 km ENE of Barcelona  Philippines
2023-12-10T23:18:00.908Z,8.7201,127.3417,10,4.6,114 km E of Aras-asan  Philippines
2023-12-10T23:29:15.554Z,8.6511,127.2697,10,4.5,106 km ENE of Barcelona  Philippines
2023-12-11T00:45:01.415Z,8.8229,126.9288,10,4.6,68 km E of Aras-asan  Philippines
2023-12-11T01:15:38.374Z,8.9146,127.3104,10,4.2,109 km E of Aras-asan  Philippines
2023-12-11T01:55:10.236Z,8.7595,127.2681,10,4.7,106 km E of Aras-asan  Philippines
2023-12-11T03:48:08.285Z,9.5142,126.1552,85.047,4.8,23 km ESE of Socorro  Philippines
2023-12-11T03:48:59.925Z,9.2079,126.0098,10,4.7,2 km SSW of Carmen  Philippines
2023-12-11T04:33:31.631Z,2.6627,128.2722,122.003,4.8,107 km NNE of Tobelo  Indonesia
2023-12-11T08:03:00.611Z,8.1267,127.1801,26.551,4.5,82 km E of Barcelona  Philippines
2023-12-11T10:55:39.135Z,8.5394,126.7894,57.925,4.7,53 km ENE of Hinatuan  Philippines
2023-12-11T11:21:23.114Z,8.4853,127.5228,10,4.3,125 km ENE of Barcelona  Philippines
2023-12-11T11:56:29.953Z,8.5209,127.2056,10,4.5,93 km ENE of Barcelona  Philippines
2023-12-11T11:57:46.418Z,8.4991,127.2645,10,4.6,98 km ENE of Barcelona  Philippines
2023-12-11T13:09:18.385Z,9.4401,126.475,49.119,4.6,35 km ENE of Cortes  Philippines
2023-12-11T13:20:42.146Z,3.0393,126.0377,111.915,4.4,203 km NNE of Bitung  Indonesia
2023-12-11T13:52:31.268Z,9.1178,126.9961,10,4.8,79 km ENE of Aras-asan  Philippines
2023-12-11T18:51:51.994Z,2.4633,126.7122,50.457,4.5,165 km WNW of Tobelo  Indonesia
2023-12-11T21:48:03.871Z,8.5433,126.8214,55.178,4.6,56 km ENE of Hinatuan  Philippines
2023-12-11T22:01:24.720Z,8.5607,126.918,57.08,4.5,67 km ENE of Hinatuan  Philippines
2023-12-11T22:13:39.471Z,8.5702,126.7702,35,4.4,52 km ENE of Hinatuan  Philippines
2023-12-11T23:22:53.252Z,8.5333,127.093,10,4.5,83 km ENE of Barcelona  Philippines
2023-12-11T23:43:16.165Z,8.5062,127.106,10,5,83 km ENE of Barcelona  Philippines
2023-12-12T01:48:05.737Z,8.6145,126.5809,43.959,4.5,37 km SE of Marihatag  Philippines
2023-12-12T03:06:39.608Z,8.8298,126.803,35,5,54 km E of Aras-asan  Philippines
2023-12-12T03:11:15.185Z,8.7099,126.769,35,4.9,53 km ESE of Marihatag  Philippines
2023-12-12T06:22:14.116Z,9.6304,126.4748,40.289,4.6,42 km ESE of Union  Philippines
2023-12-12T08:17:52.360Z,8.4165,126.5584,70.563,4.8,25 km E of Hinatuan  Philippines
2023-12-12T12:04:31.528Z,4.9283,127.5308,10,4.5,218 km SE of Pondaguitan  Philippines
2023-12-12T13:58:24.440Z,8.5843,126.6104,42.549,5.1,38 km NE of Hinatuan  Philippines
2023-12-12T16:07:14.370Z,9.7129,126.4653,53.542,4.7,39 km E of Union  Philippines
2023-12-12T16:18:53.544Z,8.4486,126.9093,35,4.7,61 km ENE of Barcelona  Philippines
2023-12-12T16:20:59.500Z,8.5697,127.1574,10,4.7,91 km ENE of Barcelona  Philippines
2023-12-12T16:24:17.233Z,8.552,127.1354,10,4.7,88 km ENE of Barcelona  Philippines
2023-12-12T17:49:47.725Z,8.404,126.8793,36.009,4.6,56 km ENE of Barcelona  Philippines
2023-12-12T18:10:28.267Z,8.4228,126.5154,50.12,4.4,20 km ENE of Hinatuan  Philippines
2023-12-12T18:44:13.669Z,8.4449,126.5995,47.7,4.3,30 km ENE of Hinatuan  Philippines
2023-12-12T20:09:20.643Z,8.4992,126.9133,30.217,4.3,64 km NE of Barcelona  Philippines
2023-12-12T21:42:52.369Z,8.6012,126.3144,70.017,4.6,11 km NE of Gamut  Philippines
2023-12-13T01:53:39.184Z,9.4553,126.8036,10,4.2,70 km ENE of Cortes  Philippines
2023-12-13T04:43:33.222Z,5.563,126.9519,10,4.4,123 km SE of Pondaguitan  Philippines
2023-12-13T05:41:37.019Z,8.5888,126.8476,60.105,4.2,61 km ENE of Hinatuan  Philippines
2023-12-13T13:04:23.948Z,8.7002,126.3818,54.102,4.5,14 km SE of Marihatag  Philippines
2023-12-13T13:36:07.848Z,8.4829,126.7213,57.236,4.5,44 km ENE of Hinatuan  Philippines
2023-12-13T14:17:12.376Z,8.5659,127.0131,18.252,4.5,77 km ENE of Hinatuan  Philippines
2023-12-13T16:15:55.153Z,8.3574,126.5649,83.181,4.3,25 km E of Hinatuan  Philippines
2023-12-13T17:36:51.387Z,2.0165,124.1617,302.23,4.1,96 km NW of Manado  Indonesia
2023-12-14T03:36:31.407Z,8.5788,127.3464,10,4.7,110 km ENE of Barcelona  Philippines
2023-12-14T05:12:31.464Z,8.6424,127.3509,10,4.1,114 km ENE of Barcelona  Philippines
2023-12-14T05:26:40.338Z,8.5298,127.1316,10,4.9,87 km ENE of Barcelona  Philippines
2023-12-14T05:33:22.291Z,8.6398,127.1535,10,4.6,94 km ENE of Hinatuan  Philippines
2023-12-14T05:44:17.912Z,8.5653,127.2353,10,4.3,99 km ENE of Barcelona  Philippines
2023-12-14T05:55:16.798Z,8.5645,127.1447,10,4.6,90 km ENE of Barcelona  Philippines
2023-12-14T06:05:15.358Z,8.6274,127.2367,10,4.3,102 km ENE of Barcelona  Philippines
2023-12-14T07:53:39.872Z,8.4227,127.3162,10,4.4,101 km ENE of Barcelona  Philippines
2023-12-14T09:19:05.322Z,2.1486,127.8388,103.046,4.1,50 km NNW of Tobelo  Indonesia
2023-12-14T10:42:54.056Z,8.288,126.8111,68.016,4.7,43 km ENE of Barcelona  Philippines
2023-12-14T10:48:21.599Z,8.6396,127.4289,10,4.4,121 km ENE of Barcelona  Philippines
2023-12-14T10:49:34.022Z,8.4874,127.0771,10,4.2,79 km ENE of Barcelona  Philippines
2023-12-14T11:39:12.655Z,8.3569,126.74,80.313,4.4,40 km ENE of Barcelona  Philippines
2023-12-14T11:46:00.006Z,8.3472,126.7989,55.636,4.8,45 km ENE of Barcelona  Philippines
2023-12-14T11:54:00.342Z,8.2634,126.8372,64.073,4.7,45 km ENE of Barcelona  Philippines
2023-12-14T13:27:19.228Z,8.9749,126.623,36.736,4.8,35 km ENE of Aras-asan  Philippines
2023-12-14T15:33:27.499Z,8.5631,127.4101,10,4.5,116 km ENE of Barcelona  Philippines
2023-12-14T16:42:52.757Z,8.5399,126.9063,33.092,4.1,65 km ENE of Hinatuan  Philippines
2023-12-14T22:05:05.034Z,9.3475,126.4703,38.457,4.6,31 km ENE of Cortes  Philippines
2023-12-14T22:44:01.774Z,8.7494,127.3747,10,4.7,117 km E of Aras-asan  Philippines
2023-12-14T23:03:34.370Z,8.5153,127.2134,10,4.3,94 km ENE of Barcelona  Philippines
2023-12-14T23:10:27.827Z,8.6554,127.5069,10,4.4,130 km ENE of Barcelona  Philippines
2023-12-14T23:30:24.133Z,8.7264,128.1334,10,4.5,197 km ENE of Barcelona  Philippines
2023-12-15T04:30:32.259Z,8.865,127.3012,10,4.7,108 km E of Aras-asan  Philippines
2023-12-15T04:41:24.038Z,1.6227,126.6154,48.662,4.5,125 km NW of Ternate  Indonesia
2023-12-15T04:42:46.554Z,8.8131,127.2448,10,4.6,103 km E of Aras-asan  Philippines
2023-12-15T13:43:03.716Z,8.4573,127.0973,10,4.7,80 km ENE of Barcelona  Philippines
2023-12-15T14:49:37.478Z,8.5306,126.5542,48.932,4.2,29 km NE of Hinatuan  Philippines
2023-12-15T15:40:21.601Z,8.8205,127.3538,10,4.7,114 km E of Aras-asan  Philippines
2023-12-15T16:05:28.112Z,8.799,127.315,10,4.9,110 km E of Aras-asan  Philippines
2023-12-15T16:35:10.364Z,8.8511,127.4226,10,4.9,122 km E of Aras-asan  Philippines
2023-12-15T20:29:34.527Z,8.5677,126.6865,66.683,4.2,44 km ENE of Hinatuan  Philippines
2023-12-15T21:32:14.046Z,8.0456,126.787,74.036,4.6,38 km E of Santa Maria  Philippines
2023-12-15T22:28:31.343Z,8.9007,127.2847,10,4.4,107 km E of Aras-asan  Philippines
2023-12-16T00:12:12.386Z,8.487,126.8695,39.986,4.5,60 km NE of Barcelona  Philippines
2023-12-16T03:12:39.806Z,8.7882,127.4494,10,4.5,125 km E of Aras-asan  Philippines
2023-12-16T05:36:09.404Z,8.3563,126.5701,57.9,4.2,26 km E of Hinatuan  Philippines
2023-12-16T06:56:39.084Z,8.5473,126.841,18.648,4.3,59 km ENE of Hinatuan  Philippines
2023-12-16T09:12:51.073Z,8.396,126.5152,72.284,4.6,20 km E of Hinatuan  Philippines
2023-12-16T09:38:33.711Z,8.8299,126.6189,60.853,4.3,34 km E of Aras-asan  Philippines
2023-12-16T11:43:33.215Z,8.9645,127.1634,10,4.8,94 km E of Aras-asan  Philippines
2023-12-16T23:43:23.520Z,8.44,126.3825,75.074,4.5,9 km NE of Hinatuan  Philippines
2023-12-17T04:45:44.726Z,4.2529,126.874,59.654,4.3,201 km SE of Sarangani  Philippines
2023-12-17T08:18:57.525Z,8.1747,126.7162,77.764,4.4,31 km E of Barcelona  Philippines
2023-12-17T08:23:05.008Z,8.2689,127.2262,10,4.1,88 km E of Barcelona  Philippines
2023-12-17T10:58:14.395Z,7.9923,127.0487,59.141,4.9,64 km ENE of Kinablangan  Philippines
2023-12-17T20:32:04.823Z,9.0473,126.9297,10,4.2,70 km ENE of Aras-asan  Philippines
2023-12-17T20:33:09.689Z,8.8902,126.8702,26.334,4.6,61 km E of Aras-asan  Philippines
2023-12-17T21:16:16.135Z,8.3856,126.8845,35.296,4.4,55 km ENE of Barcelona  Philippines
2023-12-18T00:23:16.582Z,8.8997,126.6376,60.88,4.2,35 km E of Aras-asan  Philippines
2023-12-18T01:37:21.559Z,8.0714,127.3644,10,4,99 km ENE of Kinablangan  Philippines
2023-12-18T03:58:59.547Z,8.818,127.2945,10,4.6,108 km E of Aras-asan  Philippines
2023-12-18T11:12:37.366Z,8.8629,127.3732,10,4.9,116 km E of Aras-asan  Philippines
2023-12-18T12:12:57.368Z,9.3876,126.6691,38.559,4.6,53 km ENE of Cortes  Philippines
2023-12-18T15:50:09.090Z,8.9741,126.7375,35,4.6,47 km ENE of Aras-asan  Philippines
2023-12-18T16:28:01.843Z,8.6814,126.3387,81.638,4.4,14 km SSE of Marihatag  Philippines
2023-12-19T06:51:13.487Z,9.2499,125.8414,10,4.8,11 km WSW of Parang  Philippines
2023-12-19T07:16:15.126Z,8.2814,126.4332,10,4.9,10 km E of Tidman  Philippines
2023-12-19T08:14:14.444Z,8.3958,126.7399,43.076,4.9,42 km NE of Barcelona  Philippines
2023-12-19T08:37:41.284Z,8.6703,127.2214,10,4.3,102 km E of Marihatag  Philippines
2023-12-19T12:21:16.156Z,3.3197,126.9701,79.322,4.2,210 km NNW of Tobelo  Indonesia
2023-12-19T16:09:15.928Z,3.1737,127.395,34.644,4.4,173 km NNW of Tobelo  Indonesia
2023-12-19T22:36:03.417Z,2.7011,128.2749,173.775,5.2,111 km NNE of Tobelo  Indonesia
2023-12-19T23:35:40.304Z,3.2291,126.9565,50.145,4.5,203 km NW of Tobelo  Indonesia
2023-12-20T01:45:01.277Z,8.6381,126.9927,10,4.2,78 km ENE of Hinatuan  Philippines
2023-12-20T05:14:42.407Z,8.6648,127.3096,10,4.5,111 km ENE of Barcelona  Philippines
2023-12-20T06:56:08.275Z,8.5636,127.3899,10,4.7,114 km ENE of Barcelona  Philippines
2023-12-21T01:17:56.902Z,8.3519,127.1483,10,4.5,81 km ENE of Barcelona  Philippines
2023-12-21T02:21:17.804Z,8.114,126.3279,92.947,4.1,11 km S of Bislig  Philippines
2023-12-21T09:06:32.114Z,8.5832,127.4205,10,4.6,118 km ENE of Barcelona  Philippines
2023-12-21T17:25:55.853Z,8.892,127.0558,10,4.6,81 km E of Aras-asan  Philippines
2023-12-21T19:30:59.648Z,8.5716,127.3598,10,4.5,111 km ENE of Barcelona  Philippines
2023-12-21T21:20:17.210Z,8.9034,127.1686,10,4.2,94 km E of Aras-asan  Philippines
2023-12-22T11:01:52.091Z,8.4842,126.9097,35,4.2,63 km NE of Barcelona  Philippines
2023-12-22T11:28:37.439Z,8.5479,127.1806,10,4.9,92 km ENE of Barcelona  Philippines
2023-12-22T11:31:50.835Z,8.6207,126.5681,59.333,4.4,36 km SE of Marihatag  Philippines
2023-12-22T11:33:59.813Z,2.6388,128.1978,62.909,5.1,102 km NNE of Tobelo  Indonesia
2023-12-22T19:07:09.958Z,8.4298,126.9646,43.686,4.5,65 km ENE of Barcelona  Philippines
2023-12-23T00:50:02.409Z,8.5673,126.1773,88.744,4.1,6 km WNW of Unidad  Philippines
2023-12-23T11:18:24.445Z,8.8867,127.2548,10,4.3,103 km E of Aras-asan  Philippines
2023-12-23T14:22:26.625Z,8.1936,126.7418,41.829,5.1,34 km E of Barcelona  Philippines
2023-12-23T16:38:34.934Z,8.8625,126.8234,35,5.2,56 km E of Aras-asan  Philippines
2023-12-23T21:54:30.198Z,6.5565,126.2938,134.173,4.4,20 km ENE of Nangan  Philippines
2023-12-24T02:02:51.931Z,8.5627,126.8172,37.658,4.6,57 km ENE of Hinatuan  Philippines
2023-12-24T02:20:44.377Z,8.2927,127.0403,57.029,5.3,68 km ENE of Barcelona  Philippines
2023-12-24T02:28:06.868Z,8.1184,126.6391,71.685,4.6,23 km ESE of Barcelona  Philippines
2023-12-24T03:02:06.352Z,8.5352,126.5233,51.097,5.1,27 km NE of Hinatuan  Philippines
2023-12-24T08:51:57.825Z,8.4638,126.3708,64.772,4.7,10 km NNE of Hinatuan  Philippines
2023-12-24T20:31:54.297Z,5.0747,126.0217,109.751,4.9,71 km ESE of Sarangani  Philippines
2023-12-25T00:10:29.813Z,8.7511,127.3901,10,4.4,119 km E of Aras-asan  Philippines
2023-12-25T03:21:05.599Z,9.2851,126.6053,35,4.2,45 km E of Cortes  Philippines
2023-12-25T07:19:26.506Z,8.997,127.2369,10,4.5,102 km E of Aras-asan  Philippines
2023-12-25T14:45:38.593Z,8.4007,126.3155,94.234,4.5,3 km NNW of Hinatuan  Philippines
2023-12-25T22:16:27.881Z,8.5093,127.1231,10,4.5,85 km ENE of Barcelona  Philippines
2023-12-26T03:42:51.774Z,8.5556,126.5972,89.342,4.1,35 km NE of Hinatuan  Philippines
2023-12-26T06:42:37.211Z,4.0237,126.6495,47.429,4.7,201 km SE of Sarangani  Philippines
2023-12-26T10:20:27.825Z,8.4863,126.9279,58.852,4.8,65 km ENE of Barcelona  Philippines
2023-12-26T11:39:23.602Z,2,125.8117,9.696,4.2,98 km NE of Bitung  Indonesia
2023-12-27T13:17:16.404Z,8.8827,126.2602,10,4.4,5 km W of Aras-asan  Philippines
2023-12-27T15:31:19.124Z,8.8522,127.7701,10,4.3,160 km E of Aras-asan  Philippines
2023-12-28T01:35:11.401Z,6.121,125.4786,35,5.2,12 km ENE of Suyan  Philippines
2023-12-28T15:48:33.019Z,8.5588,126.4999,51.88,5,27 km NE of Hinatuan  Philippines
2023-12-28T16:10:27.756Z,8.3648,127.1915,10,4.5,86 km ENE of Barcelona  Philippines
2023-12-28T18:27:28.843Z,8.3548,126.2781,79.396,4.4,4 km N of Bigaan  Philippines
2023-12-28T20:35:56.817Z,9.2977,126.8191,10,4.5,69 km E of Cortes  Philippines
2023-12-29T10:29:32.017Z,6.7248,126.9004,68.61,4.6,61 km SE of Tarragona  Philippines
2023-12-29T16:26:50.027Z,2.6211,121.8937,556.561,4.4,264 km NNW of Gorontalo  Indonesia
2023-12-30T19:29:41.325Z,8.577,127.1346,10,4.3,89 km ENE of Barcelona  Philippines
2023-12-31T00:23:43.953Z,8.9434,126.4849,60.612,4.4,20 km ENE of Aras-asan  Philippines
2023-12-31T00:53:05.180Z,8.6464,126.7683,62.659,4.2,54 km ESE of Marihatag  Philippines
2023-12-31T03:22:56.282Z,9.3051,126.2038,10,4.4,3 km NNE of Cortes  Philippines
2023-12-31T08:48:30.638Z,8.7458,126.6424,40.766,4.2,38 km E of Marihatag  Philippines
2023-12-31T10:19:09.179Z,3.9902,128.2428,10,4.6,251 km N of Tobelo  Indonesia
2023-12-31T15:23:14.621Z,4.0416,128.3381,10,4.9,258 km N of Tobelo  Indonesia
2023-12-31T17:00:47.300Z,9.6916,125.4144,10,4.6,7 km SW of Mati  Philippines
2024-01-01T03:58:30.343Z,8.9147,127.4797,10,4.1,128 km E of Aras-asan  Philippines
2024-01-01T14:52:07.932Z,4.7027,127.3061,53.468,4.2,218 km ESE of Sarangani  Philippines
2024-01-02T02:49:31.315Z,8.8429,127.2178,10,4.6,99 km E of Aras-asan  Philippines
2024-01-03T01:11:31.461Z,8.3515,126.5376,76.597,5,22 km E of Hinatuan  Philippines
2024-01-03T04:38:54.197Z,5.3784,127.722,10,4.2,202 km ESE of Pondaguitan  Philippines
2024-01-03T12:59:19.567Z,5.5484,125.0908,79.453,4.4,26 km SW of Burias  Philippines
2024-01-03T22:44:18.408Z,4.8183,127.2989,45.929,4.4,211 km SE of Pondaguitan  Philippines
2024-01-04T07:32:22.215Z,8.3869,126.5607,84.702,4.7,25 km E of Hinatuan  Philippines
2024-01-05T00:45:34.465Z,8.7194,124.3214,9.973,4.3,16 km NW of Gitagum  Philippines
2024-01-05T01:15:40.339Z,5.8063,127.5533,10,4.2,164 km ESE of Pondaguitan  Philippines
2024-01-06T11:02:38.724Z,3.96,125.2602,93.13,4.2,161 km S of Sarangani  Philippines
2024-01-06T12:38:10.094Z,8.9737,126.4849,43.529,4,21 km ENE of Aras-asan  Philippines
2024-01-06T17:03:10.110Z,8.8884,127.07,10,4.5,83 km E of Aras-asan  Philippines
2024-01-07T00:05:13.360Z,8.1321,126.9585,35,4.6,57 km E of Barcelona  Philippines
2024-01-07T03:47:27.160Z,4.7913,127.8373,67.031,4.5,252 km SE of Pondaguitan  Philippines
2024-01-07T12:02:03.500Z,6.2251,126.9851,215.461,4.1,90 km E of Pondaguitan  Philippines
2024-01-08T13:30:57.048Z,8.4136,126.3334,78.64,4.4,4 km N of Hinatuan  Philippines
2024-01-08T20:48:42.361Z,4.9225,126.1575,62.574,6.7,93 km SE of Sarangani  Philippines
2024-01-08T21:04:39.509Z,4.7288,126.0407,88.58,4.2,98 km SE of Sarangani  Philippines
2024-01-08T21:06:16.101Z,4.8164,126.0506,82.702,4.5,91 km SE of Sarangani  Philippines
2024-01-08T22:30:35.744Z,4.6686,126.299,92.212,4.1,123 km SE of Sarangani  Philippines
2024-01-08T22:49:59.374Z,4.9569,126.4601,62.882,4.2,121 km ESE of Sarangani  Philippines
2024-01-09T01:08:41.354Z,4.7116,126.3124,97.409,4.5,121 km SE of Sarangani  Philippines
2024-01-09T03:10:38.970Z,4.6255,126.205,96.647,4.1,118 km SE of Sarangani  Philippines
2024-01-09T05:33:57.267Z,2.9203,125.5756,140.016,4.2,171 km NNE of Bitung  Indonesia
2024-01-09T11:14:27.650Z,5.1326,125.3566,10,4.1,32 km SSW of Sarangani  Philippines
2024-01-10T02:09:46.350Z,8.49,127.3718,10,4.1,109 km ENE of Barcelona  Philippines
2024-01-10T20:08:26.753Z,8.7981,127.1469,10,4.4,92 km E of Aras-asan  Philippines
2024-01-11T14:59:34.058Z,1.9746,124.0298,298.551,4.3,106 km WNW of Manado  Indonesia
2024-01-12T02:05:04.693Z,4.8837,126.43,44.076,5,121 km ESE of Sarangani  Philippines
2024-01-12T05:12:24.468Z,8.9392,126.6842,85.259,4.5,41 km E of Aras-asan  Philippines
2024-01-12T09:47:59.241Z,8.4178,126.7185,36.541,4.7,42 km NE of Barcelona  Philippines
2024-01-12T18:02:34.156Z,4.9202,126.4269,66.758,4.2,119 km ESE of Sarangani  Philippines
2024-01-12T18:04:40.497Z,8.5025,126.7873,62.826,4.6,51 km ENE of Hinatuan  Philippines
2024-01-12T19:52:14.391Z,5.5013,125.1256,80.959,4.6,26 km WSW of Balangonan  Philippines
2024-01-13T22:07:42.282Z,1.4591,124.4982,243.669,4.2,37 km WNW of Tomohon  Indonesia
2024-01-14T10:56:20.744Z,4.8037,126.1553,92.124,4.5,101 km SE of Sarangani  Philippines
2024-01-15T11:31:25.572Z,8.4334,126.3668,78.052,4.8,7 km NNE of Hinatuan  Philippines
2024-01-15T14:04:35.409Z,4.3428,125.7007,88.75,5,120 km SSE of Sarangani  Philippines
2024-01-16T05:35:56.692Z,4.3024,128.4198,8.542,4.1,288 km N of Tobelo  Indonesia
2024-01-16T17:57:13.510Z,1.5479,124.6017,223.021,4.2,28 km WNW of Manado  Indonesia
2024-01-16T18:03:50.427Z,1.3347,126.2949,25.01,4.8,130 km E of Bitung  Indonesia
2024-01-17T12:32:01.191Z,8.558,126.5225,39,5.6,29 km NE of Hinatuan  Philippines
2024-01-17T12:42:22.519Z,2.6602,128.3711,201.593,4.2,110 km NNE of Tobelo  Indonesia
2024-01-18T01:33:27.633Z,8.5946,127.3913,10,4.6,115 km ENE of Barcelona  Philippines
2024-01-18T01:48:29.671Z,5.7416,127.0838,115.154,4.4,121 km SE of Pondaguitan  Philippines
2024-01-18T02:41:38.888Z,8.556,127.2993,10,4.4,104 km ENE of Barcelona  Philippines
2024-01-18T07:42:08.934Z,8.4092,126.4898,77.42,4.4,17 km ENE of Hinatuan  Philippines
2024-01-18T12:47:37.381Z,6.0394,125.9644,73.685,4.6,29 km E of Lamitan  Philippines
2024-01-18T15:57:34.167Z,8.5281,127.0422,35,4.7,78 km ENE of Barcelona  Philippines
2024-01-19T09:30:24.776Z,6.7737,126.477,59.111,4.3,19 km ESE of Bobon  Philippines
2024-01-19T15:38:23.913Z,8.715,126.1156,99.27,4.3,9 km NNE of Lianga  Philippines
2024-01-19T17:23:27.976Z,9.2532,126.8296,10,4.4,69 km ENE of La Paz  Philippines
2024-01-19T22:11:03.632Z,8.2971,126.9973,91.479,4.4,63 km ENE of Barcelona  Philippines
2024-01-20T10:34:29.416Z,7.897,126.564,71.715,4.3,16 km SE of Santa Maria  Philippines
2024-01-22T07:54:03.284Z,9.1339,126.104,54.306,4.6,6 km WNW of Buenavista  Philippines
2024-01-22T12:02:20.287Z,5.3214,125.3615,191.376,4.6,14 km SW of Sarangani  Philippines
2024-01-23T14:30:17.986Z,6.1179,125.9406,148.334,4.5,26 km E of Lamitan  Philippines
2024-01-24T16:35:53.551Z,6.0303,126.0437,152.676,4.3,38 km E of Lamitan  Philippines
2024-01-24T18:21:01.357Z,3.6836,123.4543,496.671,4.1,285 km SSW of Maitum  Philippines
2024-01-24T22:10:46.958Z,2.165,124.7976,239.194,4.3,75 km N of Manado  Indonesia
2024-01-25T07:04:19.443Z,2.3037,126.7166,64.606,4.2,157 km WNW of Tobelo  Indonesia
2024-01-26T21:58:33.358Z,8.5173,127.2601,10,4.3,99 km ENE of Barcelona  Philippines
2024-01-27T18:29:49.816Z,4.5353,125.7835,163.893,5,102 km SSE of Sarangani  Philippines
2024-01-27T18:45:25.411Z,5.0869,125.5611,181.731,4.5,36 km SSE of Sarangani  Philippines
2024-01-27T19:05:24.341Z,8.4057,126.8384,53.62,4.5,52 km ENE of Barcelona  Philippines
2024-01-27T22:42:55.461Z,8.5022,126.2752,58.422,4.1,4 km SE of Gamut  Philippines
2024-01-28T07:41:12.053Z,1.6726,123.4428,10,4.3,132 km NNE of Gorontalo  Indonesia
2024-01-29T04:06:35.270Z,4.1141,125.8625,142.784,4.4,149 km SSE of Sarangani  Philippines
2024-01-29T07:26:07.440Z,9.0984,125.8595,10,4.3,17 km NNW of San Miguel  Philippines
2024-01-29T07:37:21.407Z,8.4722,127.445,10,5.1,116 km ENE of Barcelona  Philippines
2024-01-29T12:06:49.068Z,6.4106,123.9539,543.409,4.2,10 km WSW of Sangay  Philippines
2024-01-30T04:30:39.482Z,5.0774,127.1467,128.874,4.4,177 km SE of Pondaguitan  Philippines
2024-01-30T06:47:46.247Z,8.8001,126.7652,68.689,4.6,50 km E of Aras-asan  Philippines
2024-01-30T08:42:13.730Z,8.8598,127.3827,10,4.3,117 km E of Aras-asan  Philippines
2024-01-30T16:12:57.956Z,8.3438,126.8234,36.943,4.3,47 km ENE of Barcelona  Philippines
2024-01-30T18:05:27.752Z,1.8874,126.4795,41.461,5,157 km NW of Ternate  Indonesia
2024-01-31T16:13:58.346Z,5.1901,126.9205,97.033,4.4,153 km SSE of Pondaguitan  Philippines
2024-01-31T18:31:25.823Z,3.685,126.6546,52.416,4.4,231 km SE of Sarangani  Philippines
2024-02-01T13:24:39.891Z,4.8476,126.0421,79.771,4.4,88 km SE of Sarangani  Philippines
2024-02-01T21:35:39.226Z,8.1667,126.9026,62.522,5.1,51 km E of Barcelona  Philippines
2024-02-02T07:12:18.846Z,8.1265,126.576,81.854,4.1,16 km ESE of Barcelona  Philippines
2024-02-02T16:38:47.151Z,8.8994,126.3266,81.554,4.8,2 km NE of Aras-asan  Philippines
2024-02-02T20:12:55.311Z,8.005,126.8007,84.118,4.3,39 km E of Santa Maria  Philippines
2024-02-02T20:19:41.913Z,8.014,126.9641,60.425,4.5,57 km E of Santa Maria  Philippines
2024-02-02T20:49:21.225Z,7.9432,126.8955,67.471,4.4,47 km NE of Kinablangan  Philippines
2024-02-03T00:59:12.748Z,8.0581,126.4746,87.19,4.4,7 km ENE of Lingig  Philippines
2024-02-03T03:51:46.967Z,7.6401,126.5091,95.103,4.3,7 km SW of Kinablangan  Philippines
2024-02-03T05:06:01.971Z,8.7713,126.1891,84.87,4.4,6 km NNW of Salvacion  Philippines
2024-02-03T06:01:51.904Z,8.8808,126.2261,83.194,4.3,8 km SW of Bacolod  Philippines
2024-02-03T08:25:09.304Z,2.3788,126.9728,35.893,5,135 km WNW of Tobelo  Indonesia
2024-02-03T18:43:53.008Z,6.6033,126.0614,71.748,4.5,5 km SSW of Sigaboy  Philippines
2024-02-03T22:37:44.109Z,8.717,126.5011,70.09,4.4,24 km ESE of Marihatag  Philippines
2024-02-04T01:33:29.926Z,6.4897,126.2608,88.15,4.4,15 km E of Nangan  Philippines
2024-02-04T18:35:31.633Z,8.6311,127.0254,10,4.1,81 km ENE of Hinatuan  Philippines
2024-02-05T06:39:27.190Z,8.7119,126.2322,82.182,4.3,2 km E of Salvacion  Philippines
2024-02-05T07:51:52.088Z,2.3086,126.8276,37.124,4.6,146 km WNW of Tobelo  Indonesia
2024-02-05T20:04:27.486Z,3.6866,126.8773,47.928,4.1,246 km SE of Sarangani  Philippines
2024-02-06T07:00:50.213Z,3.5746,126.4109,53.067,4.1,227 km SSE of Sarangani  Philippines
2024-02-06T13:17:25.762Z,5.6861,125.7994,99.036,4.3,31 km SE of Caburan  Philippines
2024-02-06T14:37:56.409Z,8.9318,126.2817,52.252,5.1,0 km W of Bacolod  Philippines
2024-02-06T15:09:55.514Z,4.5151,125.3336,185.57,4.3,99 km S of Sarangani  Philippines
2024-02-07T00:09:44.138Z,8.0942,127.068,35,4.5,69 km E of Santa Maria  Philippines
2024-02-07T02:44:57.369Z,8.8778,126.7356,65.508,5,46 km E of Aras-asan  Philippines
2024-02-07T02:52:47.034Z,8.472,127.0065,10,4.6,71 km ENE of Barcelona  Philippines
2024-02-07T02:57:04.102Z,8.7759,126.7802,80.855,5,53 km ESE of Aras-asan  Philippines
2024-02-07T05:46:57.133Z,8.8809,126.8952,49.686,4.5,64 km E of Aras-asan  Philippines
2024-02-07T19:49:38.050Z,6.5541,125.8869,76.5,4.6,23 km W of Magdug  Philippines
2024-02-07T20:09:44.771Z,9.6258,126.3495,64.382,4.7,29 km ESE of Union  Philippines
2024-02-08T01:26:34.266Z,9.5571,126.5322,107.136,4.4,48 km NE of Cortes  Philippines
2024-02-09T04:19:38.004Z,7.8579,126.7665,83.392,4.5,30 km NE of Kinablangan  Philippines
2024-02-09T08:54:23.155Z,5.8944,123.9888,530.677,4.3,41 km SSW of Palimbang  Philippines
2024-02-10T03:22:06.930Z,8.6822,125.568,32,5.8,8 km W of Esperanza  Philippines
2024-02-10T05:21:35.429Z,8.6931,125.6903,50.159,5.4,1 km NNW of Salvacion  Philippines
2024-02-10T06:20:05.247Z,8.5045,126.4014,82.863,4.3,16 km NNE of Hinatuan  Philippines
2024-02-10T17:03:30.752Z,5.7765,125.796,92.374,4.6,23 km SE of Caburan  Philippines
2024-02-10T19:58:43.019Z,6.2576,127.0153,206.51,4.4,93 km E of Pondaguitan  Philippines
2024-02-11T02:23:49.488Z,1.5307,126.5425,37.484,4.4,124 km NW of Ternate  Indonesia
2024-02-11T04:08:24.095Z,1.3743,126.4512,48.089,4.3,122 km WNW of Ternate  Indonesia
2024-02-11T13:16:30.409Z,5.719,127.0083,119.695,4.6,116 km SE of Pondaguitan  Philippines
2024-02-12T02:03:06.309Z,9.7195,126.7002,35,5.3,64 km E of Union  Philippines
2024-02-12T15:04:45.298Z,6.5779,125.9575,75.426,4.4,15 km WSW of Sigaboy  Philippines
2024-02-12T15:31:23.843Z,9.9444,126.2058,45.473,4.7,14 km NE of Pilar  Philippines
2024-02-12T20:45:39.566Z,2.9092,126.5762,66.521,4.5,206 km NW of Tobelo  Indonesia
2024-02-13T00:34:07.134Z,5.0873,125.3865,10.431,4.9,35 km SSW of Sarangani  Philippines
2024-02-13T07:31:15.837Z,3.9875,126.4623,45.373,4.5,191 km SE of Sarangani  Philippines
2024-02-13T09:00:13.305Z,8.6127,126.6121,35,4.9,40 km NE of Hinatuan  Philippines
2024-02-13T17:43:05.863Z,9.1558,126.2478,10,4.8,9 km ESE of Mabahin  Philippines
2024-02-14T07:59:36.297Z,8.3934,126.5243,64.396,4.8,21 km E of Hinatuan  Philippines
2024-02-14T18:41:57.283Z,9.0536,126.1183,10.802,4.5,7 km NW of Gamut  Philippines
2024-02-15T18:53:02.261Z,8.7862,126.2842,36.963,4.6,2 km SSW of Marihatag  Philippines
2024-02-15T22:45:22.227Z,6.9967,125.7293,535.905,4.1,8 km SSE of Samal  Philippines
2024-02-15T23:58:08.467Z,8.7804,126.399,59.487,4.5,11 km ESE of Marihatag  Philippines
2024-02-16T06:05:38.490Z,3.1816,125.7753,149.364,4.5,205 km NNE of Bitung  Indonesia
2024-02-16T19:41:03.601Z,8.6886,127.1451,10,4.5,94 km E of Marihatag  Philippines
2024-02-17T03:06:44.340Z,2.5023,128.2584,75.17,4.5,89 km NNE of Tobelo  Indonesia
2024-02-17T10:47:00.612Z,3.7031,124.6945,310.007,4,206 km SSW of Sarangani  Philippines
2024-02-18T11:10:05.686Z,7.1704,126.8375,89.798,4.4,31 km ESE of Santiago  Philippines
2024-02-18T11:48:09.745Z,9.3253,125.818,126.612,4.5,12 km W of Panikian  Philippines
2024-02-18T22:54:41.399Z,9.8946,126.0799,56.414,4.4,3 km NNW of Pilar  Philippines
2024-02-21T15:22:20.751Z,8.5335,126.4698,63.817,4.4,23 km NE of Hinatuan  Philippines
2024-02-22T02:57:15.033Z,2.6628,128.1951,10,4,105 km NNE of Tobelo  Indonesia
2024-02-22T11:43:16.478Z,9.0625,126.225,72.826,4.9,3 km ESE of Tandag  Philippines
2024-02-22T22:25:29.881Z,1.7993,127.2808,113.25,4.1,81 km W of Tobelo  Indonesia
2024-02-23T19:47:14.436Z,1.4886,126.3142,40.999,4.5,132 km E of Bitung  Indonesia
2024-02-23T23:51:16.015Z,1.5608,126.3822,43.096,4.6,140 km E of Bitung  Indonesia
2024-02-24T00:51:21.349Z,3.9671,128.6605,10,5.2,257 km NNE of Tobelo  Indonesia
2024-02-24T04:19:52.958Z,4.0394,126.0238,135.986,4.7,163 km SSE of Sarangani  Philippines
2024-02-24T10:19:32.411Z,8.3208,126.5814,83.089,4.3,24 km NE of Barcelona  Philippines
2024-02-25T10:19:59.321Z,1.667,127.1734,127.998,4.5,93 km W of Tobelo  Indonesia
2024-02-25T22:10:01.806Z,4.9425,127.5944,56.023,4.3,221 km SE of Pondaguitan  Philippines
2024-02-26T03:40:53.276Z,9.0238,126.2736,76.07,4.9,4 km NNE of La Paz  Philippines
2024-02-26T07:52:50.525Z,8.4709,126.8878,35,4.4,60 km NE of Barcelona  Philippines
2024-02-26T17:04:47.515Z,5.6658,126.8807,112.36,4.2,109 km SE of Pondaguitan  Philippines
2024-02-27T00:08:27.383Z,2.0183,127.4499,91.522,4,70 km WNW of Tobelo  Indonesia
2024-02-27T03:47:30.549Z,2.8288,127.0281,35,4.4,163 km NW of Tobelo  Indonesia
2024-02-27T08:00:33.792Z,8.8378,126.6748,62.644,4.4,40 km E of Aras-asan  Philippines
2024-02-27T08:22:50.939Z,8.7383,126.2421,51.437,4.6,4 km NE of Salvacion  Philippines
2024-02-27T16:58:08.280Z,8.8738,127.1078,10,4.3,87 km E of Aras-asan  Philippines
2024-02-28T06:48:47.023Z,8.0002,126.9703,48.651,4.5,57 km NE of Kinablangan  Philippines
2024-02-28T08:49:54.851Z,8.4864,126.5074,68.173,4.1,22 km ENE of Hinatuan  Philippines
2024-02-28T19:58:19.948Z,8.9165,127.0005,10,4.3,75 km E of Aras-asan  Philippines
2024-02-29T00:10:12.174Z,8.8465,126.8221,14.569,5.1,56 km E of Aras-asan  Philippines
2024-02-29T00:23:58.202Z,8.8593,126.7364,18,5.4,46 km E of Aras-asan  Philippines
2024-02-29T01:05:37.808Z,8.8143,126.2835,73.607,4.8,1 km WNW of Marihatag  Philippines
2024-02-29T01:40:37.220Z,8.827,126.9349,10,4.9,68 km E of Aras-asan  Philippines
2024-02-29T17:18:50.560Z,8.784,126.9381,35,4.6,69 km E of Aras-asan  Philippines
2024-02-29T17:25:02.762Z,8.8045,126.8252,35,4.8,57 km E of Aras-asan  Philippines
2024-03-01T00:55:48.332Z,8.8363,126.8581,35,4.5,60 km E of Aras-asan  Philippines
2024-03-01T06:47:40.869Z,8.7206,126.7062,62.33,4.4,46 km ESE of Marihatag  Philippines
2024-03-01T09:29:02.868Z,8.8616,126.74,42.374,5.4,47 km E of Aras-asan  Philippines
2024-03-01T17:35:43.580Z,9.0558,126.6771,45.162,4.6,44 km ENE of Aras-asan  Philippines
2024-03-01T23:18:01.514Z,3.3286,126.8216,76.22,4.4,220 km NW of Tobelo  Indonesia
2024-03-02T05:09:48.606Z,8.8568,126.9154,10,4.6,66 km E of Aras-asan  Philippines
2024-03-02T09:06:55.720Z,7.3398,124.7203,12.919,4.3,8 km WSW of Liliongan  Philippines
2024-03-03T18:51:08.452Z,8.667,126.362,71.008,4.5,16 km SSE of Marihatag  Philippines
2024-03-04T13:59:07.173Z,7.0711,123.6493,34.812,4.6,48 km SSE of Malim  Philippines
2024-03-04T21:15:20.817Z,5.9286,125.6375,188.887,4.7,1 km NNW of Caburan  Philippines
2024-03-05T01:44:41.566Z,2.6737,128.1082,169.63,4.3,105 km N of Tobelo  Indonesia
2024-03-05T04:43:56.958Z,5.4074,126.624,101.438,4.4,116 km SSE of Pondaguitan  Philippines
2024-03-06T07:29:24.614Z,9.0033,125.7451,101.662,4.4,10 km E of Anticala  Philippines
2024-03-06T09:19:14.302Z,8.7924,126.8512,54.134,4.4,60 km E of Aras-asan  Philippines
2024-03-06T16:54:45.879Z,8.6433,126.9002,35,4.4,68 km ESE of Marihatag  Philippines
2024-03-06T20:08:10.178Z,8.6784,126.3063,81.679,4.8,11 km ESE of Salvacion  Philippines
2024-03-06T20:19:43.489Z,7.9178,126.9181,42.632,5,47 km ENE of Kinablangan  Philippines
2024-03-06T21:39:28.512Z,7.8963,127.1014,13.012,5,64 km ENE of Kinablangan  Philippines
2024-03-07T03:30:13.827Z,5.1726,125.9703,111.162,4.7,61 km ESE of Sarangani  Philippines
2024-03-07T10:14:58.381Z,6.362,125.9614,77.804,4.5,20 km W of Surup  Philippines
2024-03-08T04:50:37.432Z,9.3486,125.4136,10,4.4,11 km W of Jabonga  Philippines
2024-03-08T09:11:45.110Z,5.8168,126.9407,115,6,103 km SE of Pondaguitan  Philippines
2024-03-10T17:07:50.300Z,4.6623,127.5402,37.298,4.1,241 km SE of Pondaguitan  Philippines
2024-03-12T00:15:28.688Z,4.2812,126.1981,131.918,4.1,148 km SSE of Sarangani  Philippines
2024-03-12T04:21:38.254Z,5.3658,126.1959,122.374,4.4,81 km E of Sarangani  Philippines
2024-03-13T13:16:35.743Z,8.3696,126.4952,63.776,4.2,17 km E of Hinatuan  Philippines
2024-03-13T15:25:51.506Z,6.4958,125.7493,151.622,4.6,17 km ENE of Malita  Philippines
2024-03-13T17:40:25.311Z,9.08,126.1078,59.826,4.5,6 km WSW of Buenavista  Philippines
2024-03-13T18:29:32.505Z,3.584,126.6472,49.974,4.5,240 km SSE of Sarangani  Philippines
2024-03-14T22:52:29.577Z,8.5774,126.9006,57.107,4.7,66 km ENE of Hinatuan  Philippines
2024-03-14T23:31:31.496Z,8.9576,127.2282,10,4.8,101 km E of Aras-asan  Philippines
2024-03-15T23:52:10.532Z,3.2463,126.8012,35.522,4.6,215 km NW of Tobelo  Indonesia
2024-03-16T12:28:22.165Z,9.4707,126.0399,66.958,4.5,14 km NE of Carrascal  Philippines
2024-03-16T13:07:16.190Z,9.0106,127.7603,10,4.5,159 km E of Aras-asan  Philippines
2024-03-17T06:15:34.251Z,6.4888,126.0652,35,4.4,4 km SW of Luzon  Philippines
2024-03-17T19:31:13.908Z,4.8928,126.0525,95.074,4.5,86 km SE of Sarangani  Philippines
2024-03-17T20:12:23.090Z,8.163,127.3514,10,4.3,101 km E of Barcelona  Philippines
2024-03-17T22:02:14.877Z,8.5808,126.9207,48.799,4.4,68 km ENE of Hinatuan  Philippines
2024-03-17T23:41:41.218Z,4.9072,127.3776,125.895,4.7,208 km SE of Pondaguitan  Philippines
2024-03-18T06:41:18.667Z,4.0034,125.402,139.799,4.4,154 km S of Sarangani  Philippines
2024-03-18T09:35:15.074Z,1.5419,126.259,35.211,4.9,126 km E of Bitung  Indonesia
2024-03-19T07:54:36.719Z,3.0782,124.0462,324.014,4.4,197 km NNW of Manado  Indonesia
2024-03-22T00:19:14.621Z,3.6607,126.246,71.962,4.5,211 km SSE of Sarangani  Philippines
2024-03-23T01:02:51.144Z,2.3063,126.8597,53.646,4.4,142 km WNW of Tobelo  Indonesia
2024-03-23T01:53:49.604Z,6.0647,123.8885,553.226,4,36 km WSW of Palimbang  Philippines
2024-03-23T15:00:48.659Z,8.3234,126.5372,74.005,4.2,21 km NNE of Barcelona  Philippines
2024-03-23T18:23:07.048Z,4.9421,127.2584,94.097,4.3,197 km SE of Pondaguitan  Philippines
2024-03-23T18:47:00.268Z,8.4411,127.1244,10,4.4,82 km ENE of Barcelona  Philippines
2024-03-24T06:22:24.947Z,8.7566,126.3895,59.621,5.2,11 km ESE of Marihatag  Philippines
2024-03-24T10:52:06.281Z,1.8478,127.3019,100.71,4.2,79 km W of Tobelo  Indonesia
2024-03-25T21:20:35.256Z,8.5867,127.1755,10,4.2,94 km ENE of Barcelona  Philippines
2024-03-26T07:41:55.831Z,9.0204,126.3494,33.211,4.5,10 km ENE of La Paz  Philippines
2024-03-26T19:22:02.774Z,2.2452,126.6421,43.564,4.6,162 km WNW of Tobelo  Indonesia
2024-03-27T03:53:06.269Z,9.9368,125.7165,81.668,4.4,5 km ENE of Cagdianao  Philippines
2024-03-27T17:35:45.235Z,3.8954,126.8914,35.075,4.6,230 km SE of Sarangani  Philippines
2024-03-28T00:38:55.839Z,8.9764,126.2569,77.029,3.9,1 km SW of La Paz  Philippines
2024-03-29T18:06:56.060Z,2.0792,126.9937,105.135,4.8,119 km WNW of Tobelo  Indonesia
2024-03-30T01:13:14.562Z,2.4604,126.7767,44.161,4.7,159 km WNW of Tobelo  Indonesia
2024-03-30T13:43:10.482Z,8.9096,126.6492,51.85,4.5,37 km E of Aras-asan  Philippines
2024-03-30T19:22:56.487Z,2.271,122.8537,460.002,4.3,193 km N of Gorontalo  Indonesia
2024-03-31T15:57:19.323Z,8.7719,126.2523,61.716,4.3,6 km SW of Marihatag  Philippines
2024-03-31T21:16:43.754Z,8.3237,126.5627,52.108,4.9,23 km NE of Barcelona  Philippines
2024-04-01T18:20:38.934Z,5.6918,126.5299,55.452,4.2,83 km SSE of Pondaguitan  Philippines
2024-04-02T12:28:49.968Z,4.349,125.7692,167.056,4.3,121 km SSE of Sarangani  Philippines
2024-04-03T03:09:51.192Z,1.364,126.3393,54.183,4.4,132 km WNW of Ternate  Indonesia
2024-04-03T04:51:22.460Z,8.5051,126.6773,67.064,5.1,40 km ENE of Hinatuan  Philippines
2024-04-03T05:45:13.195Z,8.4565,126.6965,70.39,4.9,40 km ENE of Hinatuan  Philippines
2024-04-03T12:14:24.688Z,8.4477,126.5834,67.524,4.4,28 km ENE of Hinatuan  Philippines
2024-04-03T16:10:16.612Z,2.8594,125.6614,127.604,4,167 km NNE of Bitung  Indonesia
2024-04-04T15:10:48.324Z,5.6722,125.4013,77.408,4.6,5 km NW of Nuing  Philippines
2024-04-04T18:29:27.742Z,1.6071,126.3817,60.52,4.6,140 km E of Bitung  Indonesia
2024-04-05T02:13:44.240Z,2.1582,126.8223,68.648,4.2,140 km WNW of Tobelo  Indonesia
2024-04-05T21:21:37.356Z,5.8432,126.7761,132.77,4.4,87 km SE of Pondaguitan  Philippines
2024-04-06T09:32:53.318Z,5.4354,126.3625,109.123,4.5,96 km SE of Caburan  Philippines
2024-04-06T17:29:56.022Z,1.349,126.4307,41.785,4.4,122 km WNW of Ternate  Indonesia
2024-04-07T17:23:52.465Z,1.4395,126.4669,46.996,4.2,124 km NW of Ternate  Indonesia
2024-04-07T22:44:17.207Z,5.7612,126.5577,100.521,4.1,78 km SSE of Pondaguitan  Philippines
2024-04-07T23:07:11.057Z,3.2146,127.1975,55.936,4.3,187 km NNW of Tobelo  Indonesia
2024-04-08T01:02:56.714Z,4.4316,127.6413,69.786,4.5,264 km ESE of Sarangani  Philippines
2024-04-08T04:06:57.861Z,3.914,123.0208,523.183,4,265 km SSE of Tabiauan  Philippines
2024-04-08T15:56:22.005Z,8.7738,126.4739,70.245,4.6,19 km E of Marihatag  Philippines
2024-04-09T04:19:57.858Z,3.6003,126.8034,35,4.3,246 km NNW of Tobelo  Indonesia
2024-04-09T09:47:59.810Z,2.6982,127.0624,22,6.4,150 km NW of Tobelo  Indonesia
2024-04-09T10:25:40.288Z,8.1692,126.3589,90.902,4.3,6 km SE of Bislig  Philippines
2024-04-09T10:37:29.825Z,2.6721,127.0456,62.237,4.4,149 km NW of Tobelo  Indonesia
2024-04-09T12:51:06.083Z,8.5001,126.9504,37.645,4.4,68 km ENE of Barcelona  Philippines
2024-04-09T17:15:50.168Z,2.6693,127.1736,58.325,4.2,139 km NW of Tobelo  Indonesia
2024-04-09T17:58:16.169Z,2.6953,127.1553,57.2,4.5,143 km NW of Tobelo  Indonesia
2024-04-10T06:30:44.303Z,2.5669,127.0058,68.101,4.1,145 km NW of Tobelo  Indonesia
2024-04-10T14:06:07.479Z,4.4196,126.8765,55.843,4.6,190 km SE of Sarangani  Philippines
2024-04-11T02:07:50.073Z,2.7711,127.3046,50.168,4.4,139 km NW of Tobelo  Indonesia
2024-04-11T03:33:57.207Z,7.6449,126.1637,10,5.2,5 km NE of Bantacan  Philippines
2024-04-11T04:56:23.465Z,2.8434,125.3849,180.886,4.1,156 km NNE of Laikit  Laikit II (Dimembe)  Indonesia
2024-04-11T13:06:18.826Z,2.6875,127.3579,63.918,4.6,128 km NW of Tobelo  Indonesia
2024-04-11T17:34:06.488Z,3.6958,126.7665,45.378,5,237 km SE of Sarangani  Philippines
2024-04-12T00:02:24.682Z,8.5262,122.9545,10,4.5,11 km NW of Ponot  Philippines
2024-04-12T18:38:45.738Z,4.8148,125.7359,152.613,4.1,71 km SSE of Sarangani  Philippines
2024-04-13T06:26:35.031Z,2.226,126.6873,38.856,5.2,157 km WNW of Tobelo  Indonesia
2024-04-13T16:01:32.448Z,1.36,126.2914,25.758,4.2,129 km E of Bitung  Indonesia
2024-04-13T16:40:55.412Z,2.1044,126.6086,39.341,5,161 km WNW of Tobelo  Indonesia
2024-04-13T17:07:55.636Z,2.1003,126.6927,47.568,4.2,152 km WNW of Tobelo  Indonesia
2024-04-13T17:46:59.392Z,2.4779,126.821,38.551,4.5,156 km WNW of Tobelo  Indonesia
2024-04-13T18:34:54.206Z,8.6018,126.3316,67.688,4.3,12 km NE of Gamut  Philippines
2024-04-14T12:37:24.032Z,7.4806,126.4516,8.147,4.3,9 km SSW of Batiano  Philippines
2024-04-15T08:17:38.027Z,8.3827,126.8801,35,4.3,54 km ENE of Barcelona  Philippines
2024-04-15T09:34:32.104Z,8.3867,127.1621,10,4.3,84 km ENE of Barcelona  Philippines
2024-04-15T11:11:40.956Z,5.4929,123.8981,506.363,4.2,85 km SSW of Palimbang  Philippines
2024-04-16T00:53:39.211Z,9.8282,126.1635,21.442,4.5,8 km ESE of Pilar  Philippines
2024-04-16T01:44:26.845Z,9.0484,126.9732,10,4.1,74 km ENE of Aras-asan  Philippines
2024-04-16T03:14:02.801Z,4.9534,127.9876,10,4.3,253 km SE of Pondaguitan  Philippines
2024-04-16T16:06:15.536Z,9.6873,126.2537,51.666,5,17 km ESE of Union  Philippines
2024-04-17T20:34:36.649Z,1.8221,124.3862,277.579,4.1,63 km NW of Manado  Indonesia
2024-04-17T21:15:56.548Z,2.8385,125.7219,145.692,4.4,168 km NNE of Bitung  Indonesia
2024-04-19T06:02:04.721Z,1.5234,124.7945,208.64,4.2,7 km NW of Manado  Indonesia
2024-04-19T08:52:21.945Z,2.6343,122.5496,486.772,4,238 km NNW of Gorontalo  Indonesia
2024-04-19T11:05:00.062Z,8.0631,126.7402,79.657,4.4,33 km ENE of Santa Maria  Philippines
2024-04-19T18:40:01.086Z,8.4178,127.1695,12.198,4.4,85 km ENE of Barcelona  Philippines
2024-04-20T00:39:01.038Z,4.8238,126.8118,56.351,4.4,162 km ESE of Sarangani  Philippines
2024-04-20T02:22:11.229Z,7.8564,127.0993,10,4.9,63 km ENE of Kinablangan  Philippines
2024-04-20T05:39:17.677Z,7.9161,126.5453,91.271,4.4,13 km SE of Santa Maria  Philippines
2024-04-21T09:31:16.668Z,4.1216,122.9749,550.61,4.4,242 km SSE of Tabiauan  Philippines
2024-04-22T10:32:50.566Z,4.1059,123.1329,10,4.6,253 km SSE of Tabiauan  Philippines
2024-04-22T23:21:13.049Z,8.3119,126.5268,83.526,4.5,19 km NNE of Barcelona  Philippines
2024-04-24T01:59:19.578Z,7.8198,127.1766,10,4.4,70 km ENE of Kinablangan  Philippines
2024-04-24T02:04:15.428Z,7.7683,127.1559,10,4.7,67 km E of Kinablangan  Philippines
2024-04-24T09:24:03.687Z,4.4207,126.4853,79.144,4.3,156 km SE of Sarangani  Philippines
2024-04-24T21:17:46.665Z,5.3675,123.7772,518.086,4.1,103 km SSW of Palimbang  Philippines
2024-04-25T04:20:15.583Z,7.7252,127.1182,10,5,62 km E of Kinablangan  Philippines
2024-04-25T15:37:39.563Z,7.4391,127.2066,10,4.4,68 km E of Baculin  Philippines
2024-04-27T11:34:18.293Z,8.5391,126.4283,66.531,4.7,20 km E of Gamut  Philippines
2024-04-27T17:58:08.296Z,8.4684,126.7783,45.231,4.7,50 km ENE of Hinatuan  Philippines
2024-04-27T20:59:34.939Z,8.6468,126.5394,49.453,4.9,31 km ESE of Marihatag  Philippines
2024-04-27T22:05:26.698Z,8.6422,126.6681,35.337,4.6,44 km ESE of Marihatag  Philippines
2024-04-27T23:35:53.985Z,3.5986,126.5911,55.518,4.4,235 km SSE of Sarangani  Philippines
2024-04-28T05:37:19.796Z,4.1589,125.4725,97.454,4.4,137 km S of Sarangani  Philippines
2024-04-29T03:03:48.945Z,1.8969,126.5866,47.798,4.3,151 km NW of Ternate  Indonesia
2024-04-29T05:59:12.432Z,6.1757,126.7,9.56,4.4,61 km ESE of Pondaguitan  Philippines
2024-04-29T14:11:19.731Z,8.9312,126.1518,73.279,4.5,8 km SSW of Gamut  Philippines
2024-04-29T15:59:22.825Z,8.6702,126.6202,41.917,4.9,38 km ESE of Marihatag  Philippines
2024-04-29T22:24:17.950Z,5.1549,125.9794,84.307,4.4,63 km ESE of Sarangani  Philippines
2024-04-29T22:40:59.454Z,2.6502,127.17,43.321,4.4,138 km NW of Tobelo  Indonesia
2024-04-30T09:20:44.342Z,5.3935,126.587,10,4.2,116 km SSE of Pondaguitan  Philippines
2024-04-30T13:52:40.877Z,2.2997,126.767,20.048,5.3,151 km WNW of Tobelo  Indonesia
2024-04-30T20:03:47.201Z,5.8512,126.7129,121.746,4.4,81 km SE of Pondaguitan  Philippines
2024-05-01T16:37:34.036Z,6.2664,127.4059,10,4.2,136 km E of Pondaguitan  Philippines
2024-05-03T04:38:02.660Z,9.0328,122.4978,10,4.6,44 km SSW of Basay  Philippines
2024-05-05T02:12:13.160Z,6.4617,126.6389,124.989,4.5,52 km ENE of Pondaguitan  Philippines
2024-05-06T21:18:41.336Z,5.7336,127.6058,8.324,4.4,172 km ESE of Pondaguitan  Philippines
2024-05-07T13:12:56.228Z,5.729,124.6392,50.41,5,25 km SSW of Maan  Philippines
2024-05-07T23:38:00.593Z,1.817,126.5267,35.375,4.3,148 km NW of Ternate  Indonesia
2024-05-10T08:08:54.440Z,8.7467,126.152,88.163,4.5,7 km WNW of Salvacion  Philippines
2024-05-10T18:39:45.160Z,8.439,126.6372,65.54,4.2,34 km ENE of Hinatuan  Philippines
2024-05-11T10:55:33.408Z,4.5869,127.4919,52.357,4.1,242 km ESE of Sarangani  Philippines
2024-05-13T10:28:35.871Z,6.7651,127.0523,10,4.5,73 km ESE of San Ignacio  Philippines
2024-05-13T18:26:10.528Z,7.5865,126.1583,15.302,4.6,3 km ESE of Bantacan  Philippines
2024-05-14T13:39:53.079Z,5.9883,126.1987,104.686,4.4,41 km S of Pondaguitan  Philippines
2024-05-15T12:30:45.284Z,1.5432,126.4869,57.572,4,129 km NW of Ternate  Indonesia
2024-05-17T10:02:10.116Z,8.1812,126.8784,51.393,4.3,49 km E of Barcelona  Philippines
2024-05-17T14:12:13.690Z,4.4918,126.1998,111.785,4.2,129 km SE of Sarangani  Philippines
2024-05-17T21:45:33.541Z,6.21,126.6856,118.059,4.5,58 km ESE of Pondaguitan  Philippines
2024-05-17T22:03:10.310Z,3.9942,127.8881,60.352,4,250 km N of Tobelo  Indonesia
2024-05-18T06:26:09.996Z,3.838,122.9135,524.072,5.5,267 km SSE of Tabiauan  Philippines
2024-05-19T00:25:43.968Z,8.8405,122.1066,10,4.4,85 km SW of Basay  Philippines
2024-05-19T21:17:12.130Z,9.443,126.0766,64.604,4.6,16 km ENE of Carrascal  Philippines
2024-05-20T16:34:21.043Z,4.583,126.8745,71.239,4.5,180 km ESE of Sarangani  Philippines
2024-05-22T09:32:25.303Z,4.0411,122.5183,590.844,4.4,230 km SSE of Tabiauan  Philippines
2024-05-22T17:20:05.159Z,4.8241,126.2396,73.129,4.4,107 km SE of Sarangani  Philippines
2024-05-23T04:56:56.804Z,8.3533,126.3014,76.237,4.4,4 km WNW of Loyola  Philippines
2024-05-23T08:29:19.710Z,3.0518,127.0092,48.176,4.2,183 km NW of Tobelo  Indonesia
2024-05-25T02:20:08.454Z,2.3711,126.7089,49.516,4.8,161 km WNW of Tobelo  Indonesia
2024-05-26T03:59:18.675Z,6.137,125.8919,147.769,4.7,21 km E of Lapuan  Philippines
2024-05-26T11:58:26.152Z,8.319,127.5872,10,4.4,128 km E of Barcelona  Philippines
2024-05-27T11:40:12.841Z,7.4463,124.7104,13.577,4.4,5 km SSW of Banisilan  Philippines
2024-05-28T01:58:53.167Z,8.9347,126.2732,65.872,4.5,1 km W of Bacolod  Philippines
2024-05-28T13:14:36.659Z,5.4185,126.4129,10.542,4.6,101 km ESE of Caburan  Philippines
2024-05-29T12:00:25.519Z,4.4842,126.1685,139.589,4.3,128 km SE of Sarangani  Philippines
2024-05-29T23:46:41.908Z,8.7819,127.4633,10,4.6,127 km E of Aras-asan  Philippines
2024-05-30T10:26:04.174Z,2.3975,126.8001,55.132,4.2,153 km WNW of Tobelo  Indonesia
2024-05-30T10:28:50.237Z,1.4367,126.4923,63.986,4.2,122 km NW of Ternate  Indonesia
2024-05-30T15:05:49.267Z,5.2032,126.1199,10,4.6,76 km ESE of Sarangani  Philippines
2024-05-30T20:52:56.899Z,5.9341,126.799,151.233,4.4,83 km SE of Pondaguitan  Philippines
2024-05-30T22:54:37.665Z,5.6407,126.0584,105.577,4.8,55 km ESE of Caburan  Philippines
2024-05-31T06:11:14.319Z,9.7536,125.5743,154.045,4,3 km ENE of Capalayan  Philippines
2024-05-31T20:21:16.838Z,7.7702,126.9889,13.673,4.4,49 km E of Kinablangan  Philippines
2024-06-01T04:17:06.969Z,8.9136,126.2895,65.653,4.7,1 km S of Bacolod  Philippines
2024-06-01T14:13:15.535Z,2.4354,128.1828,135.767,4.8,80 km NNE of Tobelo  Indonesia
2024-06-02T09:22:03.680Z,2.0429,127.8149,233.222,4.8,40 km NNW of Tobelo  Indonesia
2024-06-02T19:42:20.038Z,7.3397,126.7927,62.882,4.2,24 km ENE of Santiago  Philippines
2024-06-03T05:46:31.292Z,8.8054,122.1035,10,4.9,89 km SW of Basay  Philippines
2024-06-03T12:12:37.027Z,8.9337,126.6285,57.406,4.6,35 km E of Aras-asan  Philippines
2024-06-04T01:33:39.697Z,2.5,125.6697,150.886,4.3,131 km NNE of Bitung  Indonesia
2024-06-04T11:57:32.154Z,5.7362,126.2053,100.766,4.2,64 km ESE of Mangili  Philippines
2024-06-06T03:43:18.005Z,1.6896,127.1997,106.392,4.4,90 km W of Tobelo  Indonesia
2024-06-06T15:11:26.981Z,4.8079,126.1105,78.534,4.5,97 km SE of Sarangani  Philippines
2024-06-07T06:17:54.382Z,4.8208,125.3795,9.732,4.2,65 km S of Sarangani  Philippines
2024-06-08T13:07:19.775Z,6.6732,123.7476,10.703,4.8,31 km W of Taguisa  Philippines
2024-06-08T16:09:21.821Z,8.7576,126.8774,45.081,4.4,63 km ESE of Aras-asan  Philippines
2024-06-08T23:34:41.717Z,6.2619,127.4001,10,4.4,135 km E of Pondaguitan  Philippines
2024-06-09T01:04:45.532Z,4.8573,126.0864,96.521,4.7,91 km SE of Sarangani  Philippines
2024-06-10T01:44:28.227Z,4.0851,126.746,35,4.3,203 km SE of Sarangani  Philippines
2024-06-10T15:18:19.893Z,5.1238,126.6921,10.219,4.4,139 km ESE of Sarangani  Philippines
2024-06-12T07:26:41.388Z,1.7687,127.1357,95.885,4.4,97 km W of Tobelo  Indonesia
2024-06-12T14:07:52.435Z,8.8144,126.2809,68.978,4.7,1 km WNW of Marihatag  Philippines
2024-06-12T17:01:20.867Z,4.3762,126.4544,39,5.8,158 km SE of Sarangani  Philippines
2024-06-13T19:44:01.649Z,5.5951,125.9799,111.276,4.5,51 km SE of Caburan  Philippines
2024-06-13T21:45:27.830Z,8.919,126.4202,61.539,4.8,12 km ENE of Aras-asan  Philippines
2024-06-14T06:18:26.460Z,9.1691,126.5783,50.48,4.2,40 km ENE of La Paz  Philippines
2024-06-14T11:09:14.443Z,5.2248,125.9101,93.94,4.4,53 km ESE of Sarangani  Philippines
2024-06-15T00:03:57.780Z,1.2889,126.1095,35.076,4.3,110 km E of Bitung  Indonesia
2024-06-15T13:08:14.671Z,3.1837,127.2673,45.789,5.6,180 km NNW of Tobelo  Indonesia
2024-06-16T01:53:11.671Z,3.9485,126.2188,102.995,4.1,181 km SSE of Sarangani  Philippines
2024-06-16T11:49:04.817Z,4.8219,125.2875,58.813,4.9,67 km SSW of Sarangani  Philippines
2024-06-21T10:14:46.671Z,3.0451,127.9033,137.343,4.3,146 km N of Tobelo  Indonesia
2024-06-21T19:03:07.615Z,8.4795,126.9757,46.522,4.7,69 km ENE of Barcelona  Philippines
2024-06-22T16:09:23.654Z,5.1831,125.9944,10.544,4.5,63 km ESE of Sarangani  Philippines
2024-06-22T22:11:35.718Z,6.6853,126.5631,71.358,4.6,32 km SE of Bobon  Philippines
2024-06-22T23:03:39.708Z,1.5785,126.8184,117.495,4.4,107 km NW of Ternate  Indonesia
2024-06-23T04:50:53.444Z,4.7844,127.7135,79.482,4.9,243 km SE of Pondaguitan  Philippines
2024-06-23T13:32:37.013Z,8.7823,126.7582,50.136,4.6,50 km ESE of Aras-asan  Philippines
2024-06-24T22:35:23.669Z,8.4727,126.9757,35,4.2,68 km ENE of Barcelona  Philippines
2024-06-25T17:06:00.031Z,3.2592,128.253,76.927,4,171 km N of Tobelo  Indonesia
2024-06-26T07:18:07.171Z,5.6364,125.6322,202.604,4.5,17 km ESE of Kalbay  Philippines
2024-06-28T04:02:08.057Z,8.7107,126.6149,57.121,4.3,36 km ESE of Marihatag  Philippines
2024-06-28T10:03:10.713Z,5.8251,125.2739,10,4.3,5 km WSW of Kiupo  Philippines
2024-06-29T04:03:32.777Z,1.7579,127.2932,115.817,4.1,79 km W of Tobelo  Indonesia
2024-06-29T14:22:00.348Z,6.7968,127.1617,62.155,4.4,82 km ESE of San Ignacio  Philippines
2024-06-29T21:22:08.127Z,9.8509,124.0745,605.151,4.3,7 km SSW of Sagbayan  Philippines
2024-06-30T06:24:05.224Z,3.4627,124.4523,320.257,4,223 km NNW of Manado  Indonesia
2024-06-30T15:28:34.577Z,2.9365,125.7646,9.984,4.5,179 km NNE of Bitung  Indonesia
2024-06-30T16:06:37.072Z,6.0254,123.8748,530.12,4.4,40 km WSW of Palimbang  Philippines
2024-07-02T03:01:06.571Z,3.1535,127.0405,35,4.4,190 km NW of Tobelo  Indonesia
2024-07-02T03:30:48.206Z,3.1263,126.7697,55.714,4.5,207 km NW of Tobelo  Indonesia
2024-07-02T16:49:08.240Z,9.013,126.9102,10,4.4,67 km ENE of Aras-asan  Philippines
2024-07-03T23:00:33.177Z,2.5454,127.049,62.056,4.6,139 km NW of Tobelo  Indonesia
2024-07-04T07:30:20.222Z,9.0729,126.6158,63.42,4.5,39 km ENE of Bacolod  Philippines
2024-07-06T16:58:09.635Z,7.6849,126.9864,8.121,4.3,48 km E of Kinablangan  Philippines
2024-07-06T17:25:59.084Z,7.6717,127.0054,53.37,5,50 km ENE of Baganga  Philippines
2024-07-06T22:41:12.407Z,7.8816,127.3068,10,4.5,86 km ENE of Kinablangan  Philippines
2024-07-07T08:49:46.585Z,6.49,127.6588,10,4.1,146 km ESE of San Ignacio  Philippines
2024-07-08T00:50:48.285Z,5.0443,127.0282,110.365,4.1,173 km SSE of Pondaguitan  Philippines
2024-07-08T08:19:04.027Z,9.0638,126.7309,41.865,4.8,50 km ENE of Aras-asan  Philippines
2024-07-08T13:06:50.510Z,8.4039,126.3019,90.812,4.4,4 km NW of Hinatuan  Philippines
2024-07-11T02:13:18.585Z,6.0838,123.1503,639.503,7.1,106 km WSW of Sangay  Philippines
2024-07-11T12:30:56.256Z,4.1353,124.2515,372.415,4.3,194 km SW of Sarangani  Philippines
2024-07-11T17:43:40.543Z,4.5156,126.6038,51.444,4.1,160 km SE of Sarangani  Philippines
2024-07-12T00:39:31.120Z,8.0036,126.72,68.611,4.3,30 km E of Santa Maria  Philippines
2024-07-12T10:34:00.855Z,1.2947,126.3177,10,5,131 km WNW of Ternate  Indonesia
2024-07-13T16:12:51.061Z,4.8663,126.2235,82.893,4.5,103 km SE of Sarangani  Philippines
2024-07-14T07:27:45.821Z,3.8812,128.1604,10.16,4.9,238 km N of Tobelo  Indonesia
2024-07-14T10:01:00.924Z,8.4574,126.143,11.549,4.6,3 km W of Tagbina  Philippines
2024-07-14T12:03:33.466Z,5.6272,126.8542,103.496,4.5,110 km SE of Pondaguitan  Philippines
2024-07-15T13:40:17.691Z,2.4755,121.9454,547.658,4.2,247 km NNW of Gorontalo  Indonesia
2024-07-16T07:00:38.940Z,2.041,126.6234,42.337,4.2,158 km WNW of Tobelo  Indonesia
2024-07-17T19:17:41.344Z,4.2527,124.6162,23.714,4.6,158 km SW of Sarangani  Philippines
2024-07-18T05:39:55.732Z,8.6935,126.6749,50.368,5.1,43 km ESE of Marihatag  Philippines
2024-07-18T08:29:26.216Z,8.7511,126.6641,62.387,4.6,40 km E of Marihatag  Philippines
2024-07-18T09:37:55.061Z,8.7084,126.5248,81.194,4.3,27 km ESE of Marihatag  Philippines
2024-07-19T06:14:53.259Z,1.3134,126.2062,49.828,4.2,120 km E of Bitung  Indonesia
2024-07-19T06:19:31.120Z,6.8522,123.7377,10.194,4.9,31 km W of Gadung  Philippines
2024-07-21T05:23:08.728Z,8.9269,126.1739,57.625,4.6,8 km S of Gamut  Philippines
2024-07-22T07:43:45.839Z,7.7878,126.0357,10,4.5,3 km SW of Monkayo  Philippines
2024-07-24T09:34:17.980Z,2.8779,126.597,63.095,4.1,202 km NW of Tobelo  Indonesia
2024-07-24T10:36:04.380Z,1.5141,126.4066,35.427,4.3,135 km NW of Ternate  Indonesia
2024-07-26T09:25:51.014Z,1.7545,127.2578,120.389,4.5,83 km W of Tobelo  Indonesia
2024-07-27T17:01:47.869Z,2.6348,128.4464,228.397,4.8,111 km NNE of Tobelo  Indonesia
2024-07-29T11:27:55.434Z,4.7254,126.2064,98.487,4.5,111 km SE of Sarangani  Philippines
2024-07-30T08:34:45.906Z,3.4429,125.6197,133.027,4.2,217 km S of Sarangani  Philippines
2024-07-30T10:36:20.541Z,6.2936,126.1023,60.782,4.6,11 km SW of Pondaguitan  Philippines
2024-07-31T15:51:14.457Z,9.6401,125.7504,133.946,4.5,7 km NE of Gigaquit  Philippines
2024-08-01T20:47:48.058Z,5.154,125.941,90.502,4.4,59 km ESE of Sarangani  Philippines
2024-08-01T23:36:25.360Z,8.9276,127.076,10,4.6,84 km E of Aras-asan  Philippines
2024-08-02T22:23:02.111Z,8.1851,126.6161,32,6.8,20 km E of Barcelona  Philippines
2024-08-02T22:30:11.724Z,8.0167,126.7652,35,4.9,35 km E of Santa Maria  Philippines
2024-08-02T22:31:15.069Z,8.1185,126.7173,76.98,5.3,31 km E of Barcelona  Philippines
2024-08-02T22:33:46.919Z,8.2553,126.7699,52.726,4.8,38 km ENE of Barcelona  Philippines
2024-08-02T22:34:34.519Z,8.1649,126.5697,35,4.7,14 km E of Barcelona  Philippines
2024-08-02T22:35:00.076Z,8.1064,126.5758,89.012,4.5,16 km ESE of Barcelona  Philippines
2024-08-02T22:35:23.239Z,7.9754,126.815,66.346,4.8,40 km E of Santa Maria  Philippines
2024-08-02T22:36:20.415Z,7.9719,126.906,45.789,5,50 km NE of Kinablangan  Philippines
2024-08-02T22:38:00.870Z,8.2441,126.5585,35,4.7,16 km NE of Barcelona  Philippines
2024-08-02T22:41:06.546Z,8.0711,126.7866,35,4.6,38 km ENE of Santa Maria  Philippines
2024-08-02T22:46:00.969Z,7.9579,126.8316,64.391,4.9,42 km NE of Kinablangan  Philippines
2024-08-02T22:48:59.508Z,7.9348,126.8058,80.118,4.5,38 km NE of Kinablangan  Philippines
2024-08-02T22:52:34.985Z,8.0963,126.6017,80.143,4.4,19 km ESE of Barcelona  Philippines
2024-08-02T23:05:30.515Z,8.0924,126.7477,69.495,4.4,35 km ENE of Santa Maria  Philippines
2024-08-02T23:36:09.043Z,8.1311,126.9613,35,4.9,58 km E of Barcelona  Philippines
2024-08-02T23:44:36.254Z,7.85,126.6313,84.196,4.4,19 km NE of Taytayan  Philippines
2024-08-03T00:01:19.446Z,8.163,126.4337,67.38,4.3,0 km N of Barcelona  Philippines
2024-08-03T00:10:01.913Z,8.1251,126.5914,69.593,4.1,17 km ESE of Barcelona  Philippines
2024-08-03T00:23:54.015Z,8.13,126.6745,66.957,4.3,26 km E of Barcelona  Philippines
2024-08-03T00:36:07.790Z,8.1657,126.5168,79.774,4.4,9 km E of Barcelona  Philippines
2024-08-03T01:17:11.318Z,7.9811,126.614,86.673,4.2,18 km E of Santa Maria  Philippines
2024-08-03T01:37:19.320Z,8.0629,126.7996,53.839,5.2,39 km ENE of Santa Maria  Philippines
2024-08-03T01:38:21.598Z,8.0161,126.7417,83.676,5.3,32 km E of Santa Maria  Philippines
2024-08-03T02:01:50.115Z,8.0651,126.4295,87.497,4.4,3 km NNE of Lingig  Philippines
2024-08-03T02:14:44.735Z,7.9849,126.7193,74.614,4.5,30 km E of Santa Maria  Philippines
2024-08-03T02:19:18.554Z,7.908,126.411,88.165,4.4,6 km NE of Boston  Philippines
2024-08-03T02:35:28.868Z,8.1043,126.5939,88.637,4.4,18 km ESE of Barcelona  Philippines
2024-08-03T02:48:29.415Z,8.2403,126.7573,63.109,4.2,36 km ENE of Barcelona  Philippines
2024-08-03T03:00:54.784Z,8.1066,126.9397,55.331,4.2,55 km ENE of Santa Maria  Philippines
2024-08-03T03:15:29.722Z,7.9924,127.0844,60.785,4.4,67 km ENE of Kinablangan  Philippines
2024-08-03T03:17:12.438Z,8.0157,126.8748,35,4.9,47 km E of Santa Maria  Philippines
2024-08-03T04:20:26.565Z,8.2038,126.8354,15,6.3,44 km E of Barcelona  Philippines
2024-08-03T06:37:10.448Z,8.0845,126.5734,87.944,4.2,17 km ESE of Barcelona  Philippines
2024-08-03T06:59:19.643Z,7.9909,127.0002,50.3,4.4,59 km ENE of Kinablangan  Philippines
2024-08-03T08:20:38.129Z,7.747,126.9322,82.933,4.1,42 km E of Kinablangan  Philippines
2024-08-03T09:12:55.526Z,8.2539,126.7694,63.535,4.9,38 km ENE of Barcelona  Philippines
2024-08-03T09:13:35.731Z,8.1907,126.4752,20.791,4.7,5 km NE of Barcelona  Philippines
2024-08-03T09:37:45.524Z,7.8698,126.7103,76.808,4.5,26 km NE of Kinablangan  Philippines
2024-08-03T14:54:05.595Z,8.0064,126.8899,65.175,4.4,49 km E of Santa Maria  Philippines
2024-08-03T15:19:04.628Z,9.653,125.6569,10,4.3,5 km NNE of Bacuag  Philippines
2024-08-03T17:12:58.807Z,8.1442,126.6265,70.21,4.5,21 km E of Barcelona  Philippines
2024-08-03T22:06:10.252Z,8.0859,126.7208,73.999,4.5,32 km ENE of Santa Maria  Philippines
2024-08-03T23:16:58.402Z,4.5826,125.7217,180.366,4.1,95 km SSE of Sarangani  Philippines
2024-08-04T00:17:25.182Z,8.1164,126.6662,80.01,4.2,26 km E of Barcelona  Philippines
2024-08-04T05:26:09.298Z,7.9976,126.7069,82.636,4.4,28 km E of Santa Maria  Philippines
2024-08-04T07:30:09.679Z,8.069,126.6599,80.601,4.2,25 km ENE of Santa Maria  Philippines
2024-08-04T08:46:42.838Z,7,126.5931,170.862,4.5,16 km ESE of Jovellar  Philippines
2024-08-04T14:04:23.437Z,8.0548,126.9786,59.759,4.4,59 km E of Santa Maria  Philippines
2024-08-04T19:12:07.373Z,7.8944,126.7343,66.421,4.6,30 km NE of Kinablangan  Philippines
2024-08-05T02:35:18.268Z,2.9571,128.6569,35,4.3,153 km NNE of Tobelo  Indonesia
2024-08-05T05:22:00.672Z,8.2686,126.744,69.36,4.4,36 km ENE of Barcelona  Philippines
2024-08-05T14:25:23.055Z,7.2731,126.4696,165.283,4.4,9 km SW of San Pedro  Philippines
2024-08-05T22:05:41.717Z,8.1131,126.7759,52.875,4,38 km E of Barcelona  Philippines
2024-08-06T05:39:25.804Z,7.756,127.1076,36.61,5.2,62 km E of Kinablangan  Philippines
2024-08-06T16:51:43.100Z,7.7625,127.0474,49.214,4.1,55 km E of Kinablangan  Philippines
2024-08-08T10:41:07.109Z,5.9812,127.4292,10.186,4.3,144 km ESE of Pondaguitan  Philippines
2024-08-08T18:47:51.133Z,1.6697,127.2138,125.096,4.5,88 km W of Tobelo  Indonesia
2024-08-09T15:21:20.533Z,3.3547,127.0295,42.22,4.6,210 km NNW of Tobelo  Indonesia
2024-08-09T19:58:50.995Z,8.0207,126.8533,63.505,4.4,45 km E of Santa Maria  Philippines
2024-08-10T05:14:37.230Z,5.5837,126.6302,96.37,4.8,99 km SSE of Pondaguitan  Philippines
2024-08-10T14:08:49.951Z,5.9784,125.8662,156.374,4.2,20 km E of Mangili  Philippines
2024-08-10T20:11:15.947Z,7.6264,126.66,105.545,4,12 km ENE of Baganga  Philippines
2024-08-11T00:52:33.373Z,8.3067,127.0254,45.493,4.3,67 km ENE of Barcelona  Philippines
2024-08-12T07:52:46.266Z,8.1749,127.1779,10,4.4,81 km E of Barcelona  Philippines
2024-08-12T11:26:39.043Z,8.0517,126.9443,33.799,4.4,55 km E of Santa Maria  Philippines
2024-08-12T11:36:13.742Z,2.3936,126.52,54.11,5,181 km WNW of Tobelo  Indonesia
2024-08-12T11:54:53.829Z,2.3704,126.7132,51.744,4.5,160 km WNW of Tobelo  Indonesia
2024-08-13T09:15:14.794Z,2.5241,128.2111,186.672,4.2,90 km NNE of Tobelo  Indonesia
2024-08-16T02:31:01.524Z,10.0656,125.5935,105.344,4.4,12 km N of Dinagat  Philippines
2024-08-16T05:48:28.426Z,4.9416,125.6433,186.825,4.5,54 km SSE of Sarangani  Philippines
2024-08-16T08:58:16.353Z,3.031,126.3031,70.14,4.2,219 km NE of Bitung  Indonesia
2024-08-17T00:41:49.428Z,3.4055,126.1077,62.484,4.4,232 km SSE of Sarangani  Philippines
2024-08-18T09:15:22.024Z,8.7102,126.2257,83.117,4.5,1 km E of Salvacion  Philippines
2024-08-18T18:44:00.301Z,2.2156,126.6791,45.114,4.5,157 km WNW of Tobelo  Indonesia
2024-08-19T15:32:42.884Z,8.0294,127.1567,10,4.9,76 km ENE of Kinablangan  Philippines
2024-08-19T19:42:22.565Z,8.1799,127.0848,10,5,71 km E of Barcelona  Philippines
2024-08-19T19:46:04.858Z,8.0712,126.9617,35,4.5,57 km E of Santa Maria  Philippines
2024-08-19T21:59:20.107Z,8.1178,127.3,10,4.5,95 km ENE of Kinablangan  Philippines
2024-08-20T03:45:55.233Z,8.3243,127.1909,10,4.4,85 km ENE of Barcelona  Philippines
2024-08-20T04:14:08.922Z,4.9642,126.0954,10,4.2,85 km SE of Sarangani  Philippines
2024-08-20T09:50:41.241Z,8.9874,126.514,53.132,4.5,24 km ENE of Aras-asan  Philippines
2024-08-21T01:34:54.352Z,8.3037,127.1244,10,4.4,77 km ENE of Barcelona  Philippines
2024-08-21T03:28:19.787Z,8.0507,127.1233,10,4.6,74 km ENE of Kinablangan  Philippines
2024-08-21T08:46:31.848Z,5.9434,125.6205,91.89,4.4,3 km NW of Caburan  Philippines
2024-08-21T13:27:37.653Z,3.3507,122.6226,547.674,4.5,Celebes Sea
2024-08-22T01:47:18.545Z,1.863,127.1797,129.556,4.2,93 km W of Tobelo  Indonesia
2024-08-22T17:21:13.923Z,5.8928,126.8308,127.71,4.9,88 km SE of Pondaguitan  Philippines
2024-08-22T17:44:22.011Z,1.9766,127.1135,70.787,4.8,103 km WNW of Tobelo  Indonesia
2024-08-22T21:14:08.039Z,2.9615,127.8613,120.539,4,137 km N of Tobelo  Indonesia
2024-08-23T16:17:11.955Z,2.7256,128.2093,56.348,4.4,112 km NNE of Tobelo  Indonesia
2024-08-23T23:13:45.844Z,2.0681,127.0431,99.241,4.4,113 km WNW of Tobelo  Indonesia
2024-08-24T01:32:36.695Z,2.2566,127.6121,128.291,4.2,73 km NW of Tobelo  Indonesia
2024-08-25T11:45:53.697Z,1.7365,127.3103,121.754,4.3,77 km W of Tobelo  Indonesia
2024-08-26T17:22:28.361Z,6.1449,125.8773,141.802,4.6,19 km E of Lapuan  Philippines
2024-08-26T22:27:48.108Z,5.6829,127.0321,138.84,4.5,120 km SE of Pondaguitan  Philippines
2024-08-28T06:41:40.648Z,3.2099,123.0735,532.424,4.2,274 km NW of Manado  Indonesia
2024-08-28T15:47:44.635Z,5.4625,124.9552,65.666,4.8,43 km SW of Burias  Philippines
2024-08-28T22:16:44.996Z,1.8425,126.6118,34.477,4.1,144 km NW of Ternate  Indonesia
2024-08-29T13:47:02.410Z,5.0183,127.0891,93.758,4.4,179 km SE of Pondaguitan  Philippines
2024-08-30T06:15:50.083Z,6.0817,125.9601,135.055,4.6,28 km E of Lamitan  Philippines
2024-08-30T11:04:50.594Z,8.9279,126.0393,145.911,4.2,11 km ESE of San Miguel  Philippines
2024-08-31T08:10:30.090Z,7.7758,124.6273,9.032,4.5,10 km W of Kimanuit  Philippines
2024-08-31T14:53:11.204Z,2.067,126.7591,56.796,4.2,144 km WNW of Tobelo  Indonesia
2024-09-01T00:49:26.519Z,4.8108,125.3428,10,5,66 km SSW of Sarangani  Philippines
2024-09-01T07:59:07.956Z,4.7148,125.1867,10,4.4,82 km SSW of Sarangani  Philippines
2024-09-01T19:59:25.436Z,3.7986,126.5018,46.933,5,211 km SSE of Sarangani  Philippines
2024-09-03T08:46:17.594Z,5.5662,126.795,61.074,4.5,111 km SE of Pondaguitan  Philippines
2024-09-03T13:36:41.728Z,5.3427,126.3604,11.086,4.8,99 km E of Sarangani  Philippines
2024-09-05T07:08:17.464Z,1.6713,127.1522,123.08,4.5,95 km W of Tobelo  Indonesia
2024-09-05T16:59:16.564Z,4.4666,128.0586,60.998,4.5,295 km SE of Pondaguitan  Philippines
2024-09-06T07:39:46.828Z,5.6967,125.0407,80.511,4.7,17 km S of Malbang  Philippines
2024-09-06T18:10:38.678Z,7.035,127.101,10,4.6,64 km ESE of Santiago  Philippines
2024-09-07T00:02:38.771Z,3.2356,128.1094,61.256,4.6,167 km N of Tobelo  Indonesia
2024-09-07T01:46:28.454Z,8.6541,126.0956,101.984,4.3,2 km N of Lianga  Philippines
2024-09-08T10:06:26.264Z,8.9706,125.262,72.126,4.7,3 km S of Tagcatong  Philippines
2024-09-08T11:03:20.129Z,5.7845,126.286,113.935,4.6,64 km S of Pondaguitan  Philippines
2024-09-09T21:01:29.242Z,4.3404,126.7337,48.5,5.1,183 km SE of Sarangani  Philippines
2024-09-09T21:38:05.165Z,4.3925,126.8557,56.974,4.2,190 km SE of Sarangani  Philippines
2024-09-10T04:05:54.152Z,2.7546,127.2019,66.238,4.2,144 km NW of Tobelo  Indonesia
2024-09-10T20:05:31.014Z,5.3282,125.0906,37.891,4.4,39 km SW of Balangonan  Philippines
2024-09-11T01:33:32.962Z,2.9216,126.6408,74.804,4.3,201 km NW of Tobelo  Indonesia
2024-09-11T03:08:34.887Z,8.8888,126.3152,102.638,4.3,0 km ENE of Aras-asan  Philippines
2024-09-13T06:33:47.161Z,4.6972,126.5809,60.965,5,146 km ESE of Sarangani  Philippines
2024-09-13T13:13:35.043Z,8.527,127.355,10,4.5,109 km ENE of Barcelona  Philippines
2024-09-13T17:31:24.246Z,4.9515,126.7812,67.573,4.7,154 km ESE of Sarangani  Philippines
2024-09-15T15:40:05.790Z,5.6607,126.611,51.961,4.2,91 km SSE of Pondaguitan  Philippines
2024-09-15T19:06:31.265Z,3.7702,127.9792,60.483,4.2,225 km N of Tobelo  Indonesia
2024-09-17T04:13:31.880Z,9.6633,126.6752,35,4.9,62 km E of Union  Philippines
2024-09-17T12:09:47.235Z,8.7365,126.3825,40.922,4.6,12 km SE of Marihatag  Philippines
2024-09-17T13:43:29.923Z,2.1782,122.8069,435.257,4.1,183 km N of Gorontalo  Indonesia
2024-09-18T05:48:06.083Z,4.6273,127.677,146.985,4.4,253 km SE of Pondaguitan  Philippines
2024-09-19T04:08:19.090Z,2.3226,122.7685,463.624,4.5,200 km N of Gorontalo  Indonesia
2024-09-22T08:22:46.051Z,5.7103,126.977,134.705,4.4,114 km SE of Pondaguitan  Philippines
2024-09-23T01:48:36.469Z,5.622,124.4254,35,4.1,46 km SSW of Kiamba  Philippines
2024-09-23T19:39:07.284Z,7.9612,127.2578,10,4.2,83 km ENE of Kinablangan  Philippines
2024-09-25T12:42:34.978Z,4.2516,127.7292,107.566,4.4,280 km N of Tobelo  Indonesia
2024-09-25T16:17:53.939Z,3.4933,126.9349,47.295,4.6,228 km NNW of Tobelo  Indonesia
2024-09-25T16:24:05.762Z,3.2728,126.8458,56.51,4.3,214 km NW of Tobelo  Indonesia
2024-09-26T23:27:42.432Z,8.2939,127.4205,10,4.7,109 km E of Barcelona  Philippines
2024-09-27T15:08:40.721Z,7.8256,126.4834,101.27,4.3,5 km NE of Cateel  Philippines
2024-09-28T17:09:55.092Z,3.0962,122.424,536.792,4.5,291 km NNW of Gorontalo  Indonesia
2024-09-28T18:28:16.304Z,3.2134,125.6383,174.056,4.6,204 km NNE of Bitung  Indonesia
2024-09-29T02:46:52.203Z,8.1245,126.3208,99.798,4.3,10 km S of Bislig  Philippines
2024-09-29T11:09:16.673Z,2.4975,126.838,46.013,5.2,155 km WNW of Tobelo  Indonesia
2024-09-30T10:04:47.645Z,8.4388,126.5264,94.586,4.5,22 km ENE of Hinatuan  Philippines
2024-10-01T17:27:01.877Z,9.4152,126.4891,66.406,4.5,36 km ENE of Cortes  Philippines
2024-10-02T01:20:37.017Z,9.0263,126.9253,10,4.9,69 km ENE of Aras-asan  Philippines
2024-10-02T11:12:16.948Z,8.1964,127.1662,10,4.4,80 km E of Barcelona  Philippines
2024-10-02T20:44:00.077Z,5.7471,125.9934,101.321,4.5,43 km ESE of Caburan  Philippines
2024-10-03T20:05:13.564Z,5.7495,126.1932,114.378,4.7,62 km ESE of Mangili  Philippines
2024-10-03T20:53:44.177Z,2.7785,128.1817,164.01,4.7,117 km N of Tobelo  Indonesia
2024-10-04T05:25:05.040Z,6.0633,126.6528,167.759,4,62 km ESE of Pondaguitan  Philippines
2024-10-04T10:09:59.089Z,3.6069,126.7249,52.739,4.7,243 km SE of Sarangani  Philippines
2024-10-04T21:21:12.003Z,4.8966,126.1748,98.963,4.7,96 km SE of Sarangani  Philippines
2024-10-05T15:52:57.195Z,9.9181,126.2352,10,4.5,16 km ENE of Pilar  Philippines
2024-10-05T20:22:56.840Z,6.7884,125.6784,49.329,4.4,18 km SW of San Remigio  Philippines
2024-10-05T22:54:42.600Z,3.0007,127.9729,134.742,4.2,140 km N of Tobelo  Indonesia
2024-10-07T00:43:44.782Z,2.4979,127.239,72.79,4.4,120 km NW of Tobelo  Indonesia
2024-10-07T01:00:07.713Z,6.666,125.8758,10,4.5,21 km W of Sigaboy  Philippines
2024-10-07T20:20:26.287Z,7.4416,126.2046,10,4.9,19 km SSE of Bantacan  Philippines
2024-10-08T01:28:29.229Z,2.3199,126.9463,35,4.7,135 km WNW of Tobelo  Indonesia
2024-10-09T09:42:53.680Z,7.9461,127.436,10,4.6,101 km ENE of Kinablangan  Philippines
2024-10-10T07:22:46.274Z,1.8848,127.163,107.508,4.9,95 km W of Tobelo  Indonesia
2024-10-11T00:16:02.539Z,5.8112,126.5377,101.61,4.9,72 km SSE of Pondaguitan  Philippines
2024-10-11T01:38:08.294Z,5.28,125.9454,114.291,4.3,55 km ESE of Sarangani  Philippines
2024-10-11T23:08:15.619Z,8.2113,127.0808,9.325,4.4,71 km E of Barcelona  Philippines
2024-10-14T13:21:30.186Z,9.0233,126.2233,69.663,4.6,0 km WNW of Tago  Philippines
2024-10-14T21:24:46.990Z,1.5247,126.4429,70.483,4.3,132 km NW of Ternate  Indonesia
2024-10-14T23:42:51.698Z,8.7548,127.1148,9.724,4.5,89 km E of Aras-asan  Philippines
2024-10-17T09:58:04.340Z,5.9769,125.9122,147.032,4.6,25 km E of Mangili  Philippines
2024-10-17T15:33:00.777Z,4.9697,125.1377,222.192,4.3,60 km SW of Sarangani  Philippines
2024-10-20T04:44:42.987Z,3.5772,127.8858,79.634,4.8,204 km N of Tobelo  Indonesia
2024-10-20T09:38:42.962Z,1.649,126.3258,10,4.1,135 km E of Bitung  Indonesia
2024-10-21T14:47:10.459Z,1.4331,125.8901,60.697,4.3,84 km E of Bitung  Indonesia
2024-10-22T03:01:45.834Z,3.5573,126.7022,48.716,4.3,246 km SE of Sarangani  Philippines
2024-10-22T18:14:17.547Z,5.6923,126.344,10,4.5,76 km SSE of Pondaguitan  Philippines
2024-10-22T18:42:22.027Z,2.3225,128.1061,10,4.3,66 km N of Tobelo  Indonesia
2024-10-23T23:00:32.342Z,3.5106,126.9012,35,4.2,232 km NNW of Tobelo  Indonesia
2024-10-24T14:33:36.639Z,3.1075,128.2465,85.428,4.6,154 km N of Tobelo  Indonesia
2024-10-27T15:56:25.415Z,5.7151,126.5679,32.832,4.6,83 km SSE of Pondaguitan  Philippines
2024-10-28T05:40:29.430Z,1.8348,126.855,108.244,4.7,128 km W of Tobelo  Indonesia
2024-10-30T13:03:53.914Z,6.4558,126.8095,113.356,4.6,70 km SE of Bobon  Philippines
2024-10-30T23:47:23.326Z,4.6729,127.508,111.067,4.6,237 km SE of Pondaguitan  Philippines
2024-11-01T23:00:03.112Z,7.401,126.1641,10,4.6,21 km ESE of San Mariano  Philippines
2024-11-03T23:07:56.901Z,6.2382,126.9508,188.447,4.1,86 km E of Pondaguitan  Philippines
2024-11-04T08:32:26.724Z,8.0352,126.3317,10,4.9,8 km W of Lingig  Philippines
2024-11-06T21:57:54.374Z,3.2665,126.8783,48.346,4.4,211 km NW of Tobelo  Indonesia
2024-11-07T02:47:08.046Z,5.1817,123.4747,563.334,4.2,138 km SW of Palimbang  Philippines
2024-11-09T11:05:43.616Z,8.4852,126.1655,82.178,4.2,3 km N of Tagbina  Philippines
2024-11-09T12:34:37.280Z,2.0794,127.6077,75.768,4.3,59 km NW of Tobelo  Indonesia
2024-11-10T09:40:15.170Z,1.6566,127.1273,79.108,4.4,98 km W of Tobelo  Indonesia
2024-11-11T16:10:23.733Z,5.388,125.9683,143.704,4.4,55 km E of Sarangani  Philippines
2024-11-12T01:23:24.997Z,5.6605,126.5877,10,4.5,89 km SSE of Pondaguitan  Philippines
2024-11-12T12:51:48.650Z,2.3148,126.8501,72.837,4.4,144 km WNW of Tobelo  Indonesia
2024-11-13T18:11:43.490Z,6.5513,125.7675,168.55,4.3,22 km NE of Malita  Philippines
2024-11-15T15:27:42.001Z,4.8002,125.5451,85.781,4.4,67 km S of Sarangani  Philippines
2024-11-15T17:50:25.789Z,5.5558,126.5322,58.154,4.1,97 km SSE of Pondaguitan  Philippines
2024-11-15T17:50:45.978Z,5.5633,126.6785,71.033,4.3,104 km SSE of Pondaguitan  Philippines
2024-11-18T10:39:10.439Z,5.1128,127.2161,99.218,4.2,179 km SE of Pondaguitan  Philippines
2024-11-19T08:34:02.404Z,6.1462,126.1658,105.102,5.1,23 km S of Pondaguitan  Philippines
2024-11-21T06:15:50.128Z,5.9993,126.0068,139.926,4.1,35 km ESE of Lamitan  Philippines
2024-11-22T03:44:40.893Z,6.8423,126.5548,108.561,4.5,23 km SE of Lukatan  Philippines
2024-11-22T07:51:05.718Z,2.5891,128.2336,68.892,5.1,98 km NNE of Tobelo  Indonesia
2024-11-23T04:58:52.248Z,2.2558,128.0003,170.426,4.5,58 km N of Tobelo  Indonesia
2024-11-23T19:24:29.576Z,5.5052,126.9072,85.727,4.6,124 km SE of Pondaguitan  Philippines
2024-11-23T21:47:51.786Z,5.7972,124.3072,437.462,4.4,33 km SSW of Mabay  Philippines
2024-11-25T19:18:16.011Z,4.3722,126.1791,79.965,4.5,138 km SE of Sarangani  Philippines
2024-11-26T03:33:01.105Z,4.7624,126.1492,111.608,4.4,103 km SE of Sarangani  Philippines
2024-11-26T14:34:30.169Z,3.315,126.4003,58.46,4.2,250 km NW of Tobelo  Indonesia
2024-11-26T23:37:46.061Z,3.8286,126.4261,85.156,4.3,204 km SSE of Sarangani  Philippines
2024-11-27T00:47:14.960Z,6.1006,128.2035,10,4.5,220 km ESE of San Ignacio  Philippines
2024-11-27T08:59:03.951Z,9.1414,126.6882,6.194,5,49 km ENE of Bacolod  Philippines
2024-11-27T09:13:27.110Z,9.1431,126.7555,6.812,4.2,56 km ENE of Bacolod  Philippines
2024-11-29T11:53:32.404Z,2.7762,125.4851,172.651,4.4,152 km NNE of Bitung  Indonesia
2024-11-29T20:39:23.351Z,4.631,127.7829,133.592,4.6,261 km SE of Pondaguitan  Philippines
2024-11-30T16:10:41.929Z,6.2665,123.3551,10,4.5,78 km WSW of Sangay  Philippines
2024-12-01T21:42:55.024Z,9.6881,125.7896,113.569,4.3,14 km NNE of Claver  Philippines
2024-12-02T21:43:44.130Z,3.2087,128.3722,59.576,4.2,168 km NNE of Tobelo  Indonesia
2024-12-03T16:09:11.776Z,4.8557,126.4225,14.196,5.1,122 km ESE of Sarangani  Philippines
2024-12-03T18:27:00.885Z,8.4328,126.7904,33.517,4.9,49 km NE of Barcelona  Philippines
2024-12-04T09:14:52.624Z,2.3155,127.3651,114.222,4.1,96 km NW of Tobelo  Indonesia
2024-12-04T14:07:17.534Z,1.2844,126.2917,47.256,4.4,130 km E of Bitung  Indonesia
2024-12-04T17:06:48.246Z,8.9073,125.8342,131.505,4.1,13 km WSW of San Miguel  Philippines
2024-12-05T04:43:26.754Z,5.9941,125.7448,172.797,4.4,6 km E of Mangili  Philippines
2024-12-07T22:10:51.152Z,1.4964,126.543,51.647,4.6,121 km NW of Ternate  Indonesia
2024-12-08T17:11:44.942Z,1.8541,122.9907,10,4.9,145 km N of Gorontalo  Indonesia
2024-12-08T18:51:30.336Z,2.8463,128.4419,235.878,4.2,132 km NNE of Tobelo  Indonesia
2024-12-08T21:16:33.932Z,1.9178,126.645,57.157,4.3,149 km NNW of Ternate  Indonesia
2024-12-09T22:21:33.666Z,7.6171,126.7909,72.637,4.5,25 km E of Baganga  Philippines
2024-12-10T06:13:41.200Z,3.8052,127.9545,148.248,4.7,229 km N of Tobelo  Indonesia
2024-12-10T21:26:38.014Z,5.7054,127.3562,35,4.8,149 km ESE of Pondaguitan  Philippines
2024-12-11T03:27:57.933Z,5.6886,126.181,113.273,4.5,64 km ESE of Caburan  Philippines
2024-12-12T07:52:06.561Z,3.3682,126.1226,71.159,4.2,236 km SSE of Sarangani  Philippines
2024-12-13T23:32:37.860Z,4.4858,126.4524,44.761,4.4,149 km SE of Sarangani  Philippines
2024-12-14T17:38:15.481Z,1.5829,126.5578,36.664,5.2,127 km NW of Ternate  Indonesia
2024-12-16T03:24:27.572Z,2.4789,128.2201,10,4.4,86 km NNE of Tobelo  Indonesia
2024-12-16T12:48:59.280Z,9.0185,126.6165,34.02,4.5,36 km ENE of Aras-asan  Philippines
2024-12-17T11:05:37.249Z,5.1686,127.4188,138.792,5,190 km SE of Pondaguitan  Philippines
2024-12-17T11:12:54.854Z,6.5111,126.5581,136.035,4.3,45 km ENE of Pondaguitan  Philippines
2024-12-18T07:32:54.492Z,8.7519,126.7769,10,4.4,53 km E of Marihatag  Philippines
2024-12-19T16:51:21.717Z,5.6191,127.0599,74.798,4.8,127 km SE of Pondaguitan  Philippines
2024-12-20T02:27:37.917Z,4.5225,127.7672,43.148,4.2,269 km SE of Pondaguitan  Philippines
2024-12-20T11:42:07.521Z,3.6954,126.5443,35,4.6,223 km SSE of Sarangani  Philippines
2024-12-20T21:09:32.525Z,5.7996,127.2143,66.393,4.9,130 km ESE of Pondaguitan  Philippines
2024-12-20T21:51:27.385Z,3.9895,125.8551,159.186,4.9,162 km SSE of Sarangani  Philippines
2024-12-22T04:45:13.122Z,3.3742,126.6274,46.888,4.9,238 km NW of Tobelo  Indonesia
2024-12-24T10:42:54.577Z,2.6116,126.3472,70.557,4.8,187 km NE of Bitung  Indonesia
2024-12-26T05:55:25.329Z,6.4386,126.1293,66.978,4.6,3 km S of Nangan  Philippines
2024-12-26T10:26:20.024Z,8.473,125.927,24.23,5.3,3 km ESE of Borbon  Philippines
2024-12-26T11:29:07.732Z,8.3067,126.0068,10,4.9,12 km SSE of Lapinigan  Philippines
2024-12-27T01:57:18.235Z,8.0485,127.1446,18.366,4.7,76 km ENE of Kinablangan  Philippines
2024-12-27T17:30:08.760Z,2.0409,126.445,57.539,4.5,160 km ENE of Bitung  Indonesia
2024-12-27T18:42:59.930Z,9.6146,126.2289,63,5.4,20 km SE of Union  Philippines
2024-12-27T22:39:56.605Z,3.2544,123.1875,480.874,4.7,269 km NW of Manado  Indonesia
2024-12-30T00:43:14.853Z,2.463,128.1684,55.415,4.1,83 km NNE of Tobelo  Indonesia
2024-12-30T19:21:33.371Z,5.0395,127.5491,122.595,4.4,210 km SE of Pondaguitan  Philippines
2024-12-31T22:32:02.906Z,8.0127,127.264,10,4.6,86 km ENE of Kinablangan  Philippines
2025-01-02T13:25:28.775Z,1.7617,127.3626,117.276,4.4,72 km W of Tobelo  Indonesia
2025-01-03T17:59:54.378Z,2.3865,128.1744,140.869,4.5,75 km NNE of Tobelo  Indonesia
2025-01-04T05:42:58.606Z,7.3151,123.6156,10,4.1,25 km SE of Malim  Philippines
2025-01-04T13:57:33.463Z,4.7057,126.4071,87.575,4.4,129 km SE of Sarangani  Philippines
2025-01-05T09:16:42.355Z,6.4682,126.5325,132.697,5.1,40 km ENE of Pondaguitan  Philippines
2025-01-06T03:27:54.201Z,3.5416,126.0311,108.771,4.2,215 km SSE of Sarangani  Philippines
2025-01-07T09:18:58.362Z,9.7888,126.0508,10,4.6,3 km N of Dapa  Philippines
2025-01-09T19:11:11.518Z,5.7029,126.4539,155.3,4.5,78 km SSE of Pondaguitan  Philippines
2025-01-10T03:43:27.951Z,2.4871,126.0765,90.598,4.4,156 km NE of Bitung  Indonesia
2025-01-10T05:49:44.491Z,8.4901,126.5803,63.071,4.8,30 km ENE of Hinatuan  Philippines
2025-01-10T09:32:53.637Z,2.7916,128.33,76.695,4.4,122 km NNE of Tobelo  Indonesia
2025-01-10T19:41:10.729Z,3.43,125.6986,124.037,4.4,219 km S of Sarangani  Philippines
2025-01-11T17:48:37.086Z,7.6102,126.7188,95.016,4.6,17 km ENE of Baganga  Philippines
2025-01-12T22:30:37.536Z,4.4541,125.863,156.38,4.3,113 km SSE of Sarangani  Philippines
2025-01-13T00:19:47.641Z,6.6712,123.8527,541.546,5.4,20 km W of Taguisa  Philippines
2025-01-13T00:21:17.635Z,6.6151,123.9218,552.886,4.8,15 km NW of Bantogon  Philippines
2025-01-13T00:21:36.122Z,6.7145,123.9153,552.944,4.8,13 km W of Taguisa  Philippines
2025-01-13T00:33:53.740Z,1.5065,126.381,53.375,4.2,136 km NW of Ternate  Indonesia
2025-01-13T11:41:09.141Z,5.5763,125.0964,37.472,5,23 km SW of Burias  Philippines
2025-01-14T09:39:04.240Z,8.0163,126.761,35,4.4,34 km E of Santa Maria  Philippines
2025-01-14T15:06:34.062Z,3.6035,126.3871,63.344,4.1,223 km SSE of Sarangani  Philippines
2025-01-14T20:51:53.279Z,5.8855,126.6769,72.017,4.6,76 km SE of Pondaguitan  Philippines
2025-01-15T10:05:54.831Z,5.1639,127.3268,35,4.5,183 km SE of Pondaguitan  Philippines
2025-01-16T06:14:27.061Z,9.9631,125.8581,120.608,4.1,16 km NW of Del Carmen  Surigao del Norte  Philippines
2025-01-16T09:56:14.176Z,5.3612,126.4061,150.737,4.4,104 km E of Sarangani  Philippines
2025-01-16T20:42:33.882Z,6.0327,125.373,77.432,4,3 km SSW of Suyan  Philippines
2025-01-17T08:55:52.080Z,8.4942,125.8032,10,5,4 km NNE of Talacogon  Philippines
2025-01-17T10:00:23.818Z,5.9466,126.0225,150.207,4.3,38 km E of Mangili  Philippines
2025-01-18T17:23:04.300Z,4.374,126.9329,54.181,4.3,198 km SE of Sarangani  Philippines
2025-01-19T05:29:33.100Z,3.7422,126.7466,48.016,4.4,232 km SE of Sarangani  Philippines
2025-01-20T03:46:57.993Z,5.7948,126.3955,82.586,4.5,67 km SSE of Pondaguitan  Philippines
2025-01-21T08:51:04.184Z,6.5686,125.9065,76.637,4.2,20 km WSW of Sigaboy  Philippines
2025-01-22T13:33:26.464Z,9.6039,126.18,82.342,4.6,18 km SSE of Union  Philippines
2025-01-22T15:32:55.695Z,3.2129,127.9618,133.517,4.4,164 km N of Tobelo  Indonesia
2025-01-22T23:39:46.093Z,10.0899,125.1492,9,5.7,3 km NNW of San Francisco  Philippines
2025-01-23T03:41:16.038Z,7.7025,122.2079,62.013,5.4,8 km E of Siocon  Philippines
2025-01-23T05:12:51.007Z,3.2296,126.9458,47.595,4,203 km NW of Tobelo  Indonesia
2025-01-25T05:38:13.356Z,6.6174,123.9823,542.987,4.1,9 km WNW of Limulan  Philippines
2025-01-26T18:45:58.346Z,5.75,127.0098,134.526,4.6,114 km SE of Pondaguitan  Philippines
2025-01-27T06:40:43.420Z,7.3803,124.5001,399.952,4.5,9 km NW of Alamada  Philippines
2025-01-27T13:56:31.883Z,4.3494,122.8311,587.179,4,212 km SSE of Tabiauan  Philippines
2025-01-29T04:37:29.365Z,7.5518,123.4787,10,4.6,11 km S of San Pablo  Philippines
2025-01-29T11:33:19.272Z,4.3177,125.7493,163.491,4.2,124 km SSE of Sarangani  Philippines
2025-01-30T19:48:44.120Z,6.892,126.0956,76.662,4.5,4 km ENE of Manikling  Philippines
2025-01-30T21:10:44.085Z,2.408,126.8759,52.726,4.3,146 km WNW of Tobelo  Indonesia
2025-01-31T00:51:47.934Z,6.6688,126.7553,107.227,4.2,52 km ESE of Bobon  Philippines
2025-01-31T17:01:28.311Z,1.5851,126.3737,42.698,4.3,139 km E of Bitung  Indonesia
2025-02-01T11:01:17.568Z,9.8839,125.9034,104.794,4.2,7 km WNW of Del Carmen  Surigao del Norte  Philippines
2025-02-01T11:44:11.789Z,1.4434,126.0506,47.12,4.2,102 km E of Bitung  Indonesia
2025-02-02T02:05:36.400Z,2.4545,126.6379,49.555,4.5,172 km WNW of Tobelo  Indonesia
2025-02-03T21:35:51.094Z,3.0383,128.2254,103,5.9,146 km N of Tobelo  Indonesia
2025-02-03T22:21:07.799Z,2.9266,128.1457,117.645,4.2,133 km N of Tobelo  Indonesia
2025-02-03T23:53:28.566Z,5.673,123.9953,521.781,4.2,63 km SSW of Palimbang  Philippines
2025-02-04T13:10:58.458Z,3.3618,126.6979,46.933,4.2,232 km NW of Tobelo  Indonesia
2025-02-04T18:30:32.082Z,3.4305,126.7991,59.511,4.4,231 km NW of Tobelo  Indonesia
2025-02-05T03:12:30.192Z,1.6173,127.118,99,5.5,96 km NNW of Ternate  Indonesia
2025-02-05T08:03:41.352Z,7.4306,126.8564,82.39,4.6,30 km E of Baculin  Philippines
2025-02-05T11:11:31.142Z,4.9771,124.0056,484.054,4.4,129 km SSW of Maitum  Philippines
2025-02-06T13:16:27.647Z,4.3939,126.6197,56.008,5.2,170 km SE of Sarangani  Philippines
2025-02-07T08:53:54.446Z,8.0545,127.2401,10,4.4,86 km ENE of Kinablangan  Philippines
2025-02-07T13:43:44.271Z,3.6232,127.8452,80.155,4.3,210 km N of Tobelo  Indonesia
2025-02-07T16:17:35.989Z,3.6861,127.8424,83.655,4.6,217 km N of Tobelo  Indonesia
2025-02-08T08:35:32.299Z,6.6689,127.2192,10,4.5,94 km ESE of San Ignacio  Philippines
2025-02-08T12:00:18.163Z,5.2165,126.8555,97.19,4.4,147 km SSE of Pondaguitan  Philippines
2025-02-08T15:30:42.461Z,4.3955,126.6833,53.364,4.6,175 km SE of Sarangani  Philippines
2025-02-10T18:25:53.765Z,4.9771,127.4953,112.895,4.3,211 km SE of Pondaguitan  Philippines
2025-02-12T06:53:34.776Z,1.7606,127.3044,32.113,4.9,78 km W of Tobelo  Indonesia
2025-02-14T02:04:10.279Z,6.8607,123.6543,10,4,40 km W of Gadung  Philippines
2025-02-14T14:44:25.125Z,1.9145,127.4151,122.316,4.6,69 km WNW of Tobelo  Indonesia
2025-02-14T20:56:18.580Z,3.4928,127.854,135.671,4.6,195 km N of Tobelo  Indonesia
2025-02-15T03:46:15.225Z,1.7566,127.3945,124.839,4.2,68 km W of Tobelo  Indonesia
2025-02-15T05:30:22.923Z,5.2576,127.3959,9.827,4.2,181 km SE of Pondaguitan  Philippines
2025-02-15T22:19:02.528Z,7.4928,124.6971,10,4.3,2 km W of Banisilan  Philippines
2025-02-16T02:53:42.852Z,3.3766,128.9629,10,4.4,210 km NNE of Tobelo  Indonesia
2025-02-16T07:27:43.361Z,1.4368,126.2578,69.092,4.6,125 km E of Bitung  Indonesia
2025-02-18T06:45:19.931Z,2.9703,128.2216,10,4.6,139 km N of Tobelo  Indonesia
2025-02-19T05:52:34.520Z,3.1072,128.5093,224.681,4.5,162 km NNE of Tobelo  Indonesia
2025-02-19T12:15:14.957Z,9.8875,126.0538,10,4.2,5 km WNW of Pilar  Philippines
2025-02-19T12:54:06.338Z,4.462,123.2228,528.593,4.1,220 km SSW of Palimbang  Philippines
2025-02-19T18:15:57.666Z,3.7705,127.9162,147.624,4.4,226 km N of Tobelo  Indonesia
2025-02-20T23:22:45.564Z,2.2489,127.2262,10,4.3,104 km WNW of Tobelo  Indonesia
2025-02-21T18:44:01.211Z,4.0381,126.4332,96.402,4.1,185 km SE of Sarangani  Philippines
2025-02-22T03:12:21.161Z,1.3487,125.595,9.507,4.4,52 km E of Bitung  Indonesia
2025-02-24T17:05:49.445Z,8.788,127.3203,10,4.4,111 km E of Aras-asan  Philippines
2025-02-25T14:23:03.878Z,4.5899,126.2828,74.186,4.1,127 km SE of Sarangani  Philippines
2025-02-25T15:59:39.779Z,2.7999,125.6199,138.561,4.9,159 km NNE of Bitung  Indonesia
2025-02-25T18:13:49.712Z,2.9535,126.5765,47.046,5.1,209 km NW of Tobelo  Indonesia
2025-02-25T19:07:46.336Z,2.9559,126.5571,64.366,4.1,210 km NW of Tobelo  Indonesia
2025-02-26T04:52:37.631Z,3.8388,125.8069,145.983,4.2,177 km SSE of Sarangani  Philippines
2025-02-26T17:35:00.362Z,1.3287,126.3181,46.136,4.9,132 km WNW of Ternate  Indonesia
2025-02-26T17:41:41.388Z,4.7976,127.3799,99.476,4.4,218 km SE of Pondaguitan  Philippines
2025-02-27T15:30:42.492Z,3.6796,127.8669,57.963,4.6,216 km N of Tobelo  Indonesia
2025-02-28T03:55:30.104Z,6.1861,126.8278,98.445,4.3,74 km ESE of Pondaguitan  Philippines
2025-02-28T11:30:02.298Z,1.7012,126.3429,73.513,4.2,138 km ENE of Bitung  Indonesia
2025-02-28T16:18:52.058Z,2.8167,125.7533,143.941,4.3,167 km NNE of Bitung  Indonesia
2025-02-28T19:39:41.321Z,6.1668,126.8401,106.793,4.3,76 km ESE of Pondaguitan  Philippines
2025-03-01T06:36:40.192Z,7.863,126.7422,11.163,4.4,28 km NE of Kinablangan  Philippines
2025-03-01T06:47:43.954Z,8.8699,122.5991,10,4.6,44 km WSW of Cabangahan  Philippines
2025-03-01T06:56:40.501Z,1.3509,126.4127,34.727,4.3,124 km WNW of Ternate  Indonesia
2025-03-01T10:22:57.328Z,1.8023,124.1284,298.663,4.3,87 km WNW of Manado  Indonesia
2025-03-01T13:59:51.898Z,7.867,126.7422,17.616,5,28 km NE of Kinablangan  Philippines
2025-03-04T01:42:22.745Z,6.7213,125.1352,17.179,5,7 km SW of Magsaysay  Philippines
2025-03-04T02:37:53.589Z,1.8535,127.3253,101.326,4.4,77 km W of Tobelo  Indonesia
2025-03-06T13:40:25.416Z,7.5657,124.8748,14.142,4.6,5 km SW of Kadingilan  Philippines
2025-03-07T07:16:01.303Z,3.0593,128.5368,217.013,4.1,158 km NNE of Tobelo  Indonesia
2025-03-07T16:53:59.992Z,7.4935,124.7296,10,4.8,0 km ENE of Banisilan  Philippines
2025-03-08T02:54:35.279Z,6.8088,127.5687,10,4.1,122 km ESE of Santiago  Philippines
2025-03-08T08:03:22.942Z,8.9028,126.3335,65.661,4.4,2 km NE of Aras-asan  Philippines
2025-03-08T09:13:26.721Z,7.3703,124.7197,11.472,4.3,8 km W of Liliongan  Philippines
2025-03-08T19:37:19.331Z,3.0408,126.9306,88.174,4.6,188 km NW of Tobelo  Indonesia
2025-03-09T09:46:45.324Z,8.9593,126.1887,73.035,4.7,5 km SSE of Gamut  Philippines
2025-03-09T15:24:28.940Z,5.9994,126.7244,40.252,4.7,72 km ESE of Pondaguitan  Philippines
2025-03-10T05:52:59.488Z,7.5899,126.6632,78.798,4.5,11 km E of Baganga  Philippines
2025-03-11T14:58:53.760Z,1.6397,126.6806,50.314,4.9,122 km NW of Ternate  Indonesia
2025-03-12T13:36:15.776Z,1.9558,127.4492,114.732,4.5,67 km WNW of Tobelo  Indonesia
2025-03-12T15:09:44.490Z,8.3112,127.3806,9,5.5,105 km E of Barcelona  Philippines
2025-03-12T19:40:40.967Z,8.2694,127.3609,10,4.4,102 km E of Barcelona  Philippines
2025-03-12T23:32:51.946Z,1.6571,127.1518,116.877,4.6,95 km W of Tobelo  Indonesia
2025-03-13T02:11:44.372Z,8.4659,126.7172,51.899,4.2,43 km ENE of Hinatuan  Philippines
2025-03-13T23:03:46.437Z,3.4956,127.3521,38.683,4.3,208 km NNW of Tobelo  Indonesia
2025-03-14T12:29:11.124Z,3.5606,127.3263,33.583,4.5,216 km NNW of Tobelo  Indonesia
2025-03-15T19:50:28.591Z,8.9937,126.4886,47.557,4.5,22 km ENE of Aras-asan  Philippines
2025-03-16T08:07:24.763Z,7.7697,126.6046,10,4.2,10 km NE of Kinablangan  Philippines
2025-03-17T15:41:51.772Z,8.0892,126.8133,35,4.9,42 km ENE of Santa Maria  Philippines
2025-03-17T23:04:35.490Z,5.5494,126.0931,129.301,4.5,64 km SE of Caburan  Philippines
2025-03-18T14:53:46.799Z,8.8348,126.3326,70.604,4.5,5 km NE of Marihatag  Philippines
2025-03-19T02:13:55.553Z,6.5869,126.2713,38.048,4.2,18 km ESE of Tibanbang  Philippines
2025-03-19T22:35:23.003Z,8.3046,126.2426,8.401,4.5,4 km WSW of Bigaan  Philippines
2025-03-20T17:49:46.142Z,4.2528,126.0592,136.616,4.6,143 km SSE of Sarangani  Philippines
2025-03-21T10:37:16.252Z,2.2641,127.145,99.41,4.7,112 km WNW of Tobelo  Indonesia
2025-03-22T05:27:04.488Z,7.6659,127.0997,10,4.6,60 km E of Baganga  Philippines
2025-03-22T07:01:27.043Z,7.6274,126.7926,76.976,4.5,26 km ENE of Baganga  Philippines
2025-03-22T08:51:39.838Z,7.6829,126.6757,82.622,4.2,14 km E of Kinablangan  Philippines
2025-03-23T16:42:07.860Z,4.9899,126.8534,89.469,4.3,160 km ESE of Sarangani  Philippines
2025-03-23T22:01:07.259Z,2.8128,128.5451,231.644,4.3,133 km NNE of Tobelo  Indonesia
2025-03-24T10:28:03.234Z,6.1813,126.9933,98.512,4,92 km ESE of Pondaguitan  Philippines
2025-03-25T03:32:35.521Z,7.9081,126.6984,57.723,4.4,28 km NE of Kinablangan  Philippines
2025-03-26T06:53:39.103Z,4.5016,124.5188,10,4.9,144 km SW of Sarangani  Philippines
2025-03-26T19:40:14.248Z,3.4833,126.1894,74.614,4.2,227 km SSE of Sarangani  Philippines
2025-03-26T22:03:04.281Z,2.6798,122.1756,556.221,4.2,256 km NNW of Gorontalo  Indonesia
2025-03-27T14:08:25.498Z,6.6187,126.6882,59.911,4.4,48 km SE of Bobon  Philippines
2025-03-27T14:10:52.110Z,8.6119,126.2634,70.667,4.6,9 km NNE of Gamut  Philippines
2025-03-27T23:54:05.998Z,9.8809,125.8377,98.452,4.2,14 km W of Del Carmen  Surigao del Norte  Philippines
2025-03-28T08:33:16.920Z,6.4042,124.5678,10,4.2,11 km WSW of Manuel Roxas  Philippines
2025-03-28T20:44:09.879Z,9.5575,126.4481,35,4.3,41 km NE of Cortes  Philippines
2025-03-29T10:46:38.012Z,9.2642,126.7765,9.173,4.6,64 km E of Cortes  Philippines
2025-03-29T14:26:41.890Z,2.9665,126.4501,46.139,4.1,220 km NW of Tobelo  Indonesia
2025-03-30T03:57:49.930Z,1.4283,126.3831,56.522,4,131 km WNW of Ternate  Indonesia
2025-03-30T05:58:35.589Z,4.8185,126.3301,82.086,4.2,115 km SE of Sarangani  Philippines
2025-03-31T09:47:24.858Z,5.4272,126.1544,101.406,4.4,76 km E of Sarangani  Philippines
2025-04-02T01:52:27.983Z,9.6865,125.9451,86.506,4.4,7 km NNW of Socorro  Philippines
2025-04-02T18:31:28.741Z,4.6063,128.0817,69.561,4.1,286 km SE of Pondaguitan  Philippines
2025-04-02T18:45:03.416Z,3.381,128.3642,204.178,4.2,186 km NNE of Tobelo  Indonesia
2025-04-02T21:03:40.049Z,2.1324,126.7258,44,5.8,149 km WNW of Tobelo  Indonesia
2025-04-02T21:10:19.736Z,2.0883,126.7091,54.248,4.9,150 km WNW of Tobelo  Indonesia
2025-04-04T09:39:42.779Z,9.5784,126.2674,98.322,4.4,26 km SE of Union  Philippines
2025-04-05T09:25:39.470Z,1.7037,126.2895,47.467,4,132 km ENE of Bitung  Indonesia
2025-04-05T11:33:54.278Z,2.6672,126.7434,40.192,4.9,174 km NW of Tobelo  Indonesia
2025-04-05T18:10:41.711Z,8.7894,127.7442,10,4.1,158 km E of Aras-asan  Philippines
2025-04-06T04:19:15.873Z,3.4975,127.2372,49.364,4.6,213 km NNW of Tobelo  Indonesia
2025-04-06T11:44:14.408Z,8.5092,127.2414,10,4.5,96 km ENE of Barcelona  Philippines
2025-04-07T09:19:38.428Z,9.597,126.5518,35,4.4,51 km ESE of Union  Philippines
2025-04-08T07:56:02.180Z,1.3501,126.0824,52.648,4.3,106 km E of Bitung  Indonesia
2025-04-08T09:30:26.185Z,7.059,126.5025,145.968,4.5,5 km E of Jovellar  Philippines
2025-04-08T16:28:47.491Z,5.724,126.5766,82.61,4.3,83 km SSE of Pondaguitan  Philippines
2025-04-08T19:25:55.660Z,4.6687,125.0956,12.773,5.1,90 km SSW of Sarangani  Philippines
2025-04-09T04:05:01.526Z,5.4483,126.1605,78.032,4.4,77 km E of Sarangani  Philippines
2025-04-09T07:25:13.236Z,3.4619,127.2364,42.219,4.8,210 km NNW of Tobelo  Indonesia
2025-04-09T15:21:22.331Z,3.5137,127.3729,31.63,5,209 km NNW of Tobelo  Indonesia
2025-04-10T02:39:07.502Z,3.5858,127.0535,52.038,4.4,231 km NNW of Tobelo  Indonesia
2025-04-10T15:42:58.780Z,1.6055,127.0941,125.774,4.3,95 km NNW of Ternate  Indonesia
2025-04-10T16:40:41.243Z,2.9712,128.5664,225.881,4.4,150 km NNE of Tobelo  Indonesia
2025-04-10T21:55:44.089Z,2.5898,127.3907,96.73,4.2,117 km NW of Tobelo  Indonesia
2025-04-11T10:33:25.890Z,3.3849,127.1707,35,4.4,205 km NNW of Tobelo  Indonesia
2025-04-12T16:02:02.576Z,3.2534,127.9736,82.879,4.4,168 km N of Tobelo  Indonesia
2025-04-14T16:25:27.438Z,3.6117,126.7868,49.172,4.3,246 km SE of Sarangani  Philippines
2025-04-15T21:42:42.326Z,5.8038,124.2362,10,5.6,37 km SSW of Maguling  Philippines
2025-04-16T05:02:56.716Z,5.5151,126.5883,22.709,4.5,104 km SSE of Pondaguitan  Philippines
2025-04-16T05:22:31.665Z,5.5317,126.3395,46.164,4.6,88 km ESE of Caburan  Philippines
2025-04-18T03:34:10.284Z,3.1176,126.9766,52.982,4.1,191 km NW of Tobelo  Indonesia
2025-04-18T14:47:15.591Z,2.5548,128.2715,193.79,4.3,95 km NNE of Tobelo  Indonesia
2025-04-19T07:44:21.540Z,5.6742,126.4816,107.379,4.3,83 km SSE of Pondaguitan  Philippines
2025-04-19T16:11:14.518Z,5.8328,124.1463,12,5.9,39 km SW of Malisbeng  Philippines
2025-04-19T16:42:04.212Z,5.8937,123.8755,10,4.2,49 km SW of Palimbang  Philippines
2025-04-19T16:50:47.031Z,5.8558,124.2299,10,5.1,32 km SSW of Malisbeng  Philippines
2025-04-19T17:10:15.869Z,5.7443,124.0477,10,4.3,53 km SW of Malisbeng  Philippines
2025-04-19T17:37:11.031Z,5.8269,124.1032,14.473,5.3,42 km SW of Malisbeng  Philippines
2025-04-19T18:00:42.000Z,2.7372,128.4032,219.932,4.2,119 km NNE of Tobelo  Indonesia
2025-04-19T23:20:14.353Z,5.7423,124.0765,10,4.2,51 km SW of Malisbeng  Philippines
2025-04-20T01:09:54.060Z,5.8601,124.1991,10,4.5,33 km SSW of Malisbeng  Philippines
2025-04-20T04:51:00.755Z,6.1811,127.2535,35,4.1,120 km E of Pondaguitan  Philippines
2025-04-20T21:51:03.306Z,1.346,126.5167,72.153,4.3,114 km WNW of Ternate  Indonesia
2025-04-21T05:56:41.130Z,6.7951,126.5319,10,4.5,23 km ESE of Bobon  Philippines
2025-04-21T08:26:13.765Z,9.0125,126.7437,35,4.4,49 km ENE of Aras-asan  Philippines
2025-04-22T04:09:04.904Z,4.3073,124.7417,314.464,4.3,145 km SSW of Sarangani  Philippines
2025-04-22T10:17:11.888Z,4.5538,127.831,104,6.2,271 km SE of Pondaguitan  Philippines
2025-04-25T20:47:47.311Z,6.6843,123.8153,38.635,4.6,24 km W of Taguisa  Philippines
2025-04-26T10:25:22.723Z,3.211,124.3531,347.298,4.1,198 km NNW of Manado  Indonesia
2025-04-26T16:27:41.747Z,3.3479,126.7872,50.398,4.5,224 km NW of Tobelo  Indonesia
2025-04-27T10:06:26.015Z,6.1037,125.1822,158.476,4.2,1 km SE of General Santos  Philippines
2025-04-27T12:19:09.405Z,2.2623,126.6207,56.657,4.2,165 km WNW of Tobelo  Indonesia
2025-04-28T15:21:33.333Z,7.7604,127.825,10,4.2,140 km E of Kinablangan  Philippines
2025-04-28T20:32:40.525Z,3.4874,122.652,547.875,4,293 km SSE of Tabiauan  Philippines
2025-04-28T20:36:22.537Z,3.4386,122.5849,553.521,4.1,296 km SE of Latung  Philippines
2025-04-29T12:54:36.177Z,5.4531,126.1341,123.885,4.2,74 km E of Sarangani  Philippines
2025-04-30T05:24:39.157Z,2.6259,126.2617,70.946,4.8,181 km NE of Bitung  Indonesia
2025-04-30T10:24:57.357Z,2.5653,127.2114,85.301,4.8,128 km NW of Tobelo  Indonesia
2025-04-30T15:53:49.164Z,4.8059,126.3043,10,4.4,114 km SE of Sarangani  Philippines
2025-04-30T16:08:01.898Z,4.2668,128.1387,58.155,4.5,281 km N of Tobelo  Indonesia
2025-04-30T21:56:09.668Z,4.3577,128.4086,13.166,4.5,294 km N of Tobelo  Indonesia
2025-04-30T23:38:27.946Z,4.2718,128.3407,19.533,4.8,283 km N of Tobelo  Indonesia
2025-04-30T23:45:37.112Z,4.2045,128.3395,10,4.5,276 km N of Tobelo  Indonesia
2025-04-30T23:56:05.370Z,4.3327,128.2079,17.647,4.9,288 km N of Tobelo  Indonesia
2025-05-01T14:27:00.582Z,8.7712,122.3606,31.046,4.4,72 km WSW of Cabangahan  Philippines
2025-05-01T17:17:28.847Z,3.0181,127.9215,138.598,4.1,142 km N of Tobelo  Indonesia
2025-05-01T22:26:44.948Z,5.3918,126.029,95.538,4.9,62 km E of Sarangani  Philippines
2025-05-02T17:07:27.202Z,4.2277,128.5346,10,4.3,282 km NNE of Tobelo  Indonesia
2025-05-03T04:55:39.353Z,9.5551,123.0001,10,4.5,7 km SSW of Mayapusi  Philippines
2025-05-03T09:17:51.268Z,4.8377,123.257,579.824,4.2,183 km SW of Palimbang  Philippines
2025-05-03T09:17:55.360Z,5.2502,126.2905,74.238,4.3,93 km E of Sarangani  Philippines
2025-05-03T14:20:50.934Z,1.2625,124.4496,235.66,4.4,39 km W of Tomohon  Indonesia
2025-05-03T20:39:37.905Z,8.3638,127.1155,10,4.4,78 km ENE of Barcelona  Philippines
2025-05-04T08:33:23.581Z,3.6972,127.1466,46.101,4.6,237 km NNW of Tobelo  Indonesia
2025-05-04T16:00:03.806Z,2.2424,126.7646,55.252,4.5,149 km WNW of Tobelo  Indonesia
2025-05-06T07:49:14.562Z,4.3155,128.4471,10,4.4,290 km N of Tobelo  Indonesia
2025-05-06T17:21:42.951Z,4.3473,128.528,10,4.3,295 km NNE of Tobelo  Indonesia
2025-05-07T03:48:14.829Z,8.1377,126.552,70.852,4.4,13 km E of Barcelona  Philippines
2025-05-07T03:48:42.364Z,7.7672,126.876,82.736,4.8,36 km ENE of Kinablangan  Philippines
2025-05-09T20:58:38.082Z,9.3711,127.1373,10,4.2,104 km E of Cortes  Philippines
2025-05-10T19:44:05.104Z,4.091,125.8929,155.742,4.1,152 km SSE of Sarangani  Philippines
2025-05-11T10:10:38.423Z,1.4435,126.3517,47.856,4.4,135 km WNW of Ternate  Indonesia
2025-05-11T21:37:11.127Z,9.3705,127.1473,10,4.5,105 km E of Cortes  Philippines
2025-05-12T17:01:41.832Z,2.1092,126.686,55.538,5,153 km WNW of Tobelo  Indonesia
2025-05-13T12:30:23.432Z,5.6799,125.8014,145.957,4.4,31 km SE of Caburan  Philippines
2025-05-18T03:46:05.264Z,8.6216,123.0774,10,4.8,10 km NNW of Manukan  Philippines
2025-05-18T20:25:29.532Z,8.744,126.0078,35,4.2,12 km NNE of Los Arcos  Philippines
2025-05-19T03:41:29.696Z,7.4417,125.6982,66.405,4.9,5 km SSE of San Miguel  Philippines
2025-05-19T16:20:16.737Z,8.808,126.6066,55.608,4.5,33 km ESE of Aras-asan  Philippines
2025-05-19T23:11:21.095Z,8.7007,126.5777,44.182,4.2,33 km ESE of Marihatag  Philippines
2025-05-20T03:29:43.747Z,5.1744,123.7663,10,4.4,123 km SSW of Malisbeng  Philippines
2025-05-23T05:36:35.718Z,9.9984,125.3254,10,4.3,19 km ESE of San Francisco  Philippines
2025-05-23T19:11:56.735Z,2.0968,126.6767,41.21,5,153 km WNW of Tobelo  Indonesia
2025-05-25T22:31:50.868Z,9.0733,125.7413,10,4.4,13 km NE of Anticala  Philippines
2025-05-26T04:13:20.450Z,6.6378,125.059,14.506,4.2,9 km E of Telafas  Philippines
2025-05-26T10:48:08.647Z,5.7863,126.1918,102.636,4.9,61 km ESE of Mangili  Philippines
2025-05-26T17:07:13.944Z,6.4718,126.1976,73.23,4.4,8 km E of Nangan  Philippines
2025-05-28T04:56:07.911Z,2.1738,126.7535,59.612,4.1,148 km WNW of Tobelo  Indonesia
2025-05-28T15:26:50.798Z,6.3761,126.5946,10,4.1,46 km E of Pondaguitan  Philippines
2025-05-28T21:36:51.061Z,5.2649,126,92.709,4.2,61 km ESE of Sarangani  Philippines
2025-05-29T03:26:31.866Z,5.1276,126.8545,97.64,4.4,155 km SSE of Pondaguitan  Philippines
2025-05-29T09:50:21.401Z,3.7982,126.1129,72.496,4.2,191 km SSE of Sarangani  Philippines
2025-05-29T22:52:28.375Z,8.482,126.3659,83.261,4.3,12 km NNE of Hinatuan  Philippines
2025-05-31T15:48:24.151Z,2.2499,126.7696,44.545,4.5,149 km WNW of Tobelo  Indonesia
2025-06-01T02:01:08.414Z,2.8303,125.3162,153.684,4.3,153 km NNE of Laikit  Laikit II (Dimembe)  Indonesia
2025-06-03T09:11:56.550Z,1.354,126.2001,59.119,4.9,119 km E of Bitung  Indonesia
2025-06-04T03:54:12.830Z,4.0214,127.8009,83.117,4.1,254 km N of Tobelo  Indonesia
2025-06-04T10:41:19.317Z,2.9943,127.6714,97.541,4.5,144 km NNW of Tobelo  Indonesia
2025-06-05T03:39:04.379Z,6.3252,125.8064,130.338,4.2,16 km ENE of Talagutong  Philippines
2025-06-05T10:05:08.095Z,4.2738,125.8902,92.607,4.5,133 km SSE of Sarangani  Philippines
2025-06-05T14:20:24.261Z,6.626,127.0071,10,4.4,77 km ESE of Lukatan  Philippines
2025-06-05T19:37:21.790Z,2.6414,126.6645,35,4.4,180 km NW of Tobelo  Indonesia
2025-06-06T00:05:09.508Z,7.4201,126.8239,83.054,4.1,26 km E of Baculin  Philippines
2025-06-06T04:30:47.585Z,2.6428,126.6652,50.466,4.3,180 km NW of Tobelo  Indonesia
2025-06-06T12:42:11.929Z,4.2511,128.4043,10,4.6,282 km N of Tobelo  Indonesia
2025-06-06T14:12:13.500Z,3.9206,126.0371,98.428,4.5,175 km SSE of Sarangani  Philippines
2025-06-07T22:03:25.247Z,7.6879,127.2735,10,4.5,79 km E of Baganga  Philippines
2025-06-09T18:12:47.450Z,4.9046,126.1883,89.617,4.4,97 km SE of Sarangani  Philippines
2025-06-10T10:43:10.264Z,8.3867,127.5392,10,4.6,124 km ENE of Barcelona  Philippines
2025-06-11T04:59:25.116Z,7.7792,126.2481,10,4.3,16 km SW of Boston  Philippines
2025-06-11T08:53:48.877Z,8.1119,126.2944,10,4.6,11 km SSW of Bislig  Philippines
2025-06-11T11:54:17.335Z,1.8386,127.3351,110.16,4.3,76 km W of Tobelo  Indonesia
2025-06-12T10:17:13.142Z,5.7139,123.9966,520.692,4.4,58 km SSW of Palimbang  Philippines
2025-06-12T14:38:25.628Z,5.2363,125.3653,30.268,5,21 km SSW of Sarangani  Philippines
2025-06-12T18:55:07.310Z,5.0719,125.6202,43.832,4.4,40 km SSE of Sarangani  Philippines
2025-06-12T19:23:09.238Z,5.096,125.2731,40.915,4.3,40 km SSW of Sarangani  Philippines
2025-06-13T08:13:18.068Z,5.2501,125.1041,10,4.9,43 km WSW of Sarangani  Philippines
2025-06-13T14:17:03.755Z,8.0071,126.5838,89.75,4.2,15 km E of Santa Maria  Philippines
2025-06-15T07:37:55.402Z,5.2339,126.8677,92.61,4.3,146 km SSE of Pondaguitan  Philippines
2025-06-15T08:08:33.526Z,9.7081,126.6996,15.868,4.3,64 km E of Union  Philippines
2025-06-15T12:31:28.393Z,6.2537,126.4654,87.411,4.4,33 km ESE of Pondaguitan  Philippines
2025-06-17T04:33:52.391Z,1.6188,125.9846,73.706,4.4,97 km ENE of Bitung  Indonesia
2025-06-17T06:25:34.830Z,2.193,126.583,64.54,5.1,166 km WNW of Tobelo  Indonesia
2025-06-17T08:36:25.059Z,8.2198,126.7159,53.724,5.3,31 km ENE of Barcelona  Philippines
2025-06-17T19:49:06.629Z,5.8112,125.5447,67.379,4.6,10 km NNE of Kalbay  Philippines
2025-06-18T04:18:37.300Z,3.5505,126.7713,49.644,4.5,244 km NW of Tobelo  Indonesia
2025-06-20T01:03:23.898Z,7.2986,126.6409,92.329,4,7 km E of Santiago  Philippines
2025-06-20T18:21:51.365Z,5.74,126.1967,132.625,4.4,63 km ESE of Mangili  Philippines
2025-06-20T21:00:23.197Z,6.7077,126.7647,167.281,4.2,50 km SE of Lukatan  Philippines
2025-06-22T08:39:35.299Z,9.1229,126.9743,10,4.3,77 km ENE of Aras-asan  Philippines
2025-06-22T22:24:38.497Z,9.2761,126.7381,35,4.4,60 km E of Cortes  Philippines
2025-06-22T23:34:27.533Z,6.2483,126.4764,83.347,4.6,35 km ESE of Pondaguitan  Philippines
2025-06-24T05:40:01.540Z,2.9959,128.2359,62.029,4.2,142 km N of Tobelo  Indonesia
2025-06-24T06:24:33.474Z,4.4147,126.7057,58.242,5,175 km SE of Sarangani  Philippines
2025-06-24T13:19:40.727Z,1.7437,126.5864,49.919,4.1,137 km NW of Ternate  Indonesia
2025-06-24T21:28:52.166Z,7.9049,126.5621,86.065,4.3,16 km SE of Santa Maria  Philippines
2025-06-25T07:31:08.253Z,2.5343,126.1039,63.607,4.4,162 km NE of Bitung  Indonesia
2025-06-26T12:50:15.838Z,4.9874,124.3648,10,4.8,112 km SSW of Katubao  Philippines
2025-06-26T19:24:09.404Z,6.3683,126.3743,95.618,4.5,21 km E of Pondaguitan  Philippines
2025-06-27T23:07:10.371Z,5.2888,126.0425,99.77,6,65 km E of Sarangani  Philippines
2025-06-27T23:41:43.694Z,5.4211,126.0271,83.491,4.9,62 km E of Sarangani  Philippines
2025-06-28T01:00:40.931Z,5.2202,125.7988,106.609,4.3,42 km ESE of Sarangani  Philippines
2025-06-28T08:28:33.675Z,8.8826,126.3296,85.642,4.3,2 km ESE of Aras-asan  Philippines
2025-06-28T09:29:26.220Z,5.2421,125.8164,109.727,4.1,42 km ESE of Sarangani  Philippines
2025-06-28T11:50:18.313Z,2.4082,127.1374,88.741,4.5,122 km NW of Tobelo  Indonesia
2025-06-28T12:40:43.625Z,2.7565,127.3287,53.159,5.3,136 km NNW of Tobelo  Indonesia
2025-06-29T04:22:00.260Z,7.6899,127.7952,10,4.4,136 km E of Baculin  Philippines
2025-06-30T05:34:23.819Z,2.0506,126.7202,53.748,4.7,147 km WNW of Tobelo  Indonesia
2025-07-01T17:22:41.448Z,4.5463,125.8157,165.912,4.3,102 km SSE of Sarangani  Philippines
2025-07-02T10:53:18.047Z,2.5161,126.9979,57.908,4.2,142 km NW of Tobelo  Indonesia
2025-07-03T23:50:46.164Z,8.5987,126.4932,90.97,4.1,28 km ENE of Gamut  Philippines
2025-07-04T02:33:57.625Z,5.2524,126.2661,87.126,4.3,90 km E of Sarangani  Philippines
2025-07-04T14:24:26.448Z,5.8593,126.4704,118.35,4.8,64 km SSE of Pondaguitan  Philippines
2025-07-05T22:54:32.587Z,2.0474,125.3293,135.403,4,70 km NNE of Bitung  Indonesia
2025-07-06T00:52:54.739Z,5.3262,125.9846,100.462,4.3,58 km E of Sarangani  Philippines
2025-07-06T13:08:55.204Z,3.507,122.9115,546.35,4.3,Celebes Sea
2025-07-07T01:14:35.426Z,6.0971,126.1802,145.952,4.4,29 km S of Pondaguitan  Philippines
2025-07-07T13:32:58.325Z,1.5747,126.5589,35,4.1,126 km NW of Ternate  Indonesia
2025-07-08T16:10:07.968Z,6.0067,126.146,150.653,4.4,39 km S of Pondaguitan  Philippines
2025-07-09T12:21:01.005Z,2.6308,127.2557,84.922,4.3,130 km NW of Tobelo  Indonesia
2025-07-09T22:03:03.989Z,3.444,126.4908,75.033,4.4,244 km SSE of Sarangani  Philippines
2025-07-10T12:26:30.150Z,2.6947,128.4941,220.634,4.4,119 km NNE of Tobelo  Indonesia
2025-07-11T03:14:35.263Z,9.0119,127.5474,10,4.3,136 km E of Aras-asan  Philippines
2025-07-11T12:54:21.340Z,4.937,127.879,10,4.3,245 km SE of Pondaguitan  Philippines
2025-07-13T17:08:33.932Z,7.1206,127.3934,31.808,5.1,92 km ESE of Santiago  Philippines
2025-07-14T23:23:56.875Z,5.1156,125.3731,181.628,4.3,33 km SSW of Sarangani  Philippines
2025-07-15T04:09:19.395Z,4.1895,126.5775,35,4.5,182 km SE of Sarangani  Philippines
2025-07-15T23:23:21.500Z,3.1981,127.0838,35,4.4,192 km NNW of Tobelo  Indonesia
2025-07-18T03:43:15.066Z,4.5776,125.015,10,4.5,103 km SSW of Sarangani  Philippines
2025-07-18T13:10:10.569Z,6.3234,126.8352,114.979,4.4,72 km E of Pondaguitan  Philippines
2025-07-18T17:14:05.442Z,2.1265,126.699,50.669,4.7,152 km WNW of Tobelo  Indonesia
2025-07-19T16:25:20.575Z,8.1924,127.5937,10,5.4,127 km ENE of Kinablangan  Philippines
2025-07-20T00:29:16.550Z,8.2335,127.5108,10,4.7,118 km E of Barcelona  Philippines
2025-07-20T09:04:59.478Z,2.1834,126.7417,46.517,4.6,149 km WNW of Tobelo  Indonesia
2025-07-20T16:40:57.597Z,9.169,126.2239,67.09,4.8,6 km ESE of Mabahin  Philippines
2025-07-22T06:03:22.591Z,2.8461,128.5351,10,4.4,136 km NNE of Tobelo  Indonesia
2025-07-22T17:23:57.203Z,7.6469,127.1659,10,4.8,67 km E of Baganga  Philippines
2025-07-22T22:49:24.225Z,9.4274,126.5176,35,4.4,39 km ENE of Cortes  Philippines
2025-07-23T04:02:19.839Z,8.1346,126.1909,10,4.7,11 km NNE of Santa Maria  Philippines
2025-07-23T10:21:33.412Z,6.4428,126.0354,135.093,4.5,8 km WSW of Tiblawan  Philippines
2025-07-23T10:53:52.847Z,3.9851,125.0875,8.304,4.5,162 km SSW of Sarangani  Philippines
2025-07-25T04:23:54.331Z,5.7949,126.383,104.85,4.4,66 km SSE of Pondaguitan  Philippines
2025-07-25T05:56:33.696Z,8.9885,126.2206,69.615,4.8,3 km SSW of Tago  Philippines
2025-07-25T21:29:58.920Z,2.0241,126.873,80,5.8,130 km WNW of Tobelo  Indonesia
2025-07-25T22:55:41.483Z,2.0269,126.8751,88.157,4.8,130 km WNW of Tobelo  Indonesia
2025-07-26T19:27:26.462Z,3.0339,128.068,73.673,4,144 km N of Tobelo  Indonesia
2025-07-27T07:02:25.848Z,3.0275,126.9067,10,4.2,188 km NW of Tobelo  Indonesia
2025-07-29T21:59:47.098Z,7.4423,126.5296,103.392,4.5,2 km W of San Luis  Philippines
2025-07-30T21:06:29.325Z,3.7252,127.3883,47.66,4.2,231 km NNW of Tobelo  Indonesia
2025-08-01T15:43:53.460Z,2.9503,126.4907,72.855,4.2,216 km NW of Tobelo  Indonesia
2025-08-01T17:50:25.402Z,3.5115,126.6778,43.232,4.5,246 km NW of Tobelo  Indonesia
2025-08-02T07:27:11.810Z,9.0513,126.2212,10,4.3,3 km NNW of Tago  Philippines
2025-08-02T07:31:40.738Z,9.1689,126.7853,9.868,4.7,60 km ENE of Bacolod  Philippines
2025-08-02T07:32:00.739Z,3.2525,126.2225,50.714,4.5,234 km NNE of Bitung  Indonesia
2025-08-02T15:20:03.774Z,2.7733,128.3501,237.054,4,121 km NNE of Tobelo  Indonesia
2025-08-03T06:28:32.770Z,3.4403,126.5724,52.284,4.1,247 km NW of Tobelo  Indonesia
2025-08-03T07:57:54.859Z,4.1014,126.4683,59.115,4.3,182 km SE of Sarangani  Philippines
2025-08-07T03:47:04.736Z,4.2141,126.6853,50.309,4.5,188 km SE of Sarangani  Philippines
2025-08-08T12:22:13.517Z,1.7903,127.1031,108.684,5,101 km W of Tobelo  Indonesia
2025-08-08T18:55:17.341Z,3.45,122.7234,540.502,4.2,299 km SSE of Tabiauan  Philippines
2025-08-09T11:33:05.494Z,6.1475,126.6036,97.714,5.1,52 km ESE of Pondaguitan  Philippines
2025-08-09T21:18:01.142Z,5.3735,125.2204,59.025,4.4,26 km SW of Balangonan  Philippines
2025-08-12T01:23:28.952Z,7.1702,124.7791,10,4.1,4 km SSW of Carmen  Philippines
2025-08-12T05:08:31.126Z,5.5785,126.1455,137.859,5.3,67 km SE of Caburan  Philippines
2025-08-13T09:24:31.371Z,2.8757,128.5329,240.44,4.2,139 km NNE of Tobelo  Indonesia
2025-08-13T15:09:25.174Z,5.1535,126.3407,87.097,4.1,101 km ESE of Sarangani  Philippines
2025-08-13T17:05:46.190Z,5.7732,125.7873,106.324,4.4,22 km SE of Caburan  Philippines
2025-08-14T08:34:04.212Z,8.9868,123.9738,545.444,4.1,40 km ESE of Lazi  Philippines
2025-08-15T14:22:56.975Z,7.8181,127.0853,25.599,4.4,60 km ENE of Kinablangan  Philippines
2025-08-17T07:58:32.898Z,2.0049,126.9327,29.138,4.6,123 km WNW of Tobelo  Indonesia
2025-08-17T15:03:12.628Z,2.1675,127.1307,20.1,5.5,109 km WNW of Tobelo  Indonesia
2025-08-17T15:31:19.979Z,2.0781,127.0014,33.991,5,118 km WNW of Tobelo  Indonesia
2025-08-17T23:12:32.990Z,2.4729,126.9288,57.806,4.2,145 km NW of Tobelo  Indonesia
2025-08-18T04:44:24.344Z,2.7019,127.1005,81.019,4.5,147 km NW of Tobelo  Indonesia
2025-08-18T08:30:49.468Z,3.1627,124.4304,321.44,4.5,191 km NNW of Manado  Indonesia
2025-08-20T21:32:01.737Z,5.9983,125.9874,152.424,4.2,33 km ESE of Lamitan  Philippines
2025-08-21T00:43:36.116Z,9.1609,122.607,10,4.5,27 km S of Basay  Philippines
2025-08-22T02:17:37.283Z,6.131,126.5569,87.865,4.3,49 km ESE of Pondaguitan  Philippines
2025-08-22T07:08:20.578Z,7.4498,126.5118,143.421,4.8,4 km WNW of San Luis  Philippines
2025-08-23T16:40:03.664Z,7.3262,126.6329,136.737,4.1,7 km E of Caraga  Philippines
2025-08-25T19:18:24.036Z,5.3031,127.0477,126.766,4.8,151 km SE of Pondaguitan  Philippines
2025-08-26T01:44:50.582Z,2.5185,128.1702,197.71,4.8,89 km NNE of Tobelo  Indonesia
2025-08-26T10:11:07.684Z,2.5504,128.1961,136.215,4.7,93 km NNE of Tobelo  Indonesia
2025-08-26T19:45:47.012Z,8.6228,126.3529,74.651,4.8,15 km NE of Gamut  Philippines
2025-08-28T17:36:43.617Z,5.4512,128.0449,10,4.5,229 km ESE of Pondaguitan  Philippines
2025-08-29T13:30:01.377Z,6.5568,126.4848,77.178,4.4,37 km SSE of Tamisan  Philippines
2025-08-29T18:42:09.043Z,3.7264,128.5381,60.52,4.5,228 km NNE of Tobelo  Indonesia
2025-08-30T21:21:20.668Z,4.1563,126.7115,38.154,4.2,195 km SE of Sarangani  Philippines
2025-08-31T00:30:17.300Z,2.0449,126.6728,35,4.6,152 km WNW of Tobelo  Indonesia
2025-08-31T02:58:55.463Z,1.3956,126.3696,61.264,4.1,131 km WNW of Ternate  Indonesia
2025-08-31T07:18:46.294Z,1.8687,124.6424,215.937,4.1,48 km NNW of Manado  Indonesia
2025-08-31T07:49:53.171Z,7.3003,123.4816,10,4.9,17 km SSE of Malim  Philippines
2025-09-01T11:56:20.831Z,2.0052,127.1018,49.412,4.4,105 km WNW of Tobelo  Indonesia
2025-09-01T21:27:46.739Z,2.3547,127.2403,104.912,4.3,110 km NW of Tobelo  Indonesia
2025-09-02T08:41:51.202Z,1.5904,123.9628,298.53,4.2,98 km WNW of Tomohon  Indonesia
2025-09-03T19:55:37.603Z,9.9483,125.767,63.711,4.4,11 km ENE of Cagdianao  Philippines
2025-09-03T22:45:45.860Z,9.6436,126.3902,35,5,33 km ESE of Union  Philippines
2025-09-03T23:04:25.454Z,9.6784,126.2416,32.153,4.5,16 km ESE of Union  Philippines
2025-09-04T01:01:49.984Z,2.9189,125.8797,131.199,4.6,183 km NNE of Bitung  Indonesia
2025-09-05T11:02:27.891Z,1.8304,122.8927,434.959,4,144 km N of Gorontalo  Indonesia
2025-09-07T07:29:07.651Z,9.2452,126.908,10,5.1,76 km ENE of Bacolod  Philippines
2025-09-07T15:36:27.893Z,3.5477,126.7457,46.704,4.5,245 km NW of Tobelo  Indonesia
2025-09-08T12:51:26.407Z,5.747,125.9377,162.82,4.6,37 km ESE of Caburan  Philippines
2025-09-08T18:22:58.267Z,4.8929,123.0324,573.765,4.2,178 km SE of Tabiauan  Philippines
2025-09-08T18:52:10.347Z,9.9133,125.5075,143.517,5.3,10 km WSW of Dinagat  Philippines
2025-09-08T22:49:07.269Z,4.0528,127.934,69.783,4.6,257 km N of Tobelo  Indonesia
2025-09-10T19:22:09.529Z,2.8177,127.1504,45.667,4.4,153 km NW of Tobelo  Indonesia
2025-09-13T02:41:59.707Z,5.9005,126.9658,105.097,4.2,101 km ESE of Pondaguitan  Philippines
2025-09-13T16:08:26.844Z,5.1756,123.1806,561.143,4.8,159 km SW of Palimbang  Philippines
2025-09-16T07:58:02.321Z,3.43,126.0536,69.487,4.4,227 km SSE of Sarangani  Philippines
2025-09-17T05:15:16.233Z,3.3885,122.8022,536.715,4.3,Celebes Sea
2025-09-17T08:43:18.203Z,6.8252,127.2307,10,4.3,87 km ESE of Manay  Philippines
2025-09-17T18:12:01.901Z,7.805,126.5145,93.398,4.4,6 km ENE of Cateel  Philippines
2025-09-17T22:51:38.523Z,5.1722,126.3259,26.556,4,98 km ESE of Sarangani  Philippines
2025-09-18T03:47:33.242Z,4.2665,127.6824,129.988,4.7,276 km ESE of Sarangani  Philippines
2025-09-18T12:41:03.966Z,6.2524,124.2698,500.392,4.3,10 km ENE of Palimbang  Philippines
2025-09-18T12:48:55.449Z,1.6163,126.5285,32.622,4.6,131 km NW of Ternate  Indonesia
2025-09-18T15:25:04.596Z,8.0552,126.9205,49.894,4.5,52 km E of Santa Maria  Philippines
2025-09-18T17:08:47.760Z,1.6693,126.5186,40.741,4.5,136 km NW of Ternate  Indonesia
2025-09-18T19:35:22.098Z,2.624,127.2715,49.74,4.5,128 km NW of Tobelo  Indonesia
2025-09-20T02:39:48.066Z,3.7501,126.8317,35.171,4.8,237 km SE of Sarangani  Philippines
2025-09-20T05:32:16.552Z,6.3868,126.5214,10,4.3,38 km E of Pondaguitan  Philippines
2025-09-20T18:54:34.948Z,4.8731,124.1091,452.335,4.3,135 km SSW of Tambilil  Philippines
2025-09-22T02:11:17.539Z,7.7691,122.019,10,4.6,14 km WNW of Siocon  Philippines
2025-09-22T03:16:57.278Z,1.5145,124.9711,177.068,4,2 km N of Laikit  Laikit II (Dimembe)  Indonesia
2025-09-23T15:57:20.574Z,4.8281,127.6918,86.71,4.3,238 km SE of Pondaguitan  Philippines
2025-09-23T22:03:50.873Z,3.8907,127.1954,42.911,4.5,254 km SE of Sarangani  Philippines
2025-09-23T23:27:46.521Z,2.2862,126.7398,51.257,4.4,154 km WNW of Tobelo  Indonesia
2025-09-25T02:27:57.244Z,9.605,126.1838,10,4.7,18 km SSE of Union  Philippines
2025-09-26T21:56:37.928Z,6.7129,123.6853,605.561,4.1,38 km WSW of Gadung  Philippines
2025-09-26T22:44:15.019Z,1.8281,125.0723,193.777,4.3,39 km NNE of Laikit  Laikit II (Dimembe)  Indonesia
2025-09-29T03:00:14.931Z,5.936,125.905,120.417,4.6,25 km ESE of Mangili  Philippines
2025-10-03T16:24:10.943Z,1.9937,126.618,46.143,4.6,157 km W of Tobelo  Indonesia
2025-10-03T23:02:44.336Z,9.2951,126.4547,39.783,4.6,29 km E of Cortes  Philippines
2025-10-04T18:01:45.413Z,9.2996,125.3861,10,4.5,15 km WSW of Jabonga  Philippines
2025-10-05T10:30:06.652Z,3.5734,127.9185,143.192,4.7,204 km N of Tobelo  Indonesia
2025-10-05T17:23:38.742Z,4.6048,125.008,10,4.9,101 km SSW of Sarangani  Philippines
2025-10-05T21:50:10.487Z,2.1987,127.078,57.06,4.8,115 km WNW of Tobelo  Indonesia
2025-10-06T05:56:01.651Z,6.0445,123.6804,556.761,4.3,59 km WSW of Palimbang  Philippines
2025-10-06T23:58:12.151Z,3.3731,127.3749,35.616,4.7,195 km NNW of Tobelo  Indonesia
2025-10-07T04:14:03.511Z,5.5018,126.3808,94.639,4.9,93 km ESE of Caburan  Philippines
2025-10-08T06:39:03.209Z,5.0984,123.5765,569.866,4.3,140 km SSW of Palimbang  Philippines
2025-10-10T01:43:59.585Z,7.2866,126.6902,59.425,7.4,12 km E of Santiago  Philippines
2025-10-10T01:49:46.916Z,6.9709,126.7077,81.914,5.3,29 km SE of San Ignacio  Philippines
2025-10-10T01:50:38.743Z,7.2686,126.7211,68.117,5.3,16 km E of Santiago  Philippines
2025-10-10T01:51:15.525Z,7.0654,126.8348,63.43,5.9,36 km ESE of Manay  Philippines
2025-10-10T02:00:51.063Z,7.0236,126.7129,86.703,4.5,26 km ESE of San Ignacio  Philippines
2025-10-10T02:09:18.271Z,6.9385,126.922,71.363,4.6,51 km ESE of San Ignacio  Philippines
2025-10-10T02:11:27.315Z,7.1728,126.9407,58.939,4.8,42 km ESE of Santiago  Philippines
2025-10-10T02:11:45.318Z,7.0145,126.7102,67.847,5.6,27 km ESE of San Ignacio  Philippines
2025-10-10T02:15:27.515Z,7.3879,126.8149,71.064,4.9,26 km ESE of Baculin  Philippines
2025-10-10T02:27:56.532Z,6.9417,127.0141,33.488,4.3,60 km ESE of Manay  Philippines
2025-10-10T02:34:02.306Z,7.088,126.5977,91.061,4.6,12 km ESE of San Ignacio  Philippines
2025-10-10T02:42:52.832Z,7.1966,126.6411,96.18,4.4,11 km E of Manay  Philippines
2025-10-10T03:10:15.456Z,6.9211,127.1224,35,4.9,72 km ESE of Manay  Philippines
2025-10-10T03:17:12.028Z,7.0448,126.811,89.635,4.8,35 km ESE of Manay  Philippines
2025-10-10T03:23:06.380Z,7.1713,126.8099,81.491,4.9,29 km ESE of Santiago  Philippines
2025-10-10T03:32:16.463Z,7.073,126.8243,72.22,5.5,35 km ESE of Manay  Philippines
2025-10-10T03:53:53.436Z,7.3,126.8057,61.538,4.8,25 km E of Santiago  Philippines
2025-10-10T04:02:49.507Z,7.1631,127.1404,54.048,4.4,64 km ESE of Santiago  Philippines
2025-10-10T04:04:19.431Z,7.1823,127.0935,59.256,4.4,58 km ESE of Santiago  Philippines
2025-10-10T04:18:19.764Z,6.6892,126.6242,101.687,4.4,38 km ESE of Bobon  Philippines
2025-10-10T04:46:34.300Z,7.0282,126.8129,86.178,4.5,36 km SE of Manay  Philippines
2025-10-10T05:01:17.217Z,7.1303,127.2153,10,4.4,73 km ESE of Santiago  Philippines
2025-10-10T05:14:35.422Z,7.4839,127.4446,10,4.3,95 km E of Baculin  Philippines
2025-10-10T05:26:37.293Z,7.4663,127.078,10,4.2,54 km E of Baculin  Philippines
2025-10-10T05:47:45.974Z,6.8257,127.1219,58.864,5.2,77 km ESE of San Ignacio  Philippines
2025-10-10T05:48:55.559Z,6.8332,126.9556,73.342,5.1,60 km ESE of San Ignacio  Philippines
2025-10-10T06:00:09.046Z,7.1636,127.2666,10,4.3,77 km E of Santiago  Philippines
2025-10-10T06:06:23.913Z,7.18,126.9502,66.934,4.9,43 km ESE of Santiago  Philippines
2025-10-10T06:32:25.036Z,6.9117,126.7893,72.923,4.9,40 km SE of San Ignacio  Philippines
2025-10-10T06:54:26.933Z,7.2411,127.0451,16.617,4.3,52 km E of Santiago  Philippines
2025-10-10T07:16:01.490Z,7.1583,127.0591,57.386,4.7,55 km ESE of Santiago  Philippines
2025-10-10T07:24:10.705Z,7.0926,126.901,62.976,5.2,42 km ESE of Manay  Philippines
2025-10-10T07:31:18.082Z,6.9145,127.3214,10,4.4,92 km ESE of Santiago  Philippines
2025-10-10T07:33:50.984Z,7.1976,127.2703,10,4.4,77 km E of Santiago  Philippines
2025-10-10T07:38:43.854Z,7.0967,126.9094,69.917,4.8,42 km ESE of Santiago  Philippines
2025-10-10T08:37:52.098Z,6.9334,126.7674,70.003,4.3,37 km ESE of San Ignacio  Philippines
2025-10-10T08:39:27.267Z,7.2537,126.7561,83.196,4.5,20 km E of Santiago  Philippines
2025-10-10T09:06:42.920Z,7.2614,126.9935,77.33,4.9,46 km E of Santiago  Philippines
2025-10-10T09:33:22.970Z,7.1034,126.8568,74.471,4.2,37 km ESE of Manay  Philippines
2025-10-10T09:37:23.450Z,7.2611,126.8583,85.434,4.3,31 km E of Santiago  Philippines
2025-10-10T09:43:31.962Z,7.0462,126.9375,62.913,5.2,47 km ESE of Manay  Philippines
2025-10-10T10:01:02.246Z,7.234,127.0011,64.971,5.1,47 km E of Santiago  Philippines
2025-10-10T10:16:55.200Z,7.159,126.739,79.427,4.3,22 km ESE of Manay  Philippines
2025-10-10T10:20:32.735Z,7.147,126.8402,64.234,5,33 km ESE of Santiago  Philippines
2025-10-10T11:00:28.713Z,7.2233,127.4282,10,4.5,94 km E of Santiago  Philippines
2025-10-10T11:08:43.812Z,7.4288,127.2696,10,4.5,75 km E of Baculin  Philippines
2025-10-10T11:10:02.010Z,7.5619,127.1136,10,4.4,59 km ENE of Baculin  Philippines
2025-10-10T11:12:05.407Z,7.2127,126.6578,47,6.7,12 km SE of Santiago  Philippines
2025-10-10T11:47:34.926Z,7.3002,127.1685,10,4.8,65 km E of Santiago  Philippines
2025-10-10T12:01:09.710Z,7.3513,127.4086,10,4.9,91 km E of Baculin  Philippines
2025-10-10T12:36:22.999Z,7.3364,127.0845,10,4.9,56 km E of Santiago  Philippines
2025-10-10T12:39:36.293Z,7.1131,126.906,22.612,4.3,41 km ESE of Santiago  Philippines
2025-10-10T12:48:38.392Z,7.3014,126.7542,95.82,4.3,20 km E of Santiago  Philippines
2025-10-10T12:49:38.214Z,7.0351,127.1939,10,5.1,74 km ESE of Santiago  Philippines
2025-10-10T12:53:36.958Z,7.6197,127.1421,10,4.4,64 km ENE of Baculin  Philippines
2025-10-10T13:03:58.243Z,7.4316,127.1295,10,4.9,60 km E of Baculin  Philippines
2025-10-10T13:13:21.509Z,7.3616,127.4039,10,4.3,91 km E of Baculin  Philippines
2025-10-10T13:13:32.530Z,7.3532,127.2542,10,4.9,74 km E of Baculin  Philippines
2025-10-10T14:55:19.378Z,7.3415,127.3826,10,4.5,88 km E of Baculin  Philippines
2025-10-10T16:10:33.949Z,3.7923,126.6283,52.392,4.5,220 km SE of Sarangani  Philippines
2025-10-10T16:30:46.078Z,7.378,126.6698,66.115,4.6,12 km ENE of Caraga  Philippines
2025-10-10T17:24:35.132Z,6.8464,127.1456,28.659,4.6,78 km ESE of Manay  Philippines
2025-10-10T18:15:21.919Z,7.033,126.8861,59.313,4.7,43 km ESE of Manay  Philippines
2025-10-10T18:17:56.821Z,7.0629,126.8262,68.937,4.6,35 km ESE of Manay  Philippines
2025-10-10T18:22:23.069Z,7.3345,126.9573,80.329,4.5,42 km E of Santiago  Philippines
2025-10-10T18:58:08.125Z,7.2316,127.2814,17.369,4.6,78 km E of Santiago  Philippines
2025-10-10T18:59:47.822Z,7.1992,127.0043,37.992,4.4,48 km ESE of Santiago  Philippines
2025-10-10T19:06:41.710Z,7.3264,127.3499,15.686,4.5,85 km E of Baculin  Philippines
2025-10-10T19:37:02.593Z,6.8808,126.9341,60.081,4.6,55 km ESE of San Ignacio  Philippines
2025-10-10T20:40:13.545Z,7.1416,127.2749,12.944,4.8,79 km ESE of Santiago  Philippines
2025-10-10T21:11:52.383Z,7.3875,127.4028,10,4.1,90 km E of Baculin  Philippines
2025-10-10T22:20:47.659Z,7.3896,127.0323,10,5,49 km E of Baculin  Philippines
2025-10-10T22:35:06.397Z,6.5928,127.2854,10,4.5,105 km ESE of Jovellar  Philippines
2025-10-10T23:48:59.414Z,6.9068,126.7658,71.956,4.2,38 km ESE of Jovellar  Philippines
2025-10-11T00:47:58.962Z,6.8723,127.3013,10,4.1,92 km ESE of Manay  Philippines
2025-10-11T01:16:35.152Z,6.9645,126.8824,65.492,4.7,46 km ESE of San Ignacio  Philippines
2025-10-11T03:28:17.356Z,7.3415,127.3082,10,4.6,80 km E of Baculin  Philippines
2025-10-11T03:32:20.030Z,7.41,127.2551,10,4.3,74 km E of Baculin  Philippines
2025-10-11T03:35:24.224Z,7.128,126.8718,35,4.5,37 km ESE of Santiago  Philippines
2025-10-11T05:25:22.147Z,7.2402,126.7416,77.805,4.2,19 km ESE of Santiago  Philippines
2025-10-11T07:02:34.774Z,7.1153,126.9212,60.928,4.6,42 km ESE of Santiago  Philippines
2025-10-11T10:27:20.842Z,7.2849,126.8271,31,5.5,28 km E of Santiago  Philippines
2025-10-11T11:51:49.038Z,7.1849,126.7605,82.936,4.3,23 km ESE of Santiago  Philippines
2025-10-11T11:54:44.683Z,6.8895,126.5782,104.756,4.1,21 km SE of Lukatan  Philippines
2025-10-11T12:15:55.901Z,7.4181,127.2014,12.696,4.2,68 km E of Baculin  Philippines
2025-10-11T12:16:16.528Z,7.2137,127.1816,10,4.2,67 km E of Santiago  Philippines
2025-10-11T12:41:22.181Z,6.9436,127.1134,10,4.2,70 km ESE of Manay  Philippines
2025-10-11T12:47:44.213Z,6.8587,127.0432,56.7,4.5,67 km ESE of San Ignacio  Philippines
2025-10-11T14:32:59.312Z,8.9231,126.323,67.657,6,3 km ESE of Bacolod  Philippines
2025-10-11T17:02:46.758Z,7.124,127.1868,13.591,4.5,70 km ESE of Santiago  Philippines
2025-10-11T19:28:28.625Z,7.6895,126.9736,35,4.9,46 km E of Kinablangan  Philippines
2025-10-11T21:03:09.369Z,7.3731,127.2483,10,4.2,73 km E of Baculin  Philippines
2025-10-11T21:03:54.803Z,7.371,126.8364,42.3,4.3,29 km ESE of Baculin  Philippines
2025-10-11T21:04:46.692Z,7.204,126.7151,73.404,4.5,18 km ESE of Santiago  Philippines
2025-10-11T23:04:37.929Z,3.9343,126.68,43.357,4.4,211 km SE of Sarangani  Philippines
2025-10-12T01:25:33.732Z,7.1788,127.0606,28.985,4.6,55 km ESE of Santiago  Philippines
2025-10-12T06:56:38.400Z,8.8689,127.1454,10,4.7,91 km E of Aras-asan  Philippines
2025-10-12T08:27:06.157Z,7.1339,127.3887,10,4.2,91 km E of Santiago  Philippines
2025-10-12T09:44:27.016Z,8.4486,126.9203,35,4.4,62 km ENE of Barcelona  Philippines
2025-10-12T10:23:59.902Z,1.5579,126.9336,105.685,4.5,98 km NNW of Ternate  Indonesia
2025-10-12T11:54:32.988Z,5.6924,124.2808,35,4.3,45 km SSW of Maitum  Philippines
2025-10-12T14:43:19.127Z,7.2409,126.7015,74.077,4.6,15 km ESE of Santiago  Philippines
2025-10-12T17:37:53.001Z,7.2969,127.3462,10,4.5,85 km E of Santiago  Philippines
2025-10-13T12:24:55.630Z,7.0621,126.8812,66.09,4.5,41 km ESE of Manay  Philippines
2025-10-13T17:08:17.450Z,7.2329,127.01,10.829,4.2,48 km E of Santiago  Philippines
2025-10-13T23:45:01.251Z,7.0685,127.232,10,4,76 km ESE of Santiago  Philippines
2025-10-14T02:00:11.014Z,7.3744,127.0611,35,5.5,53 km E of Baculin  Philippines
2025-10-14T02:06:17.240Z,7.4132,126.9917,38.697,4.4,45 km E of Baculin  Philippines
2025-10-14T02:07:22.867Z,7.6715,127.1779,35,4.4,69 km E of Baganga  Philippines
2025-10-14T02:09:53.966Z,7.4907,127.1824,10,4,66 km E of Baculin  Philippines
2025-10-14T02:20:01.833Z,7.2661,126.9284,77.954,4.7,39 km E of Santiago  Philippines
2025-10-14T02:39:06.158Z,7.3945,126.8399,56.684,4.9,28 km ESE of Baculin  Philippines
2025-10-14T02:51:27.381Z,7.2347,126.8781,75.993,4.4,34 km E of Santiago  Philippines
2025-10-14T04:06:45.950Z,7.274,127.3608,10,4.3,86 km E of Santiago  Philippines
2025-10-14T08:58:36.282Z,7.125,126.912,65.025,4.6,41 km ESE of Santiago  Philippines
2025-10-14T10:12:59.926Z,5.7336,126.925,140.346,4.5,107 km SE of Pondaguitan  Philippines
2025-10-14T16:01:02.468Z,7.2744,126.6818,91.737,4.5,12 km E of Santiago  Philippines
2025-10-14T16:18:15.722Z,7.3146,126.873,50.518,4.5,33 km E of Santiago  Philippines
2025-10-14T17:23:56.003Z,7.4914,127.2912,10,4.9,78 km E of Baculin  Philippines
2025-10-14T18:17:16.188Z,7.3537,127.0636,48.251,4.8,54 km ESE of Baculin  Philippines
2025-10-14T18:18:52.631Z,7.1301,127.4999,56.38,4.1,103 km E of Santiago  Philippines
2025-10-14T18:50:16.353Z,7.1993,127.1256,17.436,4.4,61 km E of Santiago  Philippines
2025-10-14T19:26:13.650Z,7.5507,127.2877,10,4.8,78 km E of Baculin  Philippines
2025-10-15T07:44:54.444Z,7.1771,127.1755,10,4.9,67 km E of Santiago  Philippines
2025-10-15T10:58:00.978Z,7.5345,126.8509,52.418,4.4,30 km ENE of Baculin  Philippines
2025-10-15T21:32:53.457Z,6.2464,125.6335,156.375,4.2,4 km WSW of Talagutong  Philippines
2025-10-15T21:39:49.225Z,3.3517,126.8606,35,4.1,220 km NW of Tobelo  Indonesia
2025-10-15T23:32:47.615Z,5.1172,125.3592,46.561,4.8,33 km SSW of Sarangani  Philippines
2025-10-15T23:36:13.686Z,7.3874,126.8234,75.105,4.2,27 km ESE of Baculin  Philippines
2025-10-15T23:46:33.614Z,6.9034,126.9331,71.575,4.4,54 km ESE of San Ignacio  Philippines
2025-10-16T09:31:04.331Z,5.4538,126.0067,93.582,4.7,60 km E of Sarangani  Philippines
2025-10-16T22:11:03.168Z,6.8359,127.192,12.258,4.8,83 km ESE of Manay  Philippines
2025-10-16T23:03:12.673Z,9.7909,126.1163,32,6,3 km N of Union  Philippines
2025-10-16T23:14:15.205Z,9.8202,126.0977,32.396,4.5,4 km S of Pilar  Philippines
2025-10-16T23:18:01.858Z,9.7251,126.2551,43.253,4.6,16 km ESE of Union  Philippines
2025-10-16T23:20:23.328Z,9.6582,126.1559,17.182,4.5,11 km SSE of Union  Philippines
2025-10-16T23:39:16.596Z,9.8057,126.1921,37.473,4.5,10 km ENE of Union  Philippines
2025-10-16T23:57:40.023Z,9.7295,126.1711,57.815,4.8,7 km ESE of Union  Philippines
2025-10-17T08:46:32.478Z,1.857,127.3892,127.143,4.6,70 km WNW of Tobelo  Indonesia
2025-10-17T10:16:52.041Z,7.1737,127.2136,10,4.7,71 km E of Santiago  Philippines
2025-10-18T05:26:36.542Z,6.7107,126.8745,85.27,4.7,60 km ESE of Lukatan  Philippines
2025-10-18T10:28:29.288Z,7.4211,126.6735,72.946,4.2,10 km ESE of Baculin  Philippines
2025-10-18T12:31:31.933Z,8.883,126.4567,55.726,5.4,16 km E of Aras-asan  Philippines
2025-10-18T18:34:59.603Z,7.4752,126.9216,10.344,4.6,37 km E of Baculin  Philippines
2025-10-19T01:34:50.816Z,6.9889,127.2611,10,5.1,82 km ESE of Santiago  Philippines
2025-10-19T07:28:19.118Z,6.4896,126.7054,194.346,5,59 km SE of Bobon  Philippines
2025-10-19T07:57:30.680Z,8.4317,126.0015,10,4.5,2 km ENE of Lapinigan  Philippines
2025-10-19T15:05:26.592Z,8.8684,126.7666,46.24,4.5,50 km E of Aras-asan  Philippines
2025-10-19T15:37:21.112Z,1.2937,125.8387,64.581,4.7,80 km ESE of Bitung  Indonesia
2025-10-20T01:38:24.765Z,1.7856,127.0794,74.992,4.6,103 km W of Tobelo  Indonesia
2025-10-20T11:35:50.891Z,6.9992,127.3725,10,5.8,93 km ESE of Santiago  Philippines
2025-10-20T15:47:46.793Z,6.9321,127.2205,19.781,4.4,81 km ESE of Manay  Philippines
2025-10-21T11:27:59.208Z,4.032,122.8975,556.158,4.5,247 km SSE of Tabiauan  Philippines
2025-10-21T13:06:16.240Z,1.7217,127.2828,113.135,4.4,80 km W of Tobelo  Indonesia
2025-10-22T06:09:59.157Z,3.4593,125.6907,89.265,4.2,216 km S of Sarangani  Philippines
2025-10-23T21:02:19.698Z,7.4678,127.198,9.23,4.2,67 km E of Baculin  Philippines
2025-10-23T22:14:25.955Z,5.8722,127.1529,30.258,4.7,120 km ESE of Pondaguitan  Philippines
2025-10-24T02:55:14.358Z,6.0455,127.1669,89.782,4.7,114 km ESE of Pondaguitan  Philippines
2025-10-24T04:20:33.576Z,7.5714,127.3594,10,4.6,86 km E of Baculin  Philippines
2025-10-24T04:37:07.056Z,7.3797,126.8108,67.176,4.6,26 km ESE of Baculin  Philippines
2025-10-24T06:24:37.258Z,2.3659,126.7741,65.091,4.4,154 km WNW of Tobelo  Indonesia
2025-10-24T07:44:59.554Z,7.1332,127.5707,10,4.1,111 km E of Santiago  Philippines
2025-10-24T07:53:00.798Z,7.3283,126.698,69.104,4.5,14 km E of Caraga  Philippines
2025-10-24T14:51:12.518Z,7.0563,127.4777,10,4.2,103 km ESE of Santiago  Philippines
2025-10-24T16:05:39.473Z,7.9787,126.6291,65.066,5,20 km E of Santa Maria  Philippines
2025-10-24T20:37:15.402Z,7.0882,127.5859,10,4,114 km ESE of Santiago  Philippines
2025-10-26T00:25:55.991Z,7.0726,126.8975,68.326,5,42 km ESE of Manay  Philippines
2025-10-26T11:57:25.904Z,2.0495,126.6924,61.506,4.1,150 km WNW of Tobelo  Indonesia
2025-10-26T12:22:25.859Z,3.9122,125.921,143.154,4.4,172 km SSE of Sarangani  Philippines
2025-10-26T14:05:51.488Z,5.74,126.9419,103.651,4.7,108 km SE of Pondaguitan  Philippines
2025-10-26T18:45:51.141Z,4.9429,127.4143,134.928,4.4,208 km SE of Pondaguitan  Philippines
2025-10-27T01:08:25.115Z,9.0584,126.4287,46.855,4.5,19 km ENE of La Paz  Philippines
2025-10-27T19:16:53.518Z,1.9802,126.5247,54.48,4.3,162 km NW of Ternate  Indonesia
2025-10-28T06:30:46.965Z,7.4455,127.2613,10,4.3,74 km E of Baculin  Philippines
2025-10-28T23:01:59.498Z,9.0158,126.4141,55.135,4.5,16 km NE of Bacolod  Philippines
2025-10-29T00:09:49.141Z,5.764,123.9188,529.228,4.2,57 km SSW of Palimbang  Philippines
2025-10-29T10:18:56.654Z,2.7456,128.4849,221.602,4.4,124 km NNE of Tobelo  Indonesia
2025-10-29T16:13:22.633Z,2.9239,128.3278,61.183,4.6,136 km NNE of Tobelo  Indonesia
2025-10-29T17:52:18.809Z,3.9946,124.0914,425.338,4.8,217 km SW of Sarangani  Philippines
2025-10-30T20:11:15.012Z,2.5068,125.8306,128.173,4.2,141 km NNE of Bitung  Indonesia
2025-10-31T04:06:28.380Z,4.9352,126.1089,97.282,4.3,88 km SE of Sarangani  Philippines
2025-10-31T20:28:27.783Z,6.2295,127.0704,35,4.6,99 km E of Pondaguitan  Philippines
2025-10-31T20:44:31.676Z,6.2701,127.3451,10,4.9,129 km E of Pondaguitan  Philippines
2025-10-31T20:47:05.977Z,6.2029,126.8673,81.185,4.3,78 km ESE of Pondaguitan  Philippines
2025-10-31T21:21:08.242Z,6.1102,127.2399,35,5,120 km ESE of Pondaguitan  Philippines
2025-10-31T21:27:48.004Z,7.0627,127.1014,10,5.1,63 km ESE of Santiago  Philippines
2025-10-31T21:36:58.628Z,6.4087,127.3969,10,4.1,126 km SE of Tarragona  Philippines
2025-10-31T21:39:35.121Z,6.1045,126.9706,83.176,4.5,92 km ESE of Pondaguitan  Philippines
2025-10-31T22:02:22.540Z,6.2575,127.4141,10,4.4,137 km E of Pondaguitan  Philippines
2025-11-01T00:49:57.274Z,7.5369,126.8287,60.744,4.2,28 km ENE of Baculin  Philippines
2025-11-01T04:03:12.500Z,6.3054,127.2913,10,4.3,123 km ESE of Bobon  Philippines
2025-11-02T06:21:20.548Z,3.5107,126.9742,42.802,4.3,228 km NNW of Tobelo  Indonesia
2025-11-02T09:41:51.494Z,6.3591,127.1905,10,4,110 km ESE of Bobon  Philippines
2025-11-02T11:18:48.491Z,1.6371,123.0396,10,4.6,121 km N of Gorontalo  Indonesia
2025-11-02T12:04:38.174Z,4.5081,125.5362,146.401,4.2,99 km S of Sarangani  Philippines
2025-11-03T04:14:12.537Z,4.9609,125.3608,25.018,4.8,50 km SSW of Sarangani  Philippines
2025-11-03T04:21:25.957Z,4.8116,125.3874,26.7,5.3,65 km S of Sarangani  Philippines
2025-11-03T04:22:50.570Z,5.11,125.2351,10,5.1,41 km SW of Sarangani  Philippines
2025-11-03T06:20:57.627Z,4.7746,125.0585,10,4.6,82 km SSW of Sarangani  Philippines
2025-11-03T06:21:38.990Z,5.0679,125.1958,10,4.8,47 km SW of Sarangani  Philippines
2025-11-04T09:53:59.123Z,5.1217,125.5639,10,4.3,33 km SSE of Sarangani  Philippines
2025-11-04T15:58:26.848Z,1.8189,126.9332,65.997,5.2,120 km W of Tobelo  Indonesia
2025-11-05T16:38:45.120Z,5.0021,125.1803,10,4.7,54 km SW of Sarangani  Philippines
2025-11-06T07:57:07.544Z,7.3684,126.6791,70.245,4.9,13 km ENE of Caraga  Philippines
2025-11-06T12:16:52.725Z,2.4651,126.7563,48.141,4.5,161 km WNW of Tobelo  Indonesia
2025-11-07T02:27:45.186Z,6.0141,126.0262,150.76,4.2,36 km ESE of Lamitan  Philippines
2025-11-08T01:11:30.896Z,2.188,124.5973,238.48,4.5,82 km NNW of Manado  Indonesia
2025-11-09T23:45:50.002Z,8.0041,126.9915,35,4.4,59 km NE of Kinablangan  Philippines
2025-11-11T14:37:41.043Z,7.3417,126.9152,40.139,4.5,38 km E of Santiago  Philippines
2025-11-12T08:40:32.772Z,7.2614,126.6133,83.566,4.2,5 km SE of Santiago  Philippines
2025-11-13T03:31:02.291Z,4.0476,127.8816,122.899,5.1,256 km N of Tobelo  Indonesia
2025-11-13T10:42:11.479Z,7.7288,127.1648,35,4.5,68 km E of Kinablangan  Philippines
2025-11-14T07:57:27.677Z,5.3311,124.7375,15.643,4.3,62 km SSW of Lumatil  Philippines
2025-11-15T05:33:30.479Z,4.0236,126.6366,35,5.3,200 km SE of Sarangani  Philippines
2025-11-16T06:35:39.880Z,6.4774,126.1084,84.568,4.5,0 km S of Tiblawan  Philippines
2025-11-16T08:40:29.686Z,2.6561,128.3261,196.285,4.1,108 km NNE of Tobelo  Indonesia
2025-11-17T03:51:38.405Z,7.1963,127.0669,42.593,4.3,55 km E of Santiago  Philippines
2025-11-17T11:37:33.696Z,7.4751,127.2201,10,4.3,70 km E of Baculin  Philippines
2025-11-18T04:40:04.282Z,6.8018,127.1295,31.637,4.3,79 km ESE of San Ignacio  Philippines
2025-11-18T06:41:03.615Z,3.5889,128.4732,10,4.3,212 km NNE of Tobelo  Indonesia
2025-11-18T15:12:09.318Z,9.6343,126.5531,12.436,4.5,50 km ESE of Union  Philippines
2025-11-19T00:47:25.482Z,3.9968,125.8645,86.404,4.1,161 km SSE of Sarangani  Philippines
2025-11-19T02:01:35.340Z,4.1883,126.6831,46.327,4.2,190 km SE of Sarangani  Philippines
2025-11-19T15:13:42.491Z,4.118,126.796,30.662,4.4,205 km SE of Sarangani  Philippines
2025-11-19T19:06:07.072Z,1.9862,126.7697,35,4.8,140 km WNW of Tobelo  Indonesia
2025-11-21T08:12:06.844Z,2.9164,127.1219,36.612,4.2,164 km NW of Tobelo  Indonesia
2025-11-21T11:35:30.499Z,1.5122,124.8959,10,3.8,6 km ENE of Manado  Indonesia
2025-11-21T17:07:59.352Z,4.7615,126.568,54.349,4.4,141 km ESE of Sarangani  Philippines
2025-11-22T00:00:27.966Z,6.5559,125.4557,213.272,4.6,1 km W of Santa Maria  Philippines
2025-11-22T11:00:10.744Z,4.8375,126.4906,58.92,4.7,129 km ESE of Sarangani  Philippines
2025-11-22T11:57:10.409Z,5.7142,125.8067,95.208,4.4,29 km SE of Caburan  Philippines
2025-11-22T15:17:51.619Z,5.0401,126.6349,9.254,4.4,135 km ESE of Sarangani  Philippines
2025-11-22T15:18:46.471Z,5.1687,126.6937,9.873,4.4,138 km E of Sarangani  Philippines
2025-11-22T19:07:46.455Z,2.1725,127.7313,186.847,4.2,58 km NNW of Tobelo  Indonesia
2025-11-23T08:43:45.668Z,4.5925,125.929,87.44,4.3,103 km SSE of Sarangani  Philippines
2025-11-23T10:10:23.976Z,6.1123,127.574,10,4.4,156 km E of Pondaguitan  Philippines
2025-11-23T15:37:43.312Z,1.7192,126.4493,48.937,4.8,146 km NW of Ternate  Indonesia
2025-11-23T22:18:27.021Z,4.9341,126.4562,51.353,4.4,121 km ESE of Sarangani  Philippines
2025-11-24T04:43:12.733Z,7.0271,127.4559,10,4.4,101 km ESE of Santiago  Philippines
2025-11-24T13:38:20.193Z,7.0104,126.8277,71.86,4.4,39 km SE of Manay  Philippines
2025-11-25T06:39:55.675Z,7.5157,126.9389,20.631,4.4,39 km E of Baculin  Philippines
2025-11-25T10:45:18.212Z,6.3406,126.1995,71.508,5.4,3 km SE of Pondaguitan  Philippines
2025-11-25T12:06:58.113Z,2.3697,126.6955,59.068,4.6,162 km WNW of Tobelo  Indonesia
2025-11-26T06:07:49.620Z,4.3115,127.6385,124.434,4.1,269 km ESE of Sarangani  Philippines
2025-11-26T08:24:28.020Z,5.3272,127.1472,129.531,4.8,156 km SE of Pondaguitan  Philippines
2025-11-26T14:55:04.938Z,7.3667,126.8047,78.369,4.4,26 km ESE of Baculin  Philippines
2025-11-26T23:00:42.628Z,4.2042,122.7437,10,5,222 km SSE of Tabiauan  Philippines
2025-11-27T04:41:34.746Z,5.257,125.8825,106.753,4.5,49 km ESE of Sarangani  Philippines
2025-11-27T08:45:12.920Z,4.148,126.5326,46.152,4.4,182 km SE of Sarangani  Philippines
2025-11-27T09:59:14.336Z,1.7442,126.4587,57.575,4.8,147 km NW of Ternate  Indonesia
2025-11-27T12:31:13.201Z,4.0695,126.6845,26.731,4.9,200 km SE of Sarangani  Philippines
2025-11-27T17:45:08.855Z,4.2421,126.6452,46.838,4.2,183 km SE of Sarangani  Philippines
2025-11-28T05:15:23.455Z,3.9525,126.4004,44.415,4.1,191 km SSE of Sarangani  Philippines
2025-11-28T15:28:50.367Z,5.7796,126.2159,151.062,4.4,63 km ESE of Mangili  Philippines
2025-12-01T01:41:43.796Z,7.4127,127.0704,35,4.6,53 km E of Baculin  Philippines
2025-12-01T15:19:33.629Z,2.7113,128.1721,73.75,4.3,110 km N of Tobelo  Indonesia
2025-12-01T18:32:07.963Z,8.9656,126.3025,56.431,4.5,4 km NNE of Bacolod  Philippines
2025-12-09T11:06:36.276Z,9.1991,126.085,102.632,4.4,4 km SSE of Lanuza  Philippines
2025-12-09T18:02:29.579Z,1.6191,126.4763,44.813,4.7,136 km NW of Ternate  Indonesia
2025-12-10T07:41:00.084Z,8.4837,125.9407,10,4.5,5 km E of Borbon  Philippines
2025-12-10T14:09:19.257Z,6.0139,127.5901,10,4.5,160 km ESE of Pondaguitan  Philippines
2025-12-11T08:56:39.301Z,9.126,126.8851,10,4.4,68 km ENE of Aras-asan  Philippines
2025-12-12T06:40:40.754Z,5.9979,126.7703,95.212,4.4,76 km ESE of Pondaguitan  Philippines
2025-12-12T11:45:10.288Z,4.9649,126.051,76.493,4.3,81 km SE of Sarangani  Philippines
2025-12-12T20:13:55.024Z,8.2613,127.4213,10,4.9,109 km E of Barcelona  Philippines
2025-12-13T02:01:57.750Z,7.6037,126.9374,35,4.4,41 km E of Baganga  Philippines
2025-12-13T11:44:32.733Z,2.2496,123.9124,355.442,4.3,134 km NW of Manado  Indonesia
2025-12-13T16:34:08.704Z,5.6678,126.4752,99.491,4.5,83 km SSE of Pondaguitan  Philippines
2025-12-14T12:03:27.070Z,1.9913,126.4277,54.045,5.1,156 km ENE of Bitung  Indonesia
2025-12-15T04:30:48.273Z,6.2254,125.8788,125.466,4.4,21 km ENE of Lapuan  Philippines
2025-12-15T06:50:34.262Z,6.3466,127.3576,10,4.6,126 km SE of Lukatan  Philippines
2025-12-16T22:29:41.121Z,2.0579,127.2379,88.129,4.4,93 km WNW of Tobelo  Indonesia
2025-12-18T05:30:17.659Z,1.3857,125.7798,65.736,5,72 km E of Bitung  Indonesia
2025-12-18T19:32:57.185Z,5.1478,126.8482,80.331,4.4,153 km SSE of Pondaguitan  Philippines
2025-12-18T21:19:36.111Z,6.883,127.2192,10,4.7,83 km ESE of Manay  Philippines
2025-12-19T04:02:35.982Z,8.7018,126.9099,35,5.2,68 km E of Marihatag  Philippines
2025-12-19T05:25:52.803Z,7.7554,126.7636,64.549,4.9,24 km ENE of Kinablangan  Philippines
2025-12-19T14:51:34.187Z,7.603,126.9087,35.051,4.1,38 km E of Baganga  Philippines
2025-12-19T16:51:26.700Z,8.6096,126.9329,64.042,4.4,70 km ENE of Hinatuan  Philippines
2025-12-21T12:21:45.837Z,1.4457,126.392,44,5.5,132 km WNW of Ternate  Indonesia
2025-12-21T17:53:56.743Z,8.3759,127.6817,9,5.6,139 km E of Barcelona  Philippines
2025-12-22T01:14:13.055Z,8.448,127.6638,10,4.6,139 km ENE of Barcelona  Philippines
2025-12-22T10:05:14.914Z,1.453,126.4287,52.071,4.3,129 km NW of Ternate  Indonesia
2025-12-22T15:42:42.002Z,9.2882,123.1783,10,4.2,12 km W of Banilad  Philippines
2025-12-24T05:50:52.267Z,8.3133,127.463,10,4.7,114 km E of Barcelona  Philippines
2025-12-24T21:05:15.692Z,6.3659,123.9582,529.927,4,12 km SW of Sangay  Philippines
2025-12-25T02:48:05.359Z,3.1466,125.7941,138.464,4.3,202 km NNE of Bitung  Indonesia
2025-12-27T02:29:23.592Z,5.5943,126.3364,57.556,4.3,84 km ESE of Caburan  Philippines
2025-12-27T12:00:26.143Z,5.3874,126.3197,56.09,4.2,94 km E of Sarangani  Philippines
2025-12-30T16:45:05.128Z,6.2037,126.8425,80.527,4.5,75 km ESE of Pondaguitan  Philippines
2025-12-31T12:18:20.229Z,3.1067,127.6806,114.445,4.4,156 km NNW of Tobelo  Indonesia
2025-12-31T16:56:59.040Z,9.6143,126.1051,94.532,4.3,15 km E of Socorro  Philippines
2025-12-31T17:30:42.385Z,7.2829,126.7816,69.87,4.6,23 km E of Santiago  Philippines
2026-01-01T02:56:20.920Z,4.9101,127.4925,107.314,4.9,216 km SE of Pondaguitan  Philippines
2026-01-01T10:46:13.510Z,7.7463,126.7833,57.731,5,26 km ENE of Kinablangan  Philippines
2026-01-01T19:35:10.165Z,2.2262,127.4086,106.385,4.4,86 km NW of Tobelo  Indonesia
2026-01-03T06:53:49.037Z,9.6401,125.9969,78.578,4.3,3 km ENE of Socorro  Philippines
2026-01-03T20:46:55.830Z,4.9406,127.5406,109.278,4.7,217 km SE of Pondaguitan  Philippines
2026-01-03T23:13:48.023Z,5.8225,127.148,35,4.8,122 km ESE of Pondaguitan  Philippines
2026-01-04T00:04:21.343Z,2.8161,128.5779,241.499,4.6,135 km NNE of Tobelo  Indonesia
2026-01-05T19:31:23.012Z,9.808,126.2471,34.865,4.4,16 km ENE of Union  Philippines
2026-01-05T22:48:36.392Z,2.2085,126.886,44.609,4.4,135 km WNW of Tobelo  Indonesia
2026-01-06T17:57:28.784Z,7.4157,126.7474,60.737,4.4,18 km ESE of Baculin  Philippines
2026-01-07T03:02:53.890Z,7.2449,126.8953,22,6.4,35 km E of Santiago  Philippines
2026-01-07T03:21:56.867Z,7.4785,127.3996,10,4.5,90 km E of Baculin  Philippines
2026-01-07T03:58:27.880Z,7.1784,126.8117,91.198,4.4,29 km ESE of Santiago  Philippines
2026-01-07T04:12:58.780Z,7.2517,127.0208,24.869,5.4,49 km E of Santiago  Philippines
2026-01-07T04:36:44.744Z,7.3548,127.1396,10,4.9,62 km E of Baculin  Philippines
2026-01-07T04:47:00.165Z,7.2524,126.6432,85.929,4.9,8 km ESE of Santiago  Philippines
2026-01-07T06:16:19.920Z,7.3384,127.0512,35,4.6,53 km E of Santiago  Philippines
2026-01-07T08:11:58.769Z,7.2849,127.2366,10,4.3,73 km E of Santiago  Philippines
2026-01-07T10:49:17.940Z,5.762,125.4567,151.699,4.1,6 km NW of Kalbay  Philippines
2026-01-07T13:47:59.565Z,7.3431,127.0702,35.533,4.9,55 km ESE of Baculin  Philippines
2026-01-07T17:35:57.056Z,7.5417,126.7813,66.222,4.7,23 km ENE of Baculin  Philippines
2026-01-08T20:06:33.342Z,8.7657,126.2985,61.328,4.5,4 km S of Marihatag  Philippines
2026-01-08T21:47:49.772Z,6.7867,126.6301,175.219,4.1,33 km SE of Lukatan  Philippines
2026-01-09T17:38:17.589Z,1.6498,124.5717,244.961,4.3,35 km WNW of Manado  Indonesia
2026-01-10T14:29:19.281Z,10.0109,125.9159,118.619,4.4,11 km WNW of San Benito  Philippines
2026-01-10T14:58:23.726Z,3.7767,126.9922,31,6.4,247 km SE of Sarangani  Philippines
2026-01-10T15:06:51.094Z,3.6285,126.9375,57.236,5.5,241 km NNW of Tobelo  Indonesia
2026-01-10T15:15:13.595Z,3.6772,127.0133,45.122,5.2,242 km NNW of Tobelo  Indonesia
2026-01-10T19:40:49.243Z,3.6273,127.215,34.857,4.1,227 km NNW of Tobelo  Indonesia
2026-01-11T08:45:14.151Z,3.325,126.8378,41.611,4.6,219 km NW of Tobelo  Indonesia
2026-01-11T17:28:00.239Z,7.2818,126.3,10,4.7,24 km WSW of San Pedro  Philippines
2026-01-11T20:09:49.144Z,2.7565,127.5683,102.001,4.2,123 km NNW of Tobelo  Indonesia
2026-01-11T22:09:42.959Z,3.1241,126.3311,51.69,4.4,229 km NE of Bitung  Indonesia
2026-01-12T05:41:50.469Z,3.3369,126.5792,56.65,4.4,238 km NW of Tobelo  Indonesia
2026-01-12T16:48:24.405Z,9.9764,125.8857,74.17,4.8,13 km W of San Benito  Philippines
2026-01-12T21:03:25.290Z,3.376,126.7562,46.379,4.7,229 km NW of Tobelo  Indonesia
2026-01-12T21:33:13.803Z,3.6294,126.589,47.652,4.5,232 km SSE of Sarangani  Philippines
2026-01-13T01:27:15.997Z,2.8493,126.5209,52.11,5.2,206 km NW of Tobelo  Indonesia
2026-01-13T02:03:41.133Z,2.9517,126.8111,47.491,4.5,189 km NW of Tobelo  Indonesia
2026-01-13T03:42:01.837Z,3.4644,127.1051,35,4.2,216 km NNW of Tobelo  Indonesia
2026-01-13T06:59:47.531Z,3.3115,126.5462,52.71,4.3,239 km NW of Tobelo  Indonesia
2026-01-13T17:23:01.870Z,4.8172,124.7389,60.43,4.8,103 km SW of Sarangani  Philippines
2026-01-13T18:00:49.257Z,5.4859,127.39,156.383,4.4,165 km SE of Pondaguitan  Philippines
2026-01-13T20:31:43.796Z,3.1248,126.9518,53.573,4.6,194 km NW of Tobelo  Indonesia
2026-01-14T18:00:27.571Z,1.8921,127.3659,110.494,4.9,73 km WNW of Tobelo  Indonesia
2026-01-15T11:40:52.617Z,3.5125,126.8714,10,4.2,234 km NNW of Tobelo  Indonesia
2026-01-15T19:50:00.801Z,6.3668,127.5056,10,4.7,139 km ESE of Tarragona  Philippines
2026-01-16T06:31:03.092Z,7.4994,126.614,82.965,4.4,6 km NNE of Baculin  Philippines
2026-01-16T11:04:47.053Z,6.571,126.7106,10,4.6,53 km SE of Bobon  Philippines
2026-01-16T11:54:43.046Z,7.3823,127.0721,27.434,4.6,54 km E of Baculin  Philippines
2026-01-17T13:53:06.616Z,4.3982,126.6035,10,4.4,168 km SE of Sarangani  Philippines
2026-01-18T03:55:54.021Z,6.4703,123.6854,10,4.4,39 km W of Bantogon  Philippines
2026-01-18T15:18:16.831Z,4.3327,126.9428,35,4.5,202 km SE of Sarangani  Philippines
2026-01-19T18:53:35.612Z,6.3872,123.6623,10,4.9,42 km W of Sangay  Philippines
2026-01-19T19:00:21.982Z,6.3557,123.7166,10,5.4,37 km WSW of Sangay  Philippines
2026-01-19T19:38:52.205Z,6.2874,123.8607,10,4.2,26 km SW of Sangay  Philippines
2026-01-19T19:49:14.951Z,6.2728,123.6669,10,4.4,45 km WSW of Sangay  Philippines
2026-01-19T19:54:01.798Z,6.3365,123.7878,10,4.7,30 km WSW of Sangay  Philippines
2026-01-19T21:50:33.235Z,6.509,126.0773,89.017,4.5,2 km WSW of Luzon  Philippines
2026-01-19T22:23:31.480Z,6.3936,123.7371,10,4.6,34 km W of Sangay  Philippines
2026-01-20T03:46:22.397Z,6.2755,123.6715,9.66,4.3,45 km WSW of Sangay  Philippines
2026-01-20T04:38:18.947Z,6.3903,123.8364,10,4.5,23 km WSW of Sangay  Philippines
2026-01-20T06:43:46.604Z,9.1147,126.0652,10,4.5,10 km W of Buenavista  Philippines
2026-01-20T10:29:55.144Z,6.3987,123.7327,10,4.7,34 km W of Sangay  Philippines
2026-01-20T15:25:59.379Z,6.319,123.7375,9.709,4.2,36 km WSW of Sangay  Philippines
2026-01-20T20:37:58.268Z,1.586,125.7924,50.902,4.4,75 km ENE of Bitung  Indonesia
2026-01-20T23:25:17.102Z,6.374,123.7923,10,4.8,28 km WSW of Sangay  Philippines
2026-01-20T23:30:58.963Z,6.3691,123.7064,10,4.5,38 km WSW of Sangay  Philippines
2026-01-20T23:40:27.773Z,6.2644,123.8507,46.173,4.3,29 km SW of Sangay  Philippines
2026-01-21T00:38:54.316Z,6.3765,123.7404,10,4.4,34 km WSW of Sangay  Philippines
2026-01-21T01:09:38.563Z,6.3196,123.7292,10,4.2,37 km WSW of Sangay  Philippines
2026-01-21T01:12:24.575Z,6.4193,123.7773,10,4.5,29 km W of Sangay  Philippines
2026-01-21T01:26:05.586Z,6.4167,123.7634,10,4.7,31 km W of Sangay  Philippines
2026-01-21T01:33:04.854Z,6.2931,123.7256,10,5.4,39 km WSW of Sangay  Philippines
2026-01-21T02:30:29.548Z,6.1989,123.6481,10,4.4,51 km WSW of Sangay  Philippines
2026-01-21T02:37:52.410Z,6.303,123.6599,10,4.3,45 km WSW of Sangay  Philippines
2026-01-21T03:03:55.537Z,1.5908,126.9898,10,4.4,98 km NNW of Ternate  Indonesia
2026-01-21T04:10:02.569Z,3.0618,122.8579,498.092,4.7,280 km N of Gorontalo  Indonesia
2026-01-21T05:14:27.962Z,6.3491,123.7428,13.013,4.7,35 km WSW of Sangay  Philippines
2026-01-21T05:39:23.898Z,6.4248,123.8143,9.959,4.3,25 km W of Sangay  Philippines
2026-01-21T08:49:01.924Z,6.3189,123.8223,10,4.5,28 km WSW of Sangay  Philippines
2026-01-21T11:55:58.473Z,6.4134,123.7766,10,4.7,29 km W of Sangay  Philippines
2026-01-21T12:59:21.127Z,6.5191,123.6137,10,4.7,46 km W of Bantogon  Philippines
2026-01-21T22:59:38.347Z,9.2865,126.2722,10,4.3,8 km E of Cortes  Philippines
2026-01-21T23:51:55.409Z,3.3097,126.6668,36.429,4,229 km NW of Tobelo  Indonesia
2026-01-22T01:50:45.890Z,6.3797,123.6921,10,4.4,39 km W of Sangay  Philippines
2026-01-22T20:06:25.617Z,6.327,123.6822,10,4.3,42 km WSW of Sangay  Philippines
2026-01-23T06:57:56.301Z,7.7438,126.8698,9.418,4.1,35 km E of Kinablangan  Philippines
2026-01-23T23:30:16.958Z,5.4462,125.5011,198.726,4.5,6 km NE of Sarangani  Philippines
2026-01-24T00:26:01.704Z,8.8353,126.4487,70.246,4.3,16 km ESE of Aras-asan  Philippines
2026-01-24T00:52:31.191Z,5.4252,126.0624,10,4.6,66 km E of Sarangani  Philippines
2026-01-24T10:45:54.116Z,5.0658,125.4337,177.088,4.5,37 km S of Sarangani  Philippines
2026-01-24T18:26:22.319Z,6.4229,123.6458,17.308,4.1,44 km W of Sangay  Philippines
2026-01-25T10:05:40.249Z,7.89,127.1913,10,4.5,74 km ENE of Kinablangan  Philippines
2026-01-25T22:48:21.054Z,6.2944,123.6679,10,4.6,44 km WSW of Sangay  Philippines
2026-01-26T00:33:44.355Z,6.3994,123.7247,15.644,4.3,35 km W of Sangay  Philippines
2026-01-26T10:06:09.938Z,6.3461,123.5895,10,4.4,51 km WSW of Sangay  Philippines
2026-01-26T10:25:03.863Z,6.3145,123.865,10,4.3,24 km SW of Sangay  Philippines
2026-01-27T00:49:52.464Z,3.2485,127.0067,36.144,4.5,201 km NNW of Tobelo  Indonesia
2026-01-27T08:41:00.824Z,6.1464,127.6506,10,4.3,164 km E of Pondaguitan  Philippines
2026-01-27T14:39:35.486Z,1.7406,126.9094,72.826,4.2,117 km NNW of Ternate  Indonesia
2026-01-27T14:47:38.519Z,6.5909,123.6065,11.799,4.7,47 km W of Bantogon  Philippines
2026-01-27T15:26:55.036Z,6.8697,123.4546,10,4.3,62 km S of Panubigan  Philippines
2026-01-27T15:48:24.487Z,6.438,123.6959,9.944,4.6,38 km W of Sangay  Philippines
2026-01-27T15:50:37.554Z,6.4883,123.7403,10,5.1,32 km W of Bantogon  Philippines
2026-01-27T17:05:09.429Z,6.4232,123.801,10,5.2,27 km W of Sangay  Philippines
2026-01-27T17:07:38.918Z,6.4551,123.7855,10,5,28 km W of Sangay  Philippines
2026-01-27T17:41:03.310Z,6.3572,123.6729,10,4.2,42 km WSW of Sangay  Philippines
2026-01-27T17:43:59.859Z,6.3997,123.8091,13.188,4.7,26 km W of Sangay  Philippines
2026-01-27T19:46:23.218Z,6.4388,123.7924,10,4.8,27 km W of Sangay  Philippines
2026-01-27T19:54:12.979Z,6.5222,123.8098,10,5.1,24 km W of Bantogon  Philippines
2026-01-27T23:19:58.461Z,6.5003,123.8567,10,4.6,19 km W of Bantogon  Philippines
2026-01-27T23:21:02.275Z,6.3567,123.6353,10,4.4,46 km WSW of Sangay  Philippines
2026-01-28T01:41:49.103Z,6.511,123.8484,10,5.4,20 km W of Bantogon  Philippines
2026-01-28T02:23:10.078Z,6.2426,123.6868,10,4.4,45 km WSW of Sangay  Philippines
2026-01-28T03:23:01.649Z,6.3967,123.7538,10,4.5,32 km W of Sangay  Philippines
2026-01-28T03:24:27.814Z,6.5648,123.8961,10,5.1,15 km WNW of Bantogon  Philippines
2026-01-28T03:25:20.628Z,6.2357,123.5536,10,4.7,59 km WSW of Sangay  Philippines
2026-01-28T03:33:46.755Z,6.2875,123.7948,10,4.9,32 km WSW of Sangay  Philippines
2026-01-28T05:08:21.366Z,6.2044,123.8363,10,4.7,35 km SW of Sangay  Philippines
2026-01-28T05:38:54.376Z,6.2705,123.7605,10,4.4,36 km WSW of Sangay  Philippines
2026-01-28T06:31:19.816Z,6.3936,123.7702,10,5.1,30 km W of Sangay  Philippines
2026-01-28T06:47:01.506Z,6.4317,123.741,16,5.9,33 km W of Sangay  Philippines
2026-01-28T06:52:04.173Z,6.3774,123.6279,10,4.5,46 km W of Sangay  Philippines
2026-01-28T06:52:33.522Z,6.5523,123.5458,10,5,53 km W of Bantogon  Philippines
2026-01-28T07:11:15.039Z,6.3413,123.6363,10,4.4,46 km WSW of Sangay  Philippines
2026-01-28T07:24:11.665Z,6.2155,123.5824,10,4.3,57 km WSW of Sangay  Philippines
2026-01-28T07:43:30.474Z,6.4433,123.6537,10,4.6,43 km WSW of Bantogon  Philippines
2026-01-28T07:47:43.934Z,6.3697,123.5329,10,4.4,57 km W of Sangay  Philippines
2026-01-28T08:01:04.479Z,6.3195,123.7143,10,4.4,39 km WSW of Sangay  Philippines
2026-01-28T08:34:31.956Z,6.5076,123.7366,10,5.4,32 km W of Bantogon  Philippines
2026-01-28T08:35:21.867Z,6.3923,123.6213,10,5.3,47 km W of Sangay  Philippines
2026-01-28T08:38:47.432Z,6.5064,123.6429,10,5.6,43 km W of Bantogon  Philippines
2026-01-28T08:43:45.744Z,6.5456,123.8911,10,5.1,15 km W of Bantogon  Philippines
2026-01-28T08:51:51.632Z,6.3102,123.7423,10,4.3,36 km WSW of Sangay  Philippines
2026-01-28T09:24:34.694Z,6.5656,123.711,10,4.9,35 km W of Bantogon  Philippines
2026-01-28T09:30:28.570Z,6.405,123.6792,10,4.7,40 km W of Sangay  Philippines
2026-01-28T10:28:24.047Z,6.2256,123.6943,10,4.4,45 km WSW of Sangay  Philippines
2026-01-28T12:20:29.427Z,6.3079,123.6149,10,4.3,49 km WSW of Sangay  Philippines
2026-01-28T12:45:48.561Z,6.4504,123.7165,10,4.5,36 km WSW of Bantogon  Philippines
2026-01-28T12:55:28.569Z,6.264,123.795,10,4.6,34 km SW of Sangay  Philippines
2026-01-28T13:24:03.137Z,6.3756,123.7689,10,4.5,31 km WSW of Sangay  Philippines
2026-01-28T13:41:32.432Z,6.4727,123.7507,10,4.7,31 km WSW of Bantogon  Philippines
2026-01-28T14:08:55.190Z,6.4451,123.6849,10,4.4,39 km WSW of Bantogon  Philippines
2026-01-28T14:20:43.710Z,6.2312,123.5869,10,4.1,55 km WSW of Sangay  Philippines
2026-01-28T14:33:12.356Z,6.401,123.8059,10,4.9,26 km W of Sangay  Philippines
2026-01-28T14:36:34.177Z,6.3453,123.9032,10,4.4,19 km SW of Sangay  Philippines
2026-01-28T14:49:06.044Z,6.6126,123.8127,10,4.6,25 km WNW of Bantogon  Philippines
2026-01-28T15:27:39.871Z,6.34,123.6265,10,4.4,47 km WSW of Sangay  Philippines
2026-01-28T15:35:29.644Z,6.3833,123.5847,10,4.2,51 km W of Sangay  Philippines
2026-01-28T15:58:04.003Z,6.4524,123.6886,10,5,39 km WSW of Bantogon  Philippines
2026-01-28T18:52:55.114Z,1.3908,123.5716,45.576,4.7,110 km NNE of Gorontalo  Indonesia
2026-01-28T19:45:11.840Z,6.2913,123.8417,10,4.4,28 km SW of Sangay  Philippines
2026-01-28T20:07:13.128Z,2.2462,126.7048,35,4.1,156 km WNW of Tobelo  Indonesia
2026-01-28T22:07:49.959Z,1.3775,123.5571,35,4.5,107 km NNE of Gorontalo  Indonesia
2026-01-28T23:43:56.536Z,6.2973,123.8079,10,5,30 km WSW of Sangay  Philippines
2026-01-29T00:08:22.207Z,6.0531,123.6801,10,4.2,58 km WSW of Palimbang  Philippines
2026-01-29T00:33:17.880Z,6.2022,123.6384,10,4.5,52 km WSW of Sangay  Philippines
2026-01-29T22:31:12.199Z,6.4742,123.8704,10,4.6,19 km WSW of Bantogon  Philippines
2026-01-29T23:05:18.609Z,6.5418,123.8182,10,4.9,23 km W of Bantogon  Philippines
2026-01-30T00:49:17.041Z,6.4372,123.9181,10,5.1,14 km W of Sangay  Philippines
2026-01-30T06:14:52.857Z,6.1301,125.7766,85.947,4.5,8 km E of Kalian  Philippines
2026-01-30T11:36:29.364Z,2.9617,128.3582,75.937,4.1,141 km NNE of Tobelo  Indonesia
2026-01-30T18:23:08.099Z,5.272,122.1333,10,4.5,87 km SSE of Tabiauan  Philippines
2026-01-30T21:19:04.676Z,6.3197,123.7528,10,4.3,35 km WSW of Sangay  Philippines
2026-01-30T23:54:05.821Z,5.0369,127.5694,13.656,4.3,212 km SE of Pondaguitan  Philippines
2026-01-31T00:36:10.145Z,3.4843,124.2161,346.396,4.8,232 km NNW of Manado  Indonesia
2026-01-31T07:23:15.947Z,6.2625,123.6982,10,4.6,43 km WSW of Sangay  Philippines
2026-01-31T07:59:32.347Z,6.2,123.8392,10,4.5,35 km SW of Sangay  Philippines
2026-01-31T08:21:37.758Z,6.1075,123.7484,10,4.2,49 km SW of Sangay  Philippines
2026-01-31T12:10:05.592Z,6.1498,123.7417,10,4.1,46 km SW of Sangay  Philippines
2026-01-31T18:34:44.544Z,6.7091,123.597,594.604,4.6,47 km WSW of Gadung  Philippines
2026-02-01T02:58:00.241Z,6.2841,123.7506,10,4.5,37 km WSW of Sangay  Philippines
2026-02-01T03:00:06.528Z,6.3174,123.683,10,4.4,42 km WSW of Sangay  Philippines
2026-02-01T04:06:08.623Z,6.3192,123.6376,10,4.3,47 km WSW of Sangay  Philippines
2026-02-01T06:55:19.992Z,6.2475,123.722,10,4.6,41 km WSW of Sangay  Philippines
2026-02-02T09:58:22.586Z,6.4015,123.5296,9.876,4.1,57 km W of Sangay  Philippines
2026-02-04T07:11:28.517Z,9.3095,126.4767,26.429,5,31 km E of Cortes  Philippines
2026-02-04T21:34:24.660Z,6.2825,123.921,10,4.5,22 km SW of Sangay  Philippines
2026-02-05T04:19:59.982Z,6.2147,123.904,539.543,4.2,29 km SSW of Sangay  Philippines
2026-02-05T18:15:51.506Z,9.9608,125.5946,162.508,5,0 km NNE of Dinagat  Philippines
2026-02-05T18:36:41.253Z,7.3371,123.7422,584.029,4.3,32 km W of Litayan  Philippines
2026-02-06T05:35:10.159Z,3.2771,126.9192,40.274,4.4,209 km NW of Tobelo  Indonesia
2026-02-06T12:47:58.125Z,3.8897,125.8142,141.048,4.4,171 km SSE of Sarangani  Philippines
2026-02-07T22:32:50.469Z,5.0478,126.8412,73.82,4.4,157 km ESE of Sarangani  Philippines
2026-02-07T22:39:24.283Z,7.4826,127.0231,10.304,4.3,48 km E of Baculin  Philippines
2026-02-08T05:58:16.434Z,6.762,126.1917,10,4.3,11 km ENE of Talisay  Philippines
2026-02-08T19:18:02.148Z,4.3053,127.7493,103.36,4.4,281 km ESE of Sarangani  Philippines
2026-02-09T08:30:51.571Z,2.3512,126.7963,36.888,5,151 km WNW of Tobelo  Indonesia
2026-02-10T01:04:02.538Z,6.364,123.721,10,4.3,36 km WSW of Sangay  Philippines
2026-02-10T16:54:42.395Z,1.2739,125.8704,27.668,4.2,84 km ESE of Bitung  Indonesia
2026-02-11T08:50:46.868Z,4.4403,126.079,10,4.2,126 km SSE of Sarangani  Philippines
2026-02-13T10:26:17.590Z,4.2401,128.5272,10,4.5,283 km NNE of Tobelo  Indonesia
2026-02-13T10:49:46.727Z,3.8419,127.9318,10,4.5,233 km N of Tobelo  Indonesia
2026-02-13T12:50:57.181Z,6.3572,126.9084,115.739,4.6,80 km E of Pondaguitan  Philippines
2026-02-13T13:12:18.561Z,4.2415,128.3576,10,4.5,280 km N of Tobelo  Indonesia
2026-02-13T14:56:58.771Z,4.1565,128.2524,11,5.6,269 km N of Tobelo  Indonesia
2026-02-13T15:09:24.504Z,4.2147,128.1845,10,5.1,275 km N of Tobelo  Indonesia
2026-02-13T15:23:20.210Z,4.0929,128.2589,10,4.5,262 km N of Tobelo  Indonesia
2026-02-13T15:55:09.529Z,4.1449,128.0337,10,5,267 km N of Tobelo  Indonesia
2026-02-13T17:02:02.001Z,4.3592,128.3092,10.185,4.4,292 km N of Tobelo  Indonesia
2026-02-13T17:39:08.174Z,4.2371,128.2355,8.65,4.9,278 km N of Tobelo  Indonesia
2026-02-13T18:56:48.169Z,4.2188,128.0784,27.69,4.6,275 km N of Tobelo  Indonesia
2026-02-13T20:27:47.213Z,4.1197,128.213,10.011,4.8,265 km N of Tobelo  Indonesia
2026-02-13T21:17:01.483Z,4.1816,128.395,10,4.4,274 km N of Tobelo  Indonesia
2026-02-13T21:49:39.381Z,3.8898,126.398,63.714,4.4,196 km SSE of Sarangani  Philippines
2026-02-14T00:35:17.825Z,4.1508,128.2392,10,4.5,269 km N of Tobelo  Indonesia
2026-02-14T01:02:18.967Z,4.3029,126.6709,73.987,4.8,180 km SE of Sarangani  Philippines
2026-02-14T06:11:11.486Z,3.2043,126.8455,33.069,4.2,208 km NW of Tobelo  Indonesia
2026-02-14T17:23:01.930Z,5.6708,127.1406,66.978,5.2,131 km SE of Pondaguitan  Philippines
2026-02-14T19:29:16.896Z,4.4032,128.2543,10,4.6,297 km N of Tobelo  Indonesia
2026-02-15T01:46:40.270Z,4.4358,128.07,35,4.3,298 km SE of Pondaguitan  Philippines
2026-02-15T05:43:07.150Z,4.3519,128.4509,9.876,4.3,294 km N of Tobelo  Indonesia
2026-02-15T07:21:05.717Z,4.163,128.2992,10,4.6,271 km N of Tobelo  Indonesia
2026-02-15T15:58:18.703Z,4.1779,127.8691,10,4.6,271 km N of Tobelo  Indonesia
2026-02-15T17:57:58.349Z,4.3104,128.0246,35,4.1,285 km N of Tobelo  Indonesia
2026-02-16T01:22:11.849Z,4.2621,128.5118,10,4.4,285 km NNE of Tobelo  Indonesia
2026-02-17T00:34:49.296Z,3.7048,126.8925,35,4.3,245 km SE of Sarangani  Philippines
2026-02-17T02:23:04.322Z,4.3362,128.2555,10,4.4,289 km N of Tobelo  Indonesia
2026-02-17T03:32:07.569Z,9.3708,126.591,10,4.6,45 km ENE of Cortes  Philippines
2026-02-17T14:20:33.427Z,4.4161,128.1524,26.286,4.6,297 km N of Tobelo  Indonesia
2026-02-17T22:23:50.643Z,8.7909,127.3224,10,4.4,111 km E of Aras-asan  Philippines
2026-02-17T23:48:54.433Z,2.053,127.1916,110.872,4.1,97 km WNW of Tobelo  Indonesia
2026-02-19T03:11:50.458Z,3.99,128.1874,10,4.6,250 km N of Tobelo  Indonesia
2026-02-19T03:22:33.521Z,3.9978,128.2458,10,4.6,252 km N of Tobelo  Indonesia
2026-02-19T04:41:30.505Z,4.2501,128.2797,10,4.6,280 km N of Tobelo  Indonesia
2026-02-19T13:13:47.623Z,6.1725,123.6648,10,4.5,51 km SW of Sangay  Philippines
2026-02-19T13:44:16.162Z,5.6066,127.1027,114.108,4.7,132 km SE of Pondaguitan  Philippines
2026-02-19T14:43:05.692Z,9.7088,126.1089,10,4.7,5 km S of Union  Philippines
2026-02-19T17:41:46.258Z,4.0258,128.3114,10,4.3,256 km N of Tobelo  Indonesia
2026-02-20T10:22:18.755Z,4.8764,125.8392,97.441,4.3,71 km SE of Sarangani  Philippines
2026-02-21T06:56:12.767Z,7.7459,126.8772,41.769,4.1,36 km E of Kinablangan  Philippines
2026-02-21T11:25:44.950Z,5.7835,127.3387,10,4.1,143 km ESE of Pondaguitan  Philippines
2026-02-21T20:28:47.791Z,4.0084,128.2901,10,4.5,254 km N of Tobelo  Indonesia
2026-02-22T10:50:56.140Z,5.1024,124.8301,132.543,4.2,77 km WSW of Sarangani  Philippines
2026-02-23T01:32:11.505Z,5.5537,126.349,87.601,4.3,88 km ESE of Caburan  Philippines
2026-02-23T14:49:35.480Z,1.8222,127.28,118.744,4.3,81 km W of Tobelo  Indonesia
2026-02-24T19:01:08.195Z,5.7664,123.5966,10,4.6,81 km SW of Palimbang  Philippines
2026-02-26T08:39:37.352Z,4.2172,125.6958,140.862,4,133 km S of Sarangani  Philippines
2026-02-26T16:24:40.776Z,10.0034,125.3014,208.544,4.4,16 km ESE of San Francisco  Philippines
2026-02-27T12:00:34.321Z,6.849,126.712,10,4.4,36 km SE of Tarragona  Philippines
2026-02-27T13:39:42.931Z,4.0188,126.6748,54.891,4.3,203 km SE of Sarangani  Philippines
2026-02-27T16:23:51.202Z,8.9272,126.2256,78.53,4.6,7 km W of Bacolod  Philippines
2026-02-27T22:26:33.134Z,2.4258,125.9192,10,4.2,140 km NE of Bitung  Indonesia
2026-02-28T04:15:56.350Z,3.5408,124.5421,350.457,4.4,229 km SSW of Sarangani  Philippines
2026-02-28T17:22:22.401Z,5.0219,125.9332,101.33,5.3,67 km SE of Sarangani  Philippines
2026-03-01T18:33:23.740Z,2.7568,128.2361,143.254,4.8,116 km NNE of Tobelo  Indonesia
2026-03-02T23:52:07.100Z,6.5717,126.3447,93.086,4.3,26 km ENE of Nangan  Philippines
2026-03-03T11:25:33.827Z,4.6153,126.8285,35.935,4.5,174 km ESE of Sarangani  Philippines
2026-03-03T19:24:17.763Z,7.933,126.8094,83.86,4.4,39 km NE of Kinablangan  Philippines
2026-03-05T23:25:11.865Z,9.1849,125.9866,10,4.6,5 km SW of Carmen  Philippines
2026-03-06T13:41:14.015Z,3.4189,126.1274,93.756,4.2,231 km SSE of Sarangani  Philippines
2026-03-07T05:57:58.593Z,7.1582,126.7108,80.703,4.7,19 km ESE of Manay  Philippines
2026-03-07T07:08:07.283Z,6.0763,126.0335,145.272,4.3,35 km SSW of Pondaguitan  Philippines
2026-03-07T11:57:27.687Z,1.2408,125.8753,35,4.7,86 km ESE of Bitung  Indonesia
2026-03-07T19:54:42.756Z,1.6779,126.4313,10,4.2,144 km NW of Ternate  Indonesia
2026-03-08T00:57:39.367Z,2.2221,126.586,43.467,4.2,167 km WNW of Tobelo  Indonesia
2026-03-08T07:03:24.313Z,5.6062,126.2926,95.459,4,79 km ESE of Caburan  Philippines
2026-03-09T03:26:36.762Z,6.7169,127.1365,10,4.5,84 km ESE of San Ignacio  Philippines
2026-03-09T16:12:25.126Z,1.5875,127.0133,27.57,4.5,97 km NNW of Ternate  Indonesia
2026-03-12T00:06:25.286Z,9.0351,126.6961,10,4.9,45 km ENE of Aras-asan  Philippines
2026-03-12T12:05:19.786Z,2.9406,123.233,466.903,4.2,241 km NW of Manado  Indonesia
2026-03-12T12:27:16.344Z,1.9951,126.7925,35,4.4,138 km WNW of Tobelo  Indonesia
2026-03-14T06:50:49.030Z,4.2435,128.3584,10,4.6,280 km N of Tobelo  Indonesia
2026-03-14T23:39:48.106Z,2.3258,127.2596,35,4.2,106 km NW of Tobelo  Indonesia
2026-03-16T19:10:00.793Z,8.8759,126.2873,73.241,4.5,2 km WSW of Aras-asan  Philippines
2026-03-16T22:53:35.625Z,7.2372,126.5292,92.567,4.4,2 km NNW of Manay  Philippines
2026-03-17T08:40:42.276Z,5.4449,126.6601,92.575,4.4,114 km SSE of Pondaguitan  Philippines
2026-03-18T00:10:13.280Z,4.383,128.4101,10,4.4,296 km N of Tobelo  Indonesia
2026-03-18T03:56:24.244Z,3.3597,126.167,44.603,4.2,239 km SSE of Sarangani  Philippines
2026-03-21T17:38:07.815Z,5.2429,126.354,123.408,4.1,100 km E of Sarangani  Philippines
2026-03-22T12:30:05.428Z,9.3702,125.987,10,4.5,4 km E of Carrascal  Philippines
2026-03-22T22:08:07.398Z,4.2088,126.3034,10,4.3,161 km SE of Sarangani  Philippines
2026-03-23T11:25:02.380Z,2.1769,126.8095,94.838,4.6,142 km WNW of Tobelo  Indonesia
2026-03-24T05:20:08.877Z,5.7628,125.2783,10,4.3,5 km ENE of Baliton  Philippines
2026-03-26T05:29:58.783Z,4.505,127.8944,89.165,4.3,279 km SE of Pondaguitan  Philippines
2026-03-26T12:41:44.554Z,2.6527,128.2878,175.034,4.4,106 km NNE of Tobelo  Indonesia
2026-03-28T03:33:57.947Z,5.6461,125.5883,205.198,4.6,13 km SE of Kalbay  Philippines
2026-03-28T07:09:08.047Z,7.7344,127.3884,10,4.4,92 km E of Kinablangan  Philippines
2026-03-29T09:27:08.589Z,1.8532,127.1957,74.505,4.2,91 km W of Tobelo  Indonesia
2026-03-30T01:29:07.027Z,2.3378,126.826,35,4.4,147 km WNW of Tobelo  Indonesia
2026-03-31T03:37:55.068Z,3.0003,126.4325,50.88,4.7,224 km NW of Tobelo  Indonesia
2026-04-01T05:01:39.254Z,5.3145,126.4369,10,4.2,108 km E of Sarangani  Philippines
2026-04-01T09:44:12.077Z,3.7109,126.0727,72.517,4.5,198 km SSE of Sarangani  Philippines
2026-04-01T23:00:21.315Z,1.2523,126.1332,35,5,113 km E of Bitung  Indonesia
2026-04-01T23:15:37.518Z,1.2506,125.8558,35,4.8,83 km ESE of Bitung  Indonesia
2026-04-01T23:18:28.491Z,1.2961,126.0699,35,4.9,106 km E of Bitung  Indonesia
2026-04-01T23:43:19.003Z,1.2612,126.2202,35,4.6,123 km E of Bitung  Indonesia
2026-04-01T23:53:06.623Z,1.405,126.2916,35,4.7,129 km E of Bitung  Indonesia
2026-04-02T01:20:05.334Z,1.3042,126.0181,35,4.4,100 km E of Bitung  Indonesia
2026-04-02T01:46:04.823Z,1.3672,126.0933,35,4.3,107 km E of Bitung  Indonesia
2026-04-02T02:59:23.817Z,1.2931,126.0984,35,4.2,109 km E of Bitung  Indonesia
2026-04-02T03:32:21.514Z,1.2154,126.0042,35,4.5,100 km ESE of Bitung  Indonesia
2026-04-02T03:49:33.624Z,3.2666,126.8619,35,4.6,212 km NW of Tobelo  Indonesia
2026-04-02T04:20:53.102Z,1.2495,126.1449,35,4.5,115 km E of Bitung  Indonesia
2026-04-02T04:46:56.949Z,1.4743,126.3484,35,4.3,135 km E of Bitung  Indonesia
2026-04-02T06:03:41.246Z,1.3389,126.162,35,4.4,115 km E of Bitung  Indonesia
2026-04-02T06:23:58.217Z,1.3416,126.4834,35,4.4,117 km WNW of Ternate  Indonesia
2026-04-02T08:52:06.726Z,1.3943,126.4989,35,5,119 km NW of Ternate  Indonesia
2026-04-02T10:10:21.905Z,1.3837,126.227,35,4.9,122 km E of Bitung  Indonesia
2026-04-02T10:21:30.768Z,1.3983,126.3011,35,4.8,130 km E of Bitung  Indonesia
2026-04-02T11:35:34.977Z,1.4173,126.1937,35,5.2,118 km E of Bitung  Indonesia
2026-04-02T13:33:26.098Z,1.2467,126.1109,35,4.4,111 km E of Bitung  Indonesia
2026-04-02T14:06:08.500Z,1.3295,126.3817,35,4.5,126 km WNW of Ternate  Indonesia
2026-04-02T14:13:47.725Z,1.2924,126.3547,21.743,5.9,127 km WNW of Ternate  Indonesia
2026-04-02T14:54:34.612Z,1.2779,126.232,35,4.4,124 km E of Bitung  Indonesia
2026-04-02T15:34:27.060Z,1.5269,126.3415,35,5.1,135 km E of Bitung  Indonesia
2026-04-02T16:10:26.394Z,1.2537,126.1624,35,5.1,116 km E of Bitung  Indonesia
2026-04-02T16:16:22.078Z,1.2964,126.3173,35,4.6,131 km WNW of Ternate  Indonesia
2026-04-02T17:35:04.487Z,1.2776,126.3106,35,4.3,131 km WNW of Ternate  Indonesia
2026-04-02T17:58:44.260Z,1.3673,126.0435,35,4.3,102 km E of Bitung  Indonesia
2026-04-02T18:04:18.172Z,1.2563,126.2341,35,4.4,124 km E of Bitung  Indonesia
2026-04-02T19:08:02.410Z,1.2498,126.1633,35,4.9,117 km E of Bitung  Indonesia
2026-04-02T21:44:54.351Z,1.3717,126.4472,35,4.5,122 km WNW of Ternate  Indonesia
2026-04-02T21:53:53.529Z,1.287,126.2665,35,4.4,127 km E of Bitung  Indonesia
2026-04-03T00:22:19.887Z,1.3191,126.432,29,5.6,121 km WNW of Ternate  Indonesia
2026-04-03T01:13:49.832Z,1.2759,126.0764,35,4.2,107 km E of Bitung  Indonesia
2026-04-03T04:42:05.325Z,1.4266,126.0665,35,5.2,104 km E of Bitung  Indonesia
2026-04-03T09:24:07.288Z,1.3867,126.3799,35,5,129 km WNW of Ternate  Indonesia
2026-04-03T09:29:20.407Z,1.4287,126.4121,58.232,4.5,129 km WNW of Ternate  Indonesia
2026-04-03T10:35:05.577Z,1.2818,126.0452,35,4.5,103 km E of Bitung  Indonesia
2026-04-03T10:59:07.305Z,1.5227,126.3979,35,5.1,136 km NW of Ternate  Indonesia
2026-04-03T21:19:06.118Z,1.4501,126.2796,35,5.1,128 km E of Bitung  Indonesia
2026-04-03T21:19:34.878Z,1.2918,126.1889,35,4.9,119 km E of Bitung  Indonesia
2026-04-03T22:49:49.592Z,1.4044,126.3543,35,4.7,133 km WNW of Ternate  Indonesia
2026-04-04T10:34:28.266Z,4.8733,126.1392,67,6,95 km SE of Sarangani  Philippines
2026-04-04T18:59:13.490Z,1.3889,126.4669,25.334,4.7,121 km WNW of Ternate  Indonesia
2026-04-04T20:03:55.819Z,1.256,126.2063,35,4.2,121 km E of Bitung  Indonesia
2026-04-04T20:11:27.791Z,1.4104,126.4337,35,4.6,126 km WNW of Ternate  Indonesia
2026-04-04T20:16:25.260Z,1.4641,126.5106,35,5,122 km NW of Ternate  Indonesia
2026-04-04T20:18:21.440Z,1.4533,126.4599,35,4.6,126 km NW of Ternate  Indonesia
2026-04-04T20:53:54.811Z,1.3627,126.4307,35,4.3,123 km WNW of Ternate  Indonesia
2026-04-04T22:37:50.166Z,1.4473,126.6146,35,4.5,112 km NW of Ternate  Indonesia
2026-04-05T14:15:37.276Z,1.2135,125.9644,35,4.3,96 km ESE of Bitung  Indonesia
2026-04-05T18:09:27.341Z,5.0257,127.454,132.665,4.2,204 km SE of Pondaguitan  Philippines
2026-04-06T01:56:47.310Z,1.4456,126.2128,35,4.8,120 km E of Bitung  Indonesia
2026-04-06T05:32:11.683Z,1.4433,126.3798,35,4.9,133 km WNW of Ternate  Indonesia
2026-04-06T21:18:00.944Z,3.2352,124.7699,199.184,4.2,194 km N of Manado  Indonesia
2026-04-06T21:38:44.126Z,1.4546,126.3604,35,4.4,135 km WNW of Ternate  Indonesia
2026-04-07T07:51:56.058Z,6.4284,125.5122,191.747,4.5,5 km SW of Pangian  Philippines
2026-04-08T05:56:23.342Z,7.5174,127.0406,19.756,4.5,50 km E of Baculin  Philippines
2026-04-09T10:45:37.379Z,8.8944,126.5462,40.212,4.6,25 km E of Aras-asan  Philippines
2026-04-09T15:07:31.585Z,6.2348,125.9442,81.949,4.7,28 km SW of Surup  Philippines
2026-04-09T20:18:27.782Z,1.2981,126.1819,35,4.4,118 km E of Bitung  Indonesia
2026-04-10T17:22:20.093Z,1.2542,126.0727,35,4.1,107 km E of Bitung  Indonesia
2026-04-11T06:36:18.295Z,8.2853,126.5348,81.222,4,17 km NE of Barcelona  Philippines
2026-04-12T00:52:56.362Z,1.2922,126.1986,35,4.2,120 km E of Bitung  Indonesia
2026-04-13T06:59:43.476Z,1.4674,126.3391,39.029,4.9,134 km E of Bitung  Indonesia
2026-04-16T00:02:32.084Z,7.9465,126.792,10,4.3,38 km E of Santa Maria  Philippines
2026-04-16T07:12:55.577Z,3.4242,126.4646,58.153,4.2,245 km SSE of Sarangani  Philippines
2026-04-16T09:56:29.373Z,2.0444,124.3303,343.03,4.1,84 km NW of Manado  Indonesia
2026-04-17T06:47:16.905Z,9.6712,125.7062,120.188,4.5,8 km N of Gigaquit  Philippines
2026-04-17T14:49:26.486Z,1.8023,127.3648,123.511,4.2,72 km W of Tobelo  Indonesia
2026-04-17T23:27:34.807Z,1.3072,126.1854,35,5,118 km E of Bitung  Indonesia
2026-04-17T23:29:38.089Z,1.2934,126.2705,35,5.1,128 km E of Bitung  Indonesia
2026-04-18T02:14:34.165Z,1.3682,126.1551,35,4.7,114 km E of Bitung  Indonesia
2026-04-18T08:45:47.309Z,6.472,125.9238,150.863,4.4,19 km WSW of Luzon  Philippines
2026-04-18T12:30:53.299Z,5.6624,125.501,236.71,4.3,4 km E of Sugal  Philippines
2026-04-18T22:16:04.020Z,5.621,126.515,112.026,4.2,89 km SSE of Pondaguitan  Philippines
2026-04-19T05:41:11.130Z,6.6199,127.284,10,4.6,103 km ESE of San Ignacio  Philippines
2026-04-19T18:35:44.601Z,3.479,126.5469,35,4.8,244 km SSE of Sarangani  Philippines
2026-04-20T21:16:10.589Z,2.6873,122.9414,487.377,4.4,238 km N of Gorontalo  Indonesia
2026-04-21T17:03:19.441Z,8.652,127.1324,9.309,4.4,93 km ENE of Hinatuan  Philippines
2026-04-22T01:33:11.478Z,6.0528,127.3627,10,4.2,135 km ESE of Pondaguitan  Philippines
2026-04-23T12:13:10.164Z,1.3299,126.3438,35,4.3,130 km WNW of Ternate  Indonesia
2026-04-23T20:24:10.925Z,3.0123,128.2634,206.928,4.2,144 km NNE of Tobelo  Indonesia
2026-04-24T08:41:39.029Z,1.4495,126.6033,35,4.6,113 km NW of Ternate  Indonesia
2026-04-24T23:50:23.047Z,7.0997,127.129,10,4.4,64 km ESE of Santiago  Philippines
2026-04-25T04:28:35.083Z,1.2273,126.0586,35,4.6,106 km ESE of Bitung  Indonesia
2026-04-25T13:19:54.889Z,8.1581,126.5732,60.302,4.4,15 km E of Barcelona  Philippines
2026-04-26T07:20:42.702Z,2.3613,127.0606,51.068,4.6,126 km WNW of Tobelo  Indonesia
2026-04-26T10:27:07.008Z,4.9549,127.5383,113.216,4.1,216 km SE of Pondaguitan  Philippines
2026-04-26T15:52:35.660Z,3.0165,126.4939,48.217,4.3,220 km NW of Tobelo  Indonesia
2026-04-27T00:31:04.069Z,6.6546,127.4369,10,4.4,116 km ESE of San Ignacio  Philippines
2026-04-27T11:16:59.477Z,8.7449,126.2026,92.605,4.3,3 km N of Salvacion  Philippines
2026-04-28T19:59:06.785Z,2.5138,128.2913,199.944,4.4,92 km NNE of Tobelo  Indonesia
2026-04-29T22:04:39.230Z,8.952,126.4816,19.754,5,20 km ENE of Aras-asan  Philippines
2026-04-30T10:44:16.049Z,7.1607,126.5694,142.004,4.4,6 km SSE of Manay  Philippines
2026-04-30T15:01:35.606Z,7.6078,126.612,70.071,4.5,6 km ENE of Baganga  Philippines
2026-05-02T23:05:58.186Z,3.6696,122.2075,601.606,4,250 km SE of Latung  Philippines
2026-05-03T03:36:22.650Z,9.0346,126.0569,10,4.2,12 km WNW of Gamut  Philippines
2026-05-03T06:57:42.701Z,1.4364,126.2841,35,4.8,128 km E of Bitung  Indonesia
2026-05-03T12:21:48.583Z,5.6048,126.9594,10,4.4,120 km SE of Pondaguitan  Philippines
2026-05-03T20:55:00.018Z,3.6792,126.8358,51.654,4.5,244 km SE of Sarangani  Philippines
2026-05-04T03:37:08.558Z,3.0874,126.507,52.712,4.7,224 km NW of Tobelo  Indonesia
2026-05-04T14:04:12.268Z,5.3975,123.5227,556.564,4.3,116 km SW of Palimbang  Philippines
2026-05-05T09:13:59.663Z,1.2452,125.8365,35,4.4,81 km ESE of Bitung  Indonesia
2026-05-05T23:10:51.756Z,7.9419,126.8754,35,4.6,45 km NE of Kinablangan  Philippines
2026-05-06T14:56:41.340Z,2.5039,127.6047,91.49,4.4,96 km NNW of Tobelo  Indonesia
2026-05-06T15:35:49.132Z,7.5271,126.7728,29,5.5,22 km ENE of Baculin  Philippines
2026-05-07T09:08:45.929Z,7.6824,126.9647,35,4.4,45 km E of Kinablangan  Philippines
2026-05-07T20:45:26.834Z,6.1318,127.0146,199.873,4.3,96 km ESE of Pondaguitan  Philippines
2026-05-08T05:53:49.329Z,1.5269,126.0296,35,4.4,100 km E of Bitung  Indonesia
2026-05-10T01:50:14.495Z,5.6797,126.3366,103.705,4.6,77 km SSE of Pondaguitan  Philippines
2026-05-11T07:54:23.721Z,8.1187,126.3586,10,4.6,9 km WSW of Barcelona  Philippines
2026-05-11T13:33:12.519Z,2.8018,127.8554,95.42,4,119 km N of Tobelo  Indonesia
2026-05-12T08:53:57.637Z,4.7983,127.5163,120.156,5,227 km SE of Pondaguitan  Philippines
2026-05-12T18:10:22.433Z,2.9083,127.8786,71.729,4.7,131 km N of Tobelo  Indonesia
2026-05-12T23:10:11.464Z,4.7477,126.5495,78.896,4.2,140 km ESE of Sarangani  Philippines
2026-05-14T22:04:51.574Z,5.4133,126.1368,123.554,4,74 km E of Sarangani  Philippines
2026-05-14T23:33:05.925Z,4.5368,125.5105,168.562,4.2,95 km S of Sarangani  Philippines
2026-05-16T11:25:44.044Z,6.8189,124.695,10,5,4 km SW of Badak  Philippines
2026-05-16T22:07:43.874Z,1.3663,126.1644,31.75,4.4,115 km E of Bitung  Indonesia
2026-05-18T11:51:09.421Z,1.8793,126.582,44.663,4.2,149 km NW of Ternate  Indonesia
2026-05-18T18:06:05.372Z,6.0809,126.9702,66.511,4.4,93 km ESE of Pondaguitan  Philippines
2026-05-20T02:26:51.312Z,9.97,125.9102,87.668,4.7,10 km W of San Benito  Philippines
2026-05-20T02:37:42.179Z,7.5271,126.9379,10,4.3,39 km ENE of Baculin  Philippines
2026-05-20T12:48:55.330Z,1.2827,126.2968,37.166,4.6,131 km E of Bitung  Indonesia
2026-05-21T01:25:32.929Z,5.1665,127.4492,35,4.2,193 km SE of Pondaguitan  Philippines
2026-05-21T16:45:56.957Z,5.6419,126.7834,135.715,4.7,104 km SE of Pondaguitan  Philippines
2026-05-22T03:29:35.361Z,3.3458,128.2276,95.106,4.3,180 km N of Tobelo  Indonesia
2026-05-22T07:07:46.496Z,6.3077,124.0647,526.843,4,15 km S of Sangay  Philippines
2026-05-24T08:24:15.305Z,9.1382,126.5366,9.887,4.6,34 km ENE of La Paz  Philippines
2026-05-24T13:19:05.760Z,9.1379,126.5217,53.181,5.1,33 km ENE of La Paz  Philippines
2026-05-24T16:48:40.991Z,9.2772,126.2883,34.129,5.5,10 km E of Cortes  Philippines
2026-05-25T02:32:38.451Z,8.038,126.9262,35,4.9,53 km E of Santa Maria  Philippines
2026-05-25T03:11:36.793Z,5.3333,126.3596,115.083,4,99 km E of Sarangani  Philippines
2026-05-26T11:11:05.648Z,1.8043,124.8735,269.072,4.4,35 km N of Manado  Indonesia
2026-05-27T03:22:55.704Z,1.2225,125.9748,35,4.2,97 km ESE of Bitung  Indonesia
2026-05-28T10:44:43.705Z,8.7897,126.3501,83.192,4.5,6 km ESE of Marihatag  Philippines
2026-05-30T05:48:13.661Z,6.1228,126.9009,10,4.5,84 km ESE of Pondaguitan  Philippines
2026-05-30T06:08:29.132Z,6.3114,126.8088,48.445,4.2,70 km E of Pondaguitan  Philippines
2026-05-30T07:03:03.492Z,6.0722,126.7799,41.144,4.6,73 km ESE of Pondaguitan  Philippines
2026-05-30T07:13:46.611Z,6.255,126.6809,51.983,4.4,56 km ESE of Pondaguitan  Philippines
2026-05-30T07:16:17.367Z,5.9429,127.352,10,4.4,137 km ESE of Pondaguitan  Philippines
2026-05-30T13:15:12.317Z,6.1528,126.5793,27.216,4.6,50 km ESE of Pondaguitan  Philippines
2026-05-30T13:18:16.055Z,6.3567,126.9388,9.624,4.5,84 km E of Pondaguitan  Philippines
2026-05-30T21:20:38.167Z,6.2825,126.9984,10,4.3,91 km E of Pondaguitan  Philippines
2026-05-31T03:13:26.177Z,4.1021,126.7571,64.468,4.3,203 km SE of Sarangani  Philippines
2026-05-31T05:57:11.048Z,8.9178,126.5066,56.726,4.5,21 km E of Aras-asan  Philippines
2026-05-31T08:01:54.679Z,6.2909,126.8256,8.806,4.2,72 km E of Pondaguitan  Philippines
2026-06-01T00:36:36.507Z,1.7257,126.5898,68.592,4.2,136 km NW of Ternate  Indonesia
2026-06-01T04:42:22.467Z,6.7345,123.7281,10.115,4.3,33 km WSW of Gadung  Philippines
2026-06-01T10:57:15.279Z,6.9146,126.2534,66.238,4.6,6 km SE of Mati  Philippines
2026-06-04T19:24:48.723Z,5.8671,125.9866,142.01,4.3,36 km ESE of Mangili  Philippines
2026-06-05T14:47:21.456Z,5.3905,125.9273,113.709,4.5,51 km E of Sarangani  Philippines
2026-06-05T23:19:15.180Z,5.4504,125.8681,90.648,4.3,45 km E of Sarangani  Philippines
2026-06-06T08:56:40.067Z,3.8937,122.7709,566.15,4.1,255 km SSE of Tabiauan  Philippines
2026-06-06T12:38:50.726Z,4.79,126.0772,101.818,4.2,96 km SE of Sarangani  Philippines
2026-06-06T13:39:33.238Z,1.593,126.233,67.389,4.4,124 km E of Bitung  Indonesia
