time,latitude,longitude,depth,mag,region
2020-09-30T20:48:01.256Z,7.8599,127.0387,44.34,4,57 km ENE of Kinablangan  Philippines
2020-09-30T21:08:08.342Z,9.1581,126.6167,10,4.6,43 km ENE of La Paz  Philippines
2020-09-30T21:13:10.357Z,9.2094,126.7568,10,4.6,59 km ENE of La Paz  Philippines
2020-09-30T22:10:47.184Z,9.2267,126.7042,10,5.1,55 km ENE of La Paz  Philippines
2020-09-30T22:16:59.500Z,9.1325,126.6122,10,4.4,41 km ENE of La Paz  Philippines
2020-10-01T03:08:46.766Z,9.6862,127.2006,10,4.4,119 km ENE of Cortes  Philippines
2020-10-01T04:14:54.422Z,9.3704,127.179,10,4.3,108 km E of Cortes  Philippines
2020-10-01T06:59:22.723Z,9.4225,127.2024,10,4.3,112 km E of Cortes  Philippines
2020-10-02T01:40:07.888Z,10.7875,126.2756,10,4.5,51 km ESE of Sulangan  Philippines
2020-10-03T05:03:47.399Z,13.5738,120.9304,177.14,4.7,7 km N of Balatero  Philippines
2020-10-03T22:19:29.574Z,9.2532,126.3193,39.88,4.6,14 km ESE of Cortes  Philippines
2020-10-04T18:16:53.824Z,13.6082,120.7526,121,5.6,14 km WSW of Tingloy  Philippines
2020-10-05T08:35:13.396Z,10.3752,126.2001,54.86,4.5,43 km NNE of Santa Monica  Philippines
2020-10-05T09:36:56.371Z,10.3199,126.0057,61.1,4.3,33 km N of Santa Monica  Philippines
2020-10-05T11:20:20.480Z,8.6575,125.9797,118.56,4.5,2 km NNW of Los Arcos  Philippines
2020-10-06T13:22:02.275Z,9.5863,126.6861,10,4.8,64 km ENE of Cortes  Philippines
2020-10-06T20:49:29.398Z,9.8413,126.856,10,4.4,82 km E of Union  Philippines
2020-10-06T21:18:04.990Z,9.7097,126.3434,10,4.5,26 km ESE of Union  Philippines
2020-10-06T21:29:06.790Z,9.7633,126.3368,10,4.6,24 km E of Union  Philippines
2020-10-06T21:45:21.823Z,9.9221,126.4609,10,4.4,40 km E of Pilar  Philippines
2020-10-06T22:06:03.895Z,9.7346,126.3234,10,4.4,23 km E of Union  Philippines
2020-10-07T00:32:06.980Z,9.6359,126.1821,18.26,4.4,15 km SSE of Union  Philippines
2020-10-07T15:22:15.683Z,8.6939,125.9612,10,4.3,7 km NNW of Los Arcos  Philippines
2020-10-09T10:42:34.948Z,9.8889,126.6263,10,4.3,57 km E of Pilar  Philippines
2020-10-10T01:18:15.922Z,9.936,125.9545,96.1,4.3,6 km WSW of San Benito  Philippines
2020-10-12T19:21:40.276Z,9.7721,126.0146,91.55,4.8,4 km WNW of Dapa  Philippines
2020-10-13T06:49:00.805Z,11.3325,125.6562,24.28,4.7,4 km E of Hernani  Philippines
2020-10-13T07:26:11.108Z,11.5605,125.7512,35,4.3,27 km NE of Llorente  Philippines
2020-10-14T13:11:22.602Z,8.7269,127.0538,10,4.2,83 km ESE of Aras-asan  Philippines
2020-10-15T08:51:35.627Z,7.2362,126.3157,10,4.6,22 km NNE of Limot  Philippines
2020-10-16T00:27:42.257Z,10.4359,122.273,10,4.8,22 km SE of San Joaquin  Philippines
2020-10-16T00:32:42.060Z,10.4407,122.2578,10,4.8,20 km SE of San Joaquin  Philippines
2020-10-16T00:42:01.875Z,10.4182,122.2035,10,4.7,18 km ESE of Lawigan  Philippines
2020-10-17T12:57:07.801Z,10.5129,122.3821,10,4.1,15 km WNW of Locmayan  Philippines
2020-10-18T05:46:54.653Z,11.1819,125.9284,35,4.8,27 km NE of Guiuan  Philippines
2020-10-19T19:32:59.574Z,11.7604,124.8823,35,4.4,1 km SSW of Catbalogan  Philippines
2020-10-19T20:59:04.980Z,8.1367,126.8607,70.91,4.6,47 km E of Barcelona  Philippines
2020-10-29T05:25:50.823Z,13.7177,120.8742,76.9,4.8,1 km NW of Bagalangit  Philippines
2020-10-29T07:23:16.832Z,13.6978,120.7783,98.29,4.5,10 km WNW of Tingloy  Philippines
2020-10-30T20:32:46.000Z,13.1321,125.6668,24.12,4.6,83 km NE of Cabatuan  Philippines
2020-11-02T06:29:00.670Z,8.6379,121.9721,10,4.6,87 km NW of Kalawit  Philippines
2020-11-04T18:27:48.797Z,10.0607,126.0084,55.88,5,5 km NW of Santa Monica  Philippines
2020-11-05T02:37:02.804Z,10.5569,126.5694,10,4.5,83 km NE of Santa Monica  Philippines
2020-11-10T03:35:32.215Z,13.3059,120.4351,35,4.5,12 km SSW of Paluan  Philippines
2020-11-10T03:45:34.537Z,9.7432,125.9516,60,4.5,11 km W of Dapa  Philippines
2020-11-11T17:07:27.025Z,9.1276,126.3209,62.08,4.4,14 km ENE of Tandag  Philippines
2020-11-11T23:25:04.733Z,9.2775,122.93,10,4.5,5 km E of Alangilan  Philippines
2020-11-12T07:18:25.893Z,10.2155,126.0501,47.71,5.3,21 km N of Santa Monica  Philippines
2020-11-12T12:41:59.322Z,13.5431,120.6753,88.14,4.3,Mindoro  Philippines
2020-11-12T16:33:43.190Z,14.0234,120.6276,104.01,4.3,2 km S of San Diego  Philippines
2020-11-13T18:15:32.227Z,13.7476,120.9041,116.98,4.3,0 km ENE of Solo  Philippines
2020-11-14T05:31:04.583Z,10.3559,126.5907,10,4.6,71 km ENE of Santa Monica  Philippines
2020-11-15T06:35:14.716Z,11.8301,124.2432,20.88,5,21 km ESE of Limbuhan  Philippines
2020-11-15T22:37:43.690Z,8.7572,126.2914,43,6,5 km S of Marihatag  Philippines
2020-11-15T22:49:09.716Z,13.3288,124.3723,16.34,4.4,31 km ENE of Rapu-Rapu  Philippines
2020-11-17T10:28:48.422Z,10.4626,126.1735,46.33,4.4,51 km NNE of Santa Monica  Philippines
2020-11-19T12:14:09.404Z,7.9454,123.2439,10,4.5,6 km SSW of Midsalip  Philippines
2020-11-21T11:12:59.490Z,7.7198,126.0833,10,4.2,1 km SE of Babag  Philippines
2020-11-21T17:06:18.501Z,14.0915,120.621,135.34,4.4,2 km NNW of Nasugbu  Philippines
2020-11-24T14:17:27.504Z,8.5752,126.6525,62.7,4.6,41 km ENE of Hinatuan  Philippines
2020-11-25T02:25:26.750Z,8.4782,126.5702,61.16,4.7,28 km ENE of Hinatuan  Philippines
2020-11-25T17:28:27.386Z,10.74,126.0099,35,4.4,29 km SE of Sulangan  Philippines
2020-11-26T23:26:35.917Z,13.9401,120.8469,291.95,4,2 km N of Sinisian  Philippines
2020-11-27T02:37:53.266Z,14.0484,120.6726,145.9,4.5,0 km SE of Lumbangan  Philippines
2020-11-29T05:49:03.605Z,7.8831,127.1706,38.15,4.1,71 km ENE of Kinablangan  Philippines
2020-11-29T20:23:49.359Z,12.0949,124.2898,10,4.9,16 km SW of Piña  Philippines
2020-12-04T04:40:59.587Z,13.634,120.4235,78.75,4.4,20 km N of Harrison  Philippines
2020-12-04T22:08:39.131Z,8.33,126.603,47.47,4.1,26 km NE of Barcelona  Philippines
2020-12-07T14:37:24.035Z,12.9771,124.5106,68.9,5.4,36 km NNE of Biri  Philippines
2020-12-11T04:10:11.740Z,13.8417,120.7331,138,4.5,3 km E of Hukay  Philippines
2020-12-15T15:38:41.397Z,9.0674,126.1647,36.58,4.4,3 km WSW of Tandag  Philippines
2020-12-16T00:00:07.461Z,13.1234,123.9382,10,4.5,3 km WNW of Santo Niño  Philippines
2020-12-19T20:40:54.383Z,10.8492,126.273,10,4.7,49 km E of Sulangan  Philippines
2020-12-21T18:14:47.611Z,14.7716,121.6318,37.94,4.9,0 km NNW of General Nakar  Philippines
2020-12-22T13:37:53.748Z,10.0821,126.0988,54.97,5,9 km NE of Santa Monica  Philippines
2020-12-24T04:16:31.088Z,13.5924,120.7549,118.74,4.2,14 km N of Wawa  Philippines
2020-12-24T10:32:07.304Z,13.7471,120.9371,122.91,4.5,Mindoro  Philippines
2020-12-24T23:43:41.964Z,13.82,120.6539,109,6.3,2 km ESE of Calatagan  Philippines
2020-12-25T01:06:50.404Z,13.6673,120.6024,127.42,4.1,18 km S of Calatagan  Philippines
2020-12-25T10:04:34.286Z,13.2955,122.3301,10,5.4,20 km W of Silongin  Philippines
2020-12-25T13:24:47.240Z,13.7462,120.8312,121.32,4.7,7 km NW of Bagalangit  Philippines
2020-12-26T03:41:17.024Z,13.0154,122.1056,10,4.4,27 km SSE of Yook  Philippines
2020-12-27T22:31:31.086Z,13.7534,120.7854,117.13,4.4,Mindoro  Philippines
2020-12-28T03:46:07.270Z,13.2406,122.592,10,4.4,3 km S of Tala  Philippines
2020-12-28T13:43:32.767Z,13.9939,120.6997,154.22,4.5,3 km W of Putol  Philippines
2020-12-29T16:38:08.564Z,8.7329,126.7121,46.44,4.2,46 km E of Marihatag  Philippines
2020-12-29T16:38:55.611Z,8.2531,127.1138,10,4.4,75 km E of Barcelona  Philippines
2020-12-29T18:43:22.393Z,9.4131,124.2318,529.84,4.3,21 km S of Valencia  Philippines
2020-12-30T21:27:32.633Z,7.6359,126.9172,53.27,4.6,40 km E of Baganga  Philippines
2021-01-02T05:29:17.919Z,9.5829,125.9985,61.49,4.3,5 km SE of Socorro  Philippines
2021-01-04T00:05:10.096Z,13.1674,122.2262,10,4.5,22 km SE of Torrijos  Philippines
2021-01-06T15:44:31.415Z,8.9701,126.7309,27.47,4.5,47 km E of Aras-asan  Philippines
2021-01-07T02:20:32.752Z,7.8003,122.0446,10,4.5,14 km NW of Siocon  Philippines
2021-01-07T16:47:18.277Z,7.6827,121.9292,10,4.5,22 km W of Siocon  Philippines
2021-01-15T22:48:55.129Z,13.7845,120.7376,158.64,4.6,7 km SSE of Hukay  Philippines
2021-01-16T22:37:45.312Z,12.0214,125.0465,80.23,4.5,4 km SE of San Jose de Buan  Philippines
2021-01-20T01:27:58.557Z,9.0657,125.6272,10,4.8,1 km NNE of Balangbalang  Philippines
2021-01-20T06:53:09.510Z,10.5061,125.5427,60.49,4.9,16 km NNW of Loreto  Philippines
2021-01-22T07:57:11.693Z,13.6855,120.7777,190.08,4.2,10 km WNW of Tingloy  Philippines
2021-01-22T07:59:16.772Z,9.8355,126.3433,10,4.4,26 km E of Pilar  Philippines
2021-01-22T23:14:06.478Z,10.207,125.3979,10,4.2,22 km SW of Tubajon  Philippines
2021-01-23T09:29:23.653Z,9.0234,126.2249,165.55,4,0 km WNW of Tago  Philippines
2021-01-24T07:44:19.099Z,8.194,125.0968,10,4.2,4 km NW of Sumpong  Philippines
2021-01-24T14:26:45.309Z,8.99,126.504,64.31,5.2,24 km ENE of Aras-asan  Philippines
2021-01-25T17:31:25.014Z,9.1524,126.185,70.36,4.3,3 km SSE of Mabahin  Philippines
2021-01-25T19:39:47.617Z,13.8793,120.6672,90.63,4.6,2 km E of Lucsuhin  Philippines
2021-01-26T21:04:17.581Z,8.0318,126.9793,35,4.4,59 km E of Santa Maria  Philippines
2021-01-27T20:48:46.902Z,13.878,120.8167,116.91,4.1,5 km SW of Sinisian  Philippines
2021-01-29T05:08:14.209Z,13.5184,120.4817,54.49,4.8,9 km NE of Harrison  Philippines
2021-01-29T05:12:23.257Z,13.4978,120.5059,43.3,5,9 km NE of Harrison  Philippines
2021-01-30T03:12:57.887Z,10.5986,125.5181,10,4.8,26 km NNW of Loreto  Philippines
2021-01-31T00:34:14.635Z,9.0919,126.5574,18.17,4.9,34 km ENE of Bacolod  Philippines
2021-01-31T05:02:44.783Z,9.4274,125.8907,71.09,4.2,2 km NNW of Adlay  Philippines
2021-02-01T14:08:11.201Z,13.0728,120.3517,10,4.4,29 km SW of Tayaman  Philippines
2021-02-01T22:31:08.001Z,9.7061,126.01,10,4.7,7 km SW of Dapa  Philippines
2021-02-03T03:36:05.281Z,13.752,120.8608,107.41,4.4,4 km W of Solo  Philippines
2021-02-04T22:00:43.301Z,14.5452,122.976,10,5.1,35 km NE of Paracale  Philippines
2021-02-04T22:08:40.294Z,14.4849,123.1486,10,4.5,38 km NE of Sabang Indan  Philippines
2021-02-04T23:30:02.617Z,14.3807,123.0941,10,4.5,26 km NE of Sabang Indan  Philippines
2021-02-04T23:49:49.484Z,11.9022,120.7811,10,4.8,52 km SW of Santa Teresa  Philippines
2021-02-05T00:23:50.031Z,14.2998,122.8456,10,4.3,6 km ENE of Paracale  Philippines
2021-02-05T11:14:44.735Z,9.2687,126.5677,38.67,4.5,Mindanao  Philippines
2021-02-06T10:21:12.868Z,7.527,126.6197,74.7,4.6,8 km SE of Baganga  Philippines
2021-02-07T04:22:56.667Z,6.7693,125.1011,16,6,9 km W of Magsaysay  Philippines
2021-02-08T17:33:16.737Z,7.5478,126.7851,58.26,4.5,24 km ENE of Baculin  Philippines
2021-02-08T23:24:39.901Z,11.9604,120.7767,10,5,48 km SW of Santa Teresa  Philippines
2021-02-08T23:27:30.145Z,11.8418,120.7459,10,4.4,47 km N of Algeciras  Philippines
2021-02-08T23:50:53.848Z,11.8296,120.5697,10,4.6,43 km ESE of Coron  Philippines
2021-02-11T13:35:02.728Z,13.5954,120.8395,149.45,4.8,8 km SSW of Tingloy  Philippines
2021-02-12T10:16:35.908Z,10.6828,121.7048,10,4.6,29 km W of Piape I  Philippines
2021-02-16T14:20:47.075Z,9.2629,127.0509,10,4.5,91 km ENE of Aras-asan  Philippines
2021-02-18T05:59:00.725Z,13.5014,120.4868,59.97,4.4,8 km NE of Harrison  Philippines
2021-02-18T06:31:30.385Z,13.4506,120.4296,68.49,4.2,0 km W of Harrison  Philippines
2021-02-21T07:54:27.454Z,10.5442,125.7223,135.27,4.3,25 km NE of Loreto  Philippines
2021-02-26T01:41:03.525Z,9.1152,123.39,10,4.3,16 km ESE of Dauin  Philippines
2021-02-26T02:42:16.533Z,10.245,125.7931,96.59,4.3,27 km ESE of Tubajon  Philippines
2021-03-03T13:08:23.992Z,8.5068,126.8144,35,4.7,54 km ENE of Hinatuan  Philippines
2021-03-03T13:23:53.368Z,8.516,126.9305,35,4.4,67 km NE of Barcelona  Philippines
2021-03-07T02:55:51.210Z,7.4027,125.4989,49.2,4.2,9 km NW of Mabuhay  Philippines
2021-03-12T12:28:50.593Z,8.2272,125.4309,10,4.3,16 km NE of Cabanglasan  Philippines
2021-03-16T02:48:15.739Z,9.2874,126.031,93.1,4.6,6 km NNE of Carmen  Philippines
2021-03-17T06:16:16.504Z,8.8453,126.5553,88.35,4.1,27 km E of Aras-asan  Philippines
2021-03-18T21:51:44.661Z,7.7407,126.9503,56.96,4.3,44 km E of Kinablangan  Philippines
2021-03-20T05:56:30.796Z,14.0859,120.71,110.16,4.2,1 km WNW of Tumalim  Philippines
2021-03-20T10:06:05.304Z,10.182,126.8325,10,4.5,87 km ENE of Pilar  Philippines
2021-03-24T13:30:36.128Z,10.0289,126.0443,81.58,4.4,1 km NNE of Santa Monica  Philippines
2021-03-24T21:00:45.222Z,9.9552,125.6702,10,4.2,3 km N of Cagdianao  Philippines
2021-03-25T20:24:26.629Z,14.0169,120.8088,142.6,4.2,5 km E of Bolboc  Philippines
2021-03-26T22:45:51.253Z,7.9883,126.2967,71.21,4.4,13 km WSW of Lingig  Philippines
2021-03-29T21:08:35.578Z,13.5455,124.9909,10,4.4,69 km ESE of Gigmoto  Philippines
2021-04-06T03:22:03.629Z,10.2521,126.4228,35,4.5,49 km ENE of Santa Monica  Philippines
2021-04-12T17:35:23.908Z,9.8703,125.4694,35,4.2,7 km NNE of Mabua  Philippines
2021-04-13T14:08:10.881Z,11.206,125.8416,35,4.3,20 km ENE of Salcedo  Philippines
2021-04-13T18:39:55.341Z,13.8687,120.6771,202.61,4.8,3 km NW of Hukay  Philippines
2021-04-14T05:32:52.784Z,10.0059,126.1283,57.35,4.3,9 km E of Santa Monica  Philippines
2021-04-14T11:09:34.240Z,10.0362,126.3367,35,4.9,32 km NE of Pilar  Philippines
2021-04-14T11:20:46.591Z,9.8906,126.3663,35,4.2,29 km E of Pilar  Philippines
2021-04-14T16:39:27.602Z,10.1525,126.4943,35,4.2,52 km ENE of Santa Monica  Philippines
2021-04-19T23:49:42.409Z,6.892,123.5914,616.53,4.8,48 km WNW of Gadung  Philippines
2021-04-20T08:30:13.320Z,9.5436,125.8521,82.79,4.7,13 km ESE of Claver  Philippines
2021-04-21T08:45:12.324Z,8.7617,125.8334,10,4.5,7 km E of Bayugan  Philippines
2021-04-21T15:32:49.421Z,10.8256,125.912,10,4.3,15 km SE of Sulangan  Philippines
2021-04-22T20:31:24.077Z,10.4743,125.0767,25.82,4.7,11 km WSW of Silago  Philippines
2021-04-23T07:04:29.716Z,10.4074,125.0937,26.21,4.4,12 km ENE of Sogod  Philippines
2021-04-23T08:48:16.461Z,8.4545,125.9417,48.48,4.5,5 km NW of Lapinigan  Philippines
2021-04-23T09:56:48.203Z,7.6818,125.6339,87.28,4.5,2 km NNW of Suz-on  Philippines
2021-04-23T10:39:48.017Z,8.3337,125.9671,4.52,4.6,9 km S of Lapinigan  Philippines
2021-04-25T13:05:44.791Z,9.5241,126.0774,35,4.6,16 km SE of Socorro  Philippines
2021-04-25T13:36:08.502Z,10.0203,126.5483,35,4.2,52 km ENE of Pilar  Philippines
2021-04-25T21:21:16.300Z,7.8276,126.2242,109.62,4.1,16 km WSW of Boston  Philippines
2021-04-27T08:44:08.425Z,9.9752,126.2305,43.08,4.5,18 km NE of Pilar  Philippines
2021-05-04T09:29:37.063Z,8.6141,122.8133,10,4.2,29 km NW of Ponot  Philippines
2021-05-06T04:29:23.114Z,13.5505,125.2057,10,4.6,91 km ESE of Gigmoto  Philippines
2021-05-08T08:38:41.024Z,8.6065,126.8253,20.8,4.5,59 km ENE of Hinatuan  Philippines
2021-05-10T00:15:08.355Z,10.9936,124.9236,34.63,4.3,3 km ENE of Burauen  Philippines
2021-05-12T01:09:27.067Z,13.5716,120.8478,113,5.8,10 km SSW of Tingloy  Philippines
2021-05-12T20:40:11.986Z,13.5553,120.9681,135.51,4.2,5 km N of Sabang  Philippines
2021-05-15T03:04:08.322Z,13.7931,120.7743,117.1,4.6,9 km SE of Hukay  Philippines
2021-05-16T16:42:04.595Z,14.214,120.7947,122.98,4.1,2 km SSW of Pantijan No 2  Philippines
2021-05-18T01:16:43.360Z,13.5749,120.9802,104.06,4.5,7 km N of Sabang  Philippines
2021-05-19T19:55:56.793Z,8.2792,122.8649,31.77,4.2,14 km WSW of Siari  Philippines
2021-05-20T17:00:54.249Z,10.2141,126.138,57.24,4.6,24 km NNE of Santa Monica  Philippines
2021-05-29T21:20:21.949Z,8.8081,125.7811,29.59,4.5,5 km NNE of Bayugan  Philippines
2021-06-01T21:59:31.582Z,8.7667,126.4033,64.76,4.4,12 km ESE of Marihatag  Philippines
2021-06-03T05:14:46.138Z,13.7152,121.0102,47.44,4.2,5 km WSW of Wawa  Philippines
2021-06-03T09:57:27.964Z,10.1231,125.987,80.62,4.5,12 km NNW of Santa Monica  Philippines
2021-06-03T10:06:01.192Z,10.1834,126.1065,40.52,4.4,19 km NNE of Santa Monica  Philippines
2021-06-05T20:28:45.355Z,8.5611,126.6697,59.47,4.9,42 km ENE of Hinatuan  Philippines
2021-06-06T02:59:24.121Z,10.223,126.3641,49.72,5,42 km ENE of Santa Monica  Philippines
2021-06-06T03:21:02.356Z,10.2164,126.2052,57.12,4.9,28 km NE of Santa Monica  Philippines
2021-06-06T03:40:18.875Z,10.1491,125.9362,69.55,4.5,18 km NW of Santa Monica  Philippines
2021-06-06T07:24:57.850Z,10.1238,126.0554,5.53,4.3,11 km N of Santa Monica  Philippines
2021-06-06T08:03:25.537Z,10.1888,126.2622,57.25,4.9,30 km NE of Santa Monica  Philippines
2021-06-06T08:34:46.129Z,10.0903,125.9837,10,4.3,9 km NW of Santa Monica  Philippines
2021-06-06T08:40:01.226Z,10.1705,126.2348,35,4.2,27 km NE of Santa Monica  Philippines
2021-06-06T08:42:59.509Z,10.0179,126.0605,35,4.3,2 km E of Santa Monica  Philippines
2021-06-06T09:09:44.265Z,10.0989,126.1277,44.92,4.8,13 km NE of Santa Monica  Philippines
2021-06-06T09:27:57.969Z,10.1566,126.2514,64.04,4.5,27 km ENE of Santa Monica  Philippines
2021-06-06T13:31:15.612Z,10.1919,126.1496,26.87,4.5,22 km NNE of Santa Monica  Philippines
2021-06-06T13:51:27.804Z,10.1729,126.062,21.82,4.5,17 km N of Santa Monica  Philippines
2021-06-06T14:02:10.778Z,10.2534,126.3677,56.86,4.4,44 km NE of Santa Monica  Philippines
2021-06-06T21:28:36.327Z,10.3578,126.6098,10,4.5,72 km ENE of Santa Monica  Philippines
2021-06-07T11:49:58.307Z,10.9641,122.2394,10,4.7,18 km WSW of Jayubó  Philippines
2021-06-07T14:14:18.132Z,8.6447,127.0288,10,4.3,82 km ENE of Hinatuan  Philippines
2021-06-07T18:17:42.139Z,12.2284,124.1782,35,4.3,9 km ESE of San Vicente  Philippines
2021-06-07T21:41:10.852Z,10.2413,126.1873,35,5.2,29 km NNE of Santa Monica  Philippines
2021-06-09T08:11:08.280Z,9.085,126.1551,76.49,4.5,3 km S of Buenavista  Philippines
2021-06-09T19:47:00.227Z,10.1318,126.1527,51.81,4.4,17 km NE of Santa Monica  Philippines
2021-06-10T04:41:55.813Z,10.2032,126.1261,41.47,4.6,22 km NNE of Santa Monica  Philippines
2021-06-13T00:51:28.237Z,10.1844,126.116,10,4.6,20 km NNE of Santa Monica  Philippines
2021-06-13T08:53:45.234Z,10.1567,121.9629,36.11,4,29 km S of Magdalena  Philippines
2021-06-13T09:49:12.563Z,10.1198,126.0915,71.01,4.2,12 km NNE of Santa Monica  Philippines
2021-06-14T14:38:41.447Z,7.7102,124.967,5.86,5.7,5 km NW of Don Carlos  Philippines
2021-06-14T14:49:44.579Z,7.8263,125.005,10,4.7,4 km WSW of Dologon  Philippines
2021-06-14T14:49:54.793Z,7.5814,124.9042,10,5.3,2 km SSW of Kadingilan  Philippines
2021-06-14T14:56:14.457Z,7.7121,124.9707,10,4.3,5 km NW of Don Carlos  Philippines
2021-06-14T14:59:44.957Z,7.7497,124.9362,10,4.5,7 km W of Maramag  Philippines
2021-06-14T15:44:24.892Z,7.6354,124.7796,10,4.3,5 km NW of Osias  Philippines
2021-06-15T01:59:04.360Z,13.4991,120.8934,118.9,4.4,3 km W of Balatero  Philippines
2021-06-15T06:15:44.541Z,7.0689,123.6684,10,4.5,47 km W of Rimpeso  Philippines
2021-06-16T00:14:02.600Z,10.1732,126.0078,23.6,4.9,17 km N of Santa Monica  Philippines
2021-06-16T16:42:40.480Z,10.0799,125.9819,10,4.2,9 km NW of Santa Monica  Philippines
2021-06-16T18:35:31.865Z,10.1054,126.1405,51.52,4.6,14 km NE of Santa Monica  Philippines
2021-06-16T22:19:15.815Z,10.1013,126.0765,10,4.6,9 km NNE of Santa Monica  Philippines
2021-06-17T01:04:37.197Z,9.0812,125.9583,10,4.3,12 km N of San Miguel  Philippines
2021-06-17T14:46:11.262Z,11.464,125.7802,10,4.3,23 km NE of Hernani  Philippines
2021-06-18T01:13:40.990Z,7.6462,124.7356,10,4.3,8 km ESE of Wao  Philippines
2021-06-18T18:40:57.781Z,6.9375,124.8181,10,4.3,4 km WSW of Dunguan  Philippines
2021-06-18T21:15:28.167Z,7.5677,124.8496,10,4.5,5 km SE of Osias  Philippines
2021-06-20T13:44:35.679Z,10.1236,125.8472,60.74,4.4,23 km WNW of Santa Monica  Philippines
2021-06-20T14:36:19.536Z,12.0588,126.1924,10,4.3,75 km E of San Policarpo  Philippines
2021-06-22T12:03:10.426Z,9.1081,122.039,10,4.5,70 km SW of Colipapa  Philippines
2021-06-26T04:18:09.642Z,13.6823,121.0073,120.61,4.6,8 km SW of Wawa  Philippines
2021-06-26T15:07:18.920Z,8.5281,126.6608,54.88,4.5,39 km ENE of Hinatuan  Philippines
2021-06-27T07:14:10.316Z,8.9437,126.2703,49.01,5,2 km WNW of Bacolod  Philippines
2021-06-28T11:34:09.528Z,9.8463,126.7334,25.07,4.5,69 km E of Union  Philippines
2021-06-29T08:56:04.709Z,9.1836,122.3194,62.43,4.6,41 km SW of Colipapa  Philippines
2021-06-30T09:58:05.823Z,9.4892,126.1217,36.14,4.6,22 km SE of Socorro  Philippines
2021-06-30T15:51:46.371Z,9.1432,126.4753,35,4.1,29 km NE of La Paz  Philippines
2021-07-01T20:44:47.746Z,15.051,123.1191,28.86,4.4,88 km ENE of Casuguran  Philippines
2021-07-02T13:39:40.518Z,7.102,123.2024,10,4.2,39 km SSW of Panubigan  Philippines
2021-07-04T17:04:40.824Z,9.7783,126.4913,36.14,4.5,Mindanao  Philippines
2021-07-05T19:57:23.025Z,9.0051,126.5935,45.66,4.5,33 km ENE of Aras-asan  Philippines
2021-07-06T14:38:16.369Z,6.9681,125.1636,11.49,4.5,4 km NE of Malasila  Philippines
2021-07-09T08:34:51.161Z,8.5765,123.2523,10,4.6,6 km NNE of Langatian  Philippines
2021-07-09T11:21:07.861Z,13.6165,120.9705,113.62,4.2,10 km W of Ilihan  Philippines
2021-07-11T17:07:23.691Z,8.7759,126.2666,78.05,4.3,Mindanao  Philippines
2021-07-19T07:28:08.193Z,7.6783,126.4905,99.92,4.4,6 km SSW of Taytayan  Philippines
2021-07-19T17:53:23.806Z,10.4322,125.0469,43.05,4.3,8 km NE of Sogod  Philippines
2021-07-20T10:07:16.654Z,13.8005,120.8029,78.71,4.6,11 km ESE of Hukay  Philippines
2021-07-21T20:09:29.299Z,10.2807,125.4206,121.16,4.4,16 km WSW of Tubajon  Philippines
2021-07-22T11:15:17.910Z,11.568,124.6191,38.85,4.5,Leyte  Philippines
2021-07-23T20:48:57.357Z,13.7047,120.7259,110,6.7,15 km S of Hukay  Philippines
2021-07-23T20:57:18.713Z,13.7977,120.7434,120.58,5.8,6 km SE of Hukay  Philippines
2021-07-23T21:04:06.343Z,12.47,123.4295,285.28,4.2,5 km ESE of Puro  Philippines
2021-07-24T01:23:38.933Z,10.4119,127.1222,10,4.4,126 km ENE of Santa Monica  Philippines
2021-07-24T09:43:35.089Z,13.7582,120.9719,121.88,4.5,3 km E of Mabini  Philippines
2021-07-25T21:13:50.005Z,10.6077,125.8894,57.15,4.5,36 km S of Sulangan  Philippines
2021-08-03T16:20:17.057Z,13.4827,120.8529,91.53,4.7,3 km E of Odala  Philippines
2021-08-13T15:08:31.218Z,13.7016,120.7817,121,5.9,10 km WNW of Tingloy  Philippines
2021-08-14T10:30:41.952Z,9.8416,125.9073,67.63,4.9,7 km WSW of Del Carmen  Surigao del Norte  Philippines
2021-08-17T02:22:37.876Z,10.3711,125.4306,137.71,4.4,15 km WNW of Tubajon  Philippines
2021-08-17T14:17:00.660Z,9.0781,126.9615,10,4.2,74 km ENE of Aras-asan  Philippines
2021-08-20T07:29:46.192Z,11.703,125.1361,105.57,4.2,12 km E of San Sebastian  Philippines
2021-08-25T12:03:12.660Z,7.1198,122.8975,10,4.8,21 km SSE of Olutanga  Philippines
2021-08-29T14:53:04.629Z,7.9497,126.2274,35,4.6,11 km SE of Santa Maria  Philippines
2021-08-30T11:28:08.565Z,12.8271,121.4055,63.89,4.7,6 km WSW of Tiguisan  Philippines
2021-08-31T05:12:32.393Z,9.6721,122.4409,10,4.3,1 km SE of Cayhagan  Philippines
2021-08-31T15:26:57.900Z,11.4266,125.3467,54.87,4.4,16 km W of Cabay  Philippines
2021-08-31T22:26:05.831Z,7.1271,125.6224,23.22,4.5,6 km N of Davao  Philippines
2021-09-02T07:23:32.100Z,11.6172,124.4795,30.7,4.8,8 km WSW of Culaba  Philippines
2021-09-03T21:23:22.621Z,12.9238,124.058,55.58,4.6,1 km ESE of Boton  Philippines
2021-09-05T09:00:26.018Z,9.8614,122.0354,35,4.6,40 km W of Bulata  Philippines
2021-09-05T16:10:29.706Z,13.3134,120.1049,10,4.5,38 km WSW of Harrison  Philippines
2021-09-07T18:29:22.778Z,8.3118,126.6729,74.46,4.6,31 km ENE of Barcelona  Philippines
2021-09-15T10:48:05.155Z,11.258,125.1588,166.7,4.3,10 km ESE of Basey  Philippines
2021-09-21T16:43:08.724Z,13.3406,120.6662,80.72,4.9,0 km NE of Cabacao  Philippines
2021-09-22T06:50:49.692Z,8.1735,126.5754,87.12,4.5,15 km E of Barcelona  Philippines
2021-09-22T19:47:10.956Z,13.3748,120.6983,85.3,4.6,6 km NE of Cabacao  Philippines
2021-09-23T08:43:06.015Z,13.4105,121.0042,41.58,4.5,2 km SSW of San Teodoro  Philippines
2021-09-24T10:54:19.702Z,13.6695,121.9225,10,4.1,16 km NNE of Balanacan  Philippines
2021-09-26T05:30:05.889Z,9.823,123.7196,10,4.5,8 km WNW of Loon  Philippines
2021-09-26T17:12:05.243Z,13.8941,120.5097,83,5.7,12 km W of Talisay  Philippines
2021-09-26T17:40:51.605Z,13.868,120.6696,103.85,4.4,3 km ESE of Lucsuhin  Philippines
2021-09-26T22:57:51.761Z,13.9004,120.837,90.8,4.8,1 km SSW of Sinisian  Philippines
2021-09-30T15:40:52.347Z,13.6474,121.0987,144.27,4.2,2 km SW of Haligue  Philippines
2021-10-02T18:06:51.811Z,9.3026,125.3054,10,4.5,23 km W of Jabonga  Philippines
2021-10-02T20:55:42.450Z,13.0286,121.1312,10,4.4,Mindoro  Philippines
2021-10-02T21:59:26.680Z,12.8716,120.9142,8.72,5.4,11 km NE of Tuban  Philippines
2021-10-02T23:33:33.833Z,12.935,121.0059,10,4.6,23 km NE of Tuban  Philippines
2021-10-03T00:45:42.570Z,13.8349,120.6855,148.18,4.4,2 km WSW of Hukay  Philippines
2021-10-03T18:33:50.962Z,13.4399,121.6374,10,4.5,19 km W of Laylay  Philippines
2021-10-04T15:25:48.289Z,9.8247,122.3729,10,4.6,3 km W of Cartagena  Philippines
2021-10-04T20:12:02.220Z,9.9437,122.1494,10,4.6,29 km WNW of Bulata  Philippines
2021-10-05T01:47:41.817Z,9.8673,122.1333,10,4.7,Negros  Philippines
2021-10-07T18:14:54.009Z,13.9389,120.6866,160.14,5.3,2 km E of Bungahan  Philippines
2021-10-12T15:16:11.175Z,9.8834,124.2825,10,4.7,1 km S of Dagohoy  Philippines
2021-10-14T10:37:47.510Z,10.8969,121.8532,36,4.4,13 km WNW of Belison  Philippines
2021-10-14T17:20:59.801Z,13.6121,123.3201,10,4.4,2 km ENE of Curry  Philippines
2021-10-15T16:54:48.484Z,8.8157,126.2651,67.98,4.9,3 km WNW of Marihatag  Philippines
2021-10-15T22:44:42.525Z,8.244,127.4223,10,4.4,109 km E of Barcelona  Philippines
2021-10-17T11:28:01.676Z,7.4422,126.5876,156.46,4.3,Mindanao  Philippines
2021-10-17T16:32:51.103Z,14.5064,123.3527,32.58,4.4,56 km NE of Sabang Indan  Philippines
2021-10-19T02:11:15.140Z,13.961,120.6694,10,4.5,Mindoro  Philippines
2021-10-19T22:12:24.661Z,10.9441,124.8208,10,4.5,1 km S of San Pedro  Philippines
2021-10-22T05:19:50.662Z,14.4571,123.3593,68.29,4.5,53 km NE of Mercedes  Philippines
2021-10-22T19:44:53.472Z,13.5648,123.1742,40.64,4.4,1 km WSW of Minalabac  Philippines
2021-10-23T23:08:29.143Z,8.5647,127.0163,10,5.1,78 km ENE of Hinatuan  Philippines
2021-10-26T05:51:11.106Z,7.5204,126.6653,68.77,4.5,11 km NE of Baculin  Philippines
2021-10-28T05:39:03.263Z,12.8468,124.5033,10,4.8,23 km NE of Biri  Philippines
2021-10-30T06:53:09.071Z,9.0673,126.1681,75.22,4.7,3 km WSW of Tandag  Philippines
2021-10-31T02:17:16.682Z,13.7372,120.8286,138.6,4.3,6 km WNW of Bagalangit  Philippines
2021-11-02T03:58:56.698Z,9.9172,122.5608,10,4.6,6 km S of Tuyum  Philippines
2021-11-05T05:05:23.345Z,9.0667,126.7176,59.35,4.6,48 km ENE of Aras-asan  Philippines
2021-11-05T18:25:14.455Z,9.7641,126.7122,10,4.4,66 km E of Union  Philippines
2021-11-06T23:19:41.846Z,9.5475,125.8324,10,4.3,Mindanao  Philippines
2021-11-07T18:09:19.077Z,10.0646,125.4042,221.29,4.4,23 km WNW of Dinagat  Philippines
2021-11-08T04:16:47.167Z,7.9544,126.6919,61.18,4.8,27 km E of Santa Maria  Philippines
2021-11-11T09:38:45.724Z,13.3171,124.7397,34.12,4.6,57 km SE of Bato  Philippines
2021-11-15T11:15:01.631Z,13.9434,120.6176,122.3,4.3,Mindoro  Philippines
2021-11-19T09:54:29.253Z,13.5343,120.4084,58.04,4.4,9 km NNW of Harrison  Philippines
2021-11-22T12:49:46.360Z,11.2476,122.3402,10,4.4,8 km W of Da-an Sur  Philippines
2021-11-23T08:09:42.919Z,9.0375,126.4317,57.2,4.9,19 km ENE of La Paz  Philippines
2021-11-26T14:50:07.241Z,11.0931,126.5007,10,4.4,75 km ENE of Sulangan  Philippines
2021-11-26T15:47:43.716Z,10.2013,126.2296,35,4.6,29 km NE of Santa Monica  Philippines
2021-11-26T23:14:12.287Z,10.1871,126.3446,46.31,4.4,38 km ENE of Santa Monica  Philippines
2021-11-30T17:35:38.877Z,13.6934,120.8696,148.9,4.5,2 km SW of Bagalangit  Philippines
2021-12-02T11:23:13.586Z,12.8648,123.8396,10,4.4,3 km N of Magallanes  Philippines
2021-12-03T03:36:13.076Z,9.4095,127.0471,10,4.2,95 km E of Cortes  Philippines
2021-12-07T21:52:29.396Z,14.0988,120.8941,134.33,4,1 km E of Luksuhin  Philippines
2021-12-09T00:18:35.125Z,10.0417,126.1777,35,4.6,15 km E of Santa Monica  Philippines
2021-12-09T05:42:50.593Z,13.7283,120.7627,167.09,4.5,13 km W of Bagalangit  Philippines
2021-12-09T12:44:57.811Z,10.0219,126.1289,35,4.9,9 km E of Santa Monica  Philippines
2021-12-09T13:11:06.320Z,10.0622,126.0117,88.86,4.6,5 km NNW of Santa Monica  Philippines
2021-12-09T15:59:21.818Z,9.9398,125.9133,10,4.1,9 km NW of Libas  Philippines
2021-12-10T16:36:15.074Z,13.9736,120.824,60.49,4.4,4 km NNE of Calaca  Philippines
2021-12-10T17:17:18.393Z,13.0317,124.4107,91.57,4.1,29 km E of Bagacay  Philippines
2021-12-12T06:26:07.771Z,10.7736,122.0104,35.19,4.3,0 km NW of Catungan  Philippines
2021-12-13T08:02:59.069Z,8.5653,126.7793,35,4.3,53 km ENE of Hinatuan  Philippines
2021-12-13T09:12:33.433Z,13.6205,120.7577,133.39,5.5,Mindoro  Philippines
2021-12-13T18:33:20.920Z,10.1807,126.4215,35,4.6,45 km ENE of Santa Monica  Philippines
2021-12-15T13:01:20.702Z,10.1465,126.2598,35,4.5,28 km ENE of Santa Monica  Philippines
2021-12-15T13:11:42.353Z,10.1759,126.3021,35,5,33 km ENE of Santa Monica  Philippines
2021-12-15T13:16:59.163Z,10.1288,126.2789,35,4.6,28 km ENE of Santa Monica  Philippines
2021-12-17T14:28:55.401Z,12.8084,123.5688,10,4.9,11 km SSW of Donsol  Philippines
2021-12-17T14:58:03.473Z,12.815,123.736,10,4.6,9 km SSW of Macalaya  Philippines
2021-12-18T12:27:18.787Z,10.4152,126.7139,10,4.6,85 km ENE of Santa Monica  Philippines
2021-12-21T04:08:12.200Z,12.7482,120.9691,10,4.9,12 km NE of Ligaya  Philippines
2021-12-26T16:06:42.876Z,12.6158,120.8404,10,4.6,Mindoro  Philippines
2021-12-28T20:59:34.071Z,13.1727,120.8689,85.76,4.4,19 km NE of Santa Cruz  Philippines
2021-12-31T13:58:24.334Z,9.0257,126.0283,5.16,4.4,Mindanao  Philippines
2022-01-03T06:04:56.777Z,12.7734,123.5064,10,4.3,17 km SSW of Donsol  Philippines
2022-01-03T20:38:22.234Z,6.7737,123.5074,17.97,4.5,56 km W of Gadung  Philippines
2022-01-09T05:13:27.080Z,12.7291,123.4226,41.47,4.5,9 km E of Osmeña  Philippines
2022-01-18T02:30:20.704Z,10.1458,126.8928,10,4.7,92 km ENE of Pilar  Philippines
2022-01-21T20:43:45.453Z,7.5552,126.5369,107.13,5.3,3 km SW of Baganga  Philippines
2022-01-22T20:43:28.884Z,14.1955,120.7267,233.96,4,3 km WNW of Magallanes  Philippines
2022-01-22T22:07:17.910Z,13.7305,120.8305,137.76,4.9,6 km WNW of Bagalangit  Philippines
2022-01-25T03:57:26.872Z,10.1565,127.0447,10,4.5,108 km ENE of Pilar  Philippines
2022-01-25T05:17:05.933Z,11.5208,122.2836,10,4.5,5 km NNW of Libacao  Philippines
2022-01-26T12:36:33.465Z,13.9228,120.6455,109.09,4.3,2 km N of Biga  Philippines
2022-02-02T14:47:25.553Z,13.8634,120.7597,112.32,4.4,6 km ENE of Hukay  Philippines
2022-02-03T09:28:21.966Z,6.8248,123.7716,601.36,4.2,27 km W of Gadung  Philippines
2022-02-07T14:26:15.736Z,10.0345,125.6861,82.96,4.3,12 km N of Cagdianao  Philippines
2022-02-07T23:18:35.201Z,9.0574,126.0523,10,4.4,Mindanao  Philippines
2022-02-16T10:29:35.422Z,12.5622,125.2129,35,4.5,4 km N of Cabatuan  Philippines
2022-02-20T12:48:47.547Z,10.3919,126.4334,10,4.7,59 km NE of Santa Monica  Philippines
2022-02-21T01:32:50.362Z,12.872,123.5436,10,4.4,6 km SW of Dangcalan  Philippines
2022-02-21T07:22:18.887Z,13.6021,120.8739,139.31,5.3,6 km S of Tingloy  Philippines
2022-02-23T13:54:40.183Z,8.4885,126.4977,54.98,4.5,22 km NE of Hinatuan  Philippines
2022-02-25T04:00:57.564Z,13.6849,120.722,156.29,4.2,16 km W of Tingloy  Philippines
2022-03-01T04:40:24.631Z,12.4322,125.5293,35,4.3,22 km NE of Arteche  Philippines
2022-03-04T04:47:44.109Z,9.1933,126.2359,10,4.4,6 km ESE of Tigao  Philippines
2022-03-11T14:14:23.541Z,7.8962,125.9281,24.68,4.9,14 km WNW of Baylo  Philippines
2022-03-12T19:11:22.721Z,8.8848,126.3223,90.11,4.1,1 km ESE of Aras-asan  Philippines
2022-03-13T08:46:22.900Z,6.7599,123.7084,588.23,4.1,34 km W of Gadung  Philippines
2022-03-13T20:52:56.731Z,8.4527,125.9314,46.2,4.4,5 km SE of Borbon  Philippines
2022-03-15T11:46:33.320Z,13.0553,123.025,10,4.2,8 km ESE of San Rafael  Philippines
2022-03-20T16:39:20.917Z,10.9423,124.8614,10,5.3,Leyte  Philippines
2022-03-20T16:51:45.156Z,10.229,126.2237,22.22,4.4,30 km NE of Santa Monica  Philippines
2022-03-20T20:42:01.220Z,10.4986,126.1074,35,4.5,53 km N of Santa Monica  Philippines
2022-03-21T00:02:09.809Z,7.2661,122.3767,10,3.8,10 km S of Limaong  Philippines
2022-03-23T10:28:05.847Z,14.1824,120.8007,129.49,4.4,0 km ESE of General Emilio Aguinaldo  Philippines
2022-03-24T12:01:57.338Z,9.1793,122.6957,56.33,4.6,21 km WSW of Nagbalaye  Philippines
2022-03-25T15:12:08.559Z,13.4995,120.7626,33.47,4.5,4 km NNE of Wawa  Philippines
2022-03-28T17:25:07.032Z,8.7802,126.3221,75.53,4.5,Mindanao  Philippines
2022-03-29T12:52:55.536Z,13.4614,126.0933,10,4.4,140 km NE of Cabatuan  Philippines
2022-04-01T01:35:53.966Z,9.7245,126.7231,10,5,67 km E of Union  Philippines
2022-04-01T09:16:23.810Z,10.1886,125.8759,10,4.5,Leyte  Philippines
2022-04-01T09:32:01.747Z,9.0492,126.6865,35,4.9,44 km ENE of Aras-asan  Philippines
2022-04-02T10:44:53.203Z,9.3452,126.9586,10,4.5,84 km E of Cortes  Philippines
2022-04-02T17:20:06.041Z,11.4427,125.9023,35,4.6,33 km ENE of Hernani  Philippines
2022-04-03T10:17:22.046Z,11.5157,125.845,27.34,4.5,32 km NE of Hernani  Philippines
2022-04-03T10:24:54.783Z,9.2559,126.6946,17.04,5.6,55 km E of Cortes  Philippines
2022-04-03T10:37:01.165Z,11.1242,125.7664,35,4.3,11 km NNE of Guiuan  Philippines
2022-04-03T11:22:04.613Z,9.2618,126.6961,10,5.4,55 km E of Cortes  Philippines
2022-04-03T11:35:16.255Z,9.3476,126.9196,10,4.6,80 km E of Cortes  Philippines
2022-04-03T13:45:42.125Z,11.402,126.0174,10,4.4,44 km E of Hernani  Philippines
2022-04-03T15:29:39.811Z,9.1938,126.632,18,5.4,46 km ENE of La Paz  Philippines
2022-04-03T16:15:24.195Z,9.3427,126.9081,10,4.5,79 km E of Cortes  Philippines
2022-04-03T18:36:09.575Z,9.2879,126.588,10,4.8,43 km E of Cortes  Philippines
2022-04-03T19:12:50.343Z,9.2284,126.7692,10,4.5,61 km ENE of La Paz  Philippines
2022-04-03T21:48:31.157Z,9.5011,127.3891,10,4.2,133 km E of Cortes  Philippines
2022-04-04T08:42:01.713Z,11.3218,125.4562,63.8,4.5,12 km NW of General MacArthur  Philippines
2022-04-04T14:13:59.693Z,9.2639,126.8881,10,4.7,75 km ENE of La Paz  Philippines
2022-04-04T16:30:37.952Z,9.3021,126.7295,10,4.6,59 km E of Cortes  Philippines
2022-04-04T18:24:08.417Z,9.2649,126.5454,10,4.3,38 km E of Cortes  Philippines
2022-04-05T15:33:37.449Z,11.4308,126.022,10,4.3,45 km ENE of Hernani  Philippines
2022-04-05T17:01:26.780Z,11.3455,125.8711,35,4.6,27 km E of Hernani  Philippines
2022-04-05T17:20:00.391Z,9.194,126.4275,10,4.5,27 km ESE of Burgos  Philippines
2022-04-06T15:33:02.920Z,9.2338,126.6446,10,4.6,50 km E of Cortes  Philippines
2022-04-07T08:46:26.638Z,6.8969,124.276,569.37,4,7 km NW of Tapikan  Philippines
2022-04-08T05:04:28.198Z,9.2293,126.34,10,4.4,17 km ESE of Burgos  Philippines
2022-04-08T17:40:26.962Z,12.5957,123.6625,10,4.5,1 km NNW of Bagahanlad  Philippines
2022-04-08T21:00:43.998Z,9.5086,126.7373,22.59,4.3,65 km ENE of Cortes  Philippines
2022-04-08T21:08:16.610Z,9.3328,126.7644,10,4.4,63 km E of Cortes  Philippines
2022-04-09T01:22:59.445Z,11.358,125.8113,10,4.7,21 km E of Hernani  Philippines
2022-04-09T09:44:59.550Z,12.0667,123.7213,19.14,4.6,8 km E of Malbug  Philippines
2022-04-11T11:15:48.251Z,9.2862,126.5645,38.66,4.6,41 km E of Cortes  Philippines
2022-04-13T09:09:55.077Z,8.3598,126.663,66.51,4.4,33 km NE of Barcelona  Philippines
2022-04-15T19:19:38.241Z,13.5016,125.2855,10,4.5,96 km NNE of Cabodiongan  Philippines
2022-04-17T11:45:33.999Z,8.7469,127.5341,10,4.3,135 km E of Aras-asan  Philippines
2022-04-18T18:19:27.992Z,8.8487,126.4031,51.93,4.3,10 km ESE of Aras-asan  Philippines
2022-04-20T03:02:41.693Z,10.0367,126.44,10,4.4,41 km ENE of Pilar  Philippines
2022-04-28T11:42:27.833Z,9.9835,126.1778,58.51,5,15 km NNE of Pilar  Philippines
2022-04-29T18:46:07.537Z,13.1543,124.498,56.01,4.3,40 km E of Rapu-Rapu  Philippines
2022-05-02T05:12:54.831Z,13.9659,121.1137,177.34,4.1,3 km N of Banaybanay  Philippines
2022-05-04T20:10:55.299Z,9.677,126.5453,28.94,4.5,48 km E of Union  Philippines
2022-05-06T07:34:51.338Z,8.7039,126.4278,60.94,4.8,18 km SE of Marihatag  Philippines
2022-05-08T05:16:23.666Z,8.7014,126.3357,75.89,4.3,12 km SSE of Marihatag  Philippines
2022-05-10T14:14:36.878Z,13.762,120.7631,141.68,4.5,11 km SE of Hukay  Philippines
2022-05-11T09:24:40.110Z,12.6896,125.3053,35,4.4,20 km NNE of Cabatuan  Philippines
2022-05-12T05:43:06.205Z,9.618,126.4223,35,4.3,37 km ESE of Union  Philippines
2022-05-12T05:54:42.733Z,9.6892,126.456,35,4.3,38 km E of Union  Philippines
2022-05-13T17:01:36.113Z,13.8461,120.644,207.29,4.1,1 km NE of Calatagan  Philippines
2022-05-17T11:30:17.159Z,9.0122,126.9638,10,4.3,73 km E of Aras-asan  Philippines
2022-05-17T11:53:32.876Z,8.6438,126.4855,60.39,4.2,27 km SE of Marihatag  Philippines
2022-05-17T23:57:22.037Z,10.1106,126.3059,10,4.6,30 km ENE of Santa Monica  Philippines
2022-05-18T01:29:01.464Z,12.379,123.7124,10,4.7,5 km WSW of Batuan  Philippines
2022-05-18T01:38:36.754Z,12.4015,123.5901,10,4.7,2 km ESE of Bulo  Philippines
2022-05-21T21:50:48.047Z,14.0187,120.6494,129,6.1,1 km S of Lian  Philippines
2022-05-23T18:18:25.254Z,10.4326,126.4138,35,4.4,61 km NE of Santa Monica  Philippines
2022-05-24T02:16:51.054Z,13.7434,120.6684,167.26,4.3,10 km SSE of Calatagan  Philippines
2022-05-26T02:33:09.605Z,8.9484,126.5293,10.85,4.6,24 km ENE of Aras-asan  Philippines
2022-05-26T23:53:56.186Z,9.6479,125.8059,10,4.2,11 km NE of Claver  Philippines
2022-05-27T23:08:34.529Z,13.2937,124.8069,35,4.5,65 km ESE of Bato  Philippines
2022-05-29T07:46:04.794Z,7.8744,126.7734,62.94,4,31 km NE of Kinablangan  Philippines
2022-05-29T20:29:42.892Z,13.6608,120.8501,200.689,4.6,2 km W of Tingloy  Philippines
2022-06-02T11:55:43.116Z,9.0617,126.229,68.57,4.6,3 km ESE of Tandag  Philippines
2022-06-02T18:54:31.063Z,9.0182,126.5097,38.76,5.5,26 km ENE of Bacolod  Philippines
2022-06-02T19:11:59.902Z,8.8959,126.4174,42.3,4.4,11 km E of Aras-asan  Philippines
2022-06-02T19:32:19.161Z,8.9088,126.4021,49.91,4.4,10 km ENE of Aras-asan  Philippines
2022-06-03T01:14:38.691Z,8.8789,126.3289,35,4.2,2 km ESE of Aras-asan  Philippines
2022-06-05T07:03:08.496Z,9.6518,125.7797,88.98,4.1,10 km NNE of Claver  Philippines
2022-06-05T10:27:13.807Z,9.3114,125.4455,10,4.5,8 km WSW of Jabonga  Philippines
2022-06-08T11:28:20.593Z,12.0386,123.7687,12.39,4.2,10 km NNE of Recodo  Philippines
2022-06-08T20:56:30.445Z,10.0543,126.8498,10,4.5,84 km ENE of Pilar  Philippines
2022-06-09T23:59:34.416Z,12.3462,125.3261,45.98,4.4,4 km NE of Lapinig  Philippines
2022-06-18T13:54:57.367Z,10.3944,126.7196,10,4.4,85 km ENE of Santa Monica  Philippines
2022-06-23T04:26:01.770Z,10.1648,126.4726,35,4.4,50 km ENE of Santa Monica  Philippines
2022-06-24T21:18:15.978Z,8.9852,126.5782,58.39,4.7,31 km ENE of Aras-asan  Philippines
2022-06-27T01:39:48.708Z,11.2215,124.0852,10,4.3,Leyte  Philippines
2022-06-28T21:23:16.177Z,7.1932,123.5088,10,4.7,29 km SSE of Malim  Philippines
2022-06-30T15:45:20.441Z,10.2821,125.9257,59.1,4.5,31 km NNW of Santa Monica  Philippines
2022-07-03T11:16:52.042Z,12.1998,120.6241,10,4.2,46 km SW of Adela  Philippines
2022-07-07T08:26:10.615Z,7.5793,122.7659,10,4.4,Mindanao  Philippines
2022-07-08T14:33:47.510Z,9.817,125.9319,9.997,4.2,7 km SW of Del Carmen  Surigao del Norte  Philippines
2022-07-12T07:08:22.854Z,10.5401,126.1145,10,4.4,53 km SE of Sulangan  Philippines
2022-07-14T10:03:42.585Z,13.8976,120.7244,146.114,4.5,4 km S of Balayan  Philippines
2022-07-15T07:18:25.279Z,10.856,124.8902,71.02,4.2,8 km WSW of La Paz  Philippines
2022-07-15T17:16:55.980Z,10.3468,125.8846,10,4,34 km E of Loreto  Philippines
2022-07-16T21:40:16.936Z,14.1041,120.738,145.8,4.2,3 km NNE of Tumalim  Philippines
2022-07-16T21:47:08.259Z,10.3195,125.8388,100.19,4.2,29 km E of Loreto  Philippines
2022-07-16T22:00:00.288Z,10.4506,126.1004,42.27,4.2,48 km N of Santa Monica  Philippines
2022-07-16T22:46:53.906Z,10.3625,126.0004,10,4.3,38 km N of Santa Monica  Philippines
2022-07-17T02:07:59.287Z,10.2781,125.9441,82.36,4.1,30 km NNW of Santa Monica  Philippines
2022-07-17T04:04:14.303Z,8.6324,126.2252,10,4.7,9 km SSE of Salvacion  Philippines
2022-07-17T04:05:43.526Z,8.6448,126.4131,10,4.5,21 km SE of Marihatag  Philippines
2022-07-17T10:40:12.677Z,12.3137,120.7393,10,4.4,29 km WSW of Adela  Philippines
2022-07-18T15:31:23.400Z,10.3333,126.1144,46.75,4.3,Philippine Islands region
2022-07-18T18:04:16.016Z,10.3118,126.1075,59.172,4.6,33 km NNE of Santa Monica  Philippines
2022-07-20T07:48:37.008Z,8.7379,124.8289,84.267,4.4,4 km ENE of Baliwagan  Philippines
2022-07-21T02:01:26.674Z,11.2715,125.3569,88.353,4.7,18 km N of Balangiga  Philippines
2022-07-21T16:05:25.844Z,11.8544,125.9105,76.757,4.2,49 km E of Sulat  Philippines
2022-07-22T11:17:42.267Z,13.5612,120.8161,150.589,4.3,9 km N of Odala  Philippines
2022-07-23T02:34:51.770Z,10.383,125.2445,182.898,4.1,3 km N of Hinundayan  Philippines
2022-07-24T14:05:40.339Z,11.7334,125.7021,35,4.4,26 km E of San Julian  Philippines
2022-07-24T19:12:14.935Z,11.9485,125.9598,10,4.4,52 km ESE of Dapdap  Philippines
2022-07-24T21:45:48.492Z,11.7407,125.6791,35,4.7,24 km E of San Julian  Philippines
2022-07-25T09:42:11.457Z,11.5146,125.8454,23.167,4.4,32 km NE of Hernani  Philippines
2022-07-27T03:39:50.944Z,13.0407,124.541,53.051,4.5,43 km E of Bagacay  Philippines
2022-07-30T09:00:40.748Z,11.3921,125.1684,10.493,4.2,2 km S of Mabini  Philippines
2022-08-01T17:10:12.739Z,11.2692,125.4249,62.491,5,Samar  Philippines
2022-08-02T05:24:27.762Z,6.8333,123.7663,20,5.5,28 km W of Gadung  Philippines
2022-08-03T04:37:58.482Z,13.9112,122.2637,10,4.2,3 km N of Lopez  Philippines
2022-08-03T15:41:21.230Z,11.0726,125.8884,35,4.2,16 km NNE of Sulangan  Philippines
2022-08-04T17:58:43.464Z,13.7337,120.7146,189.467,4.3,12 km S of Hukay  Philippines
2022-08-07T11:17:10.631Z,13.5543,120.7616,145.581,4.5,10 km N of Wawa  Philippines
2022-08-09T02:52:43.291Z,10.3184,122.038,10,4.7,13 km SSE of Magdalena  Philippines
2022-08-09T12:16:24.265Z,9.3419,126.0739,97.812,4.1,10 km E of Cantilan  Philippines
2022-08-12T22:49:49.286Z,10.8558,124.3786,10.756,4.6,8 km SSW of Bantiqui  Philippines
2022-08-13T04:25:06.519Z,10.1847,121.9587,10,5.1,26 km S of Magdalena  Philippines
2022-08-13T06:25:32.230Z,6.9062,123.792,19.913,5.8,Moro Gulf  Mindanao  Philippines
2022-08-13T15:25:22.722Z,13.7358,120.7668,138.232,4.5,13 km WNW of Bagalangit  Philippines
2022-08-16T07:13:01.189Z,10.3111,125.6739,10,4.7,12 km E of Tubajon  Philippines
2022-08-17T09:35:15.352Z,9.6441,125.849,132.73,4.9,13 km W of Socorro  Philippines
2022-08-19T19:22:26.759Z,12.3421,123.6803,32.643,4.6,2 km ENE of Mobo  Philippines
2022-08-20T05:02:31.239Z,13.3924,120.7356,48.17,4.2,5 km S of Abra de Ilog  Philippines
2022-08-21T01:20:03.097Z,15.1789,122.3229,10,4.5,37 km NE of Karligan  Philippines
2022-08-22T14:59:59.906Z,13.5996,120.8066,93.883,4.5,9 km SW of Tingloy  Philippines
2022-08-26T16:03:39.773Z,8.5363,126.453,80.277,4.4,22 km NE of Hinatuan  Philippines
2022-08-26T17:29:07.150Z,8.5809,126.4956,48.159,4.5,28 km E of Gamut  Philippines
2022-08-28T10:00:30.219Z,8.7302,126.9294,48.354,4.7,70 km E of Marihatag  Philippines
2022-09-01T15:33:15.452Z,10.9795,126.1353,10,4.8,Philippine Islands region
2022-09-04T14:48:19.897Z,10.0226,126.2067,54.708,4.5,Philippine Islands region
2022-09-04T21:49:10.787Z,13.6648,120.6582,10,4.6,18 km S of Calatagan  Philippines
2022-09-06T14:27:12.694Z,10.1401,125.6495,99.057,4.5,21 km NNE of Dinagat  Philippines
2022-09-08T03:23:10.715Z,13.9264,121.088,218.96,4.3,2 km N of Balagtasin  Philippines
2022-09-08T08:54:49.625Z,13.4211,124.5978,34.831,4.7,38 km ESE of Bato  Philippines
2022-09-09T23:12:45.422Z,10.2266,125.9903,65.824,4.3,23 km NNW of Santa Monica  Philippines
2022-09-10T16:20:24.450Z,10.0849,126.0268,57.567,4.2,Philippine Islands region
2022-09-15T16:51:35.650Z,8.4999,126.0055,11.051,4.4,1 km SW of Alegria  Philippines
2022-09-18T14:49:54.393Z,12.2232,120.7215,35,4.4,36 km SW of San Agustin  Philippines
2022-09-19T05:24:33.211Z,8.3595,126.5143,84.408,4.5,19 km E of Hinatuan  Philippines
2022-09-21T14:24:34.763Z,14.4765,122.0219,10,4.2,27 km SSE of Polillo  Philippines
2022-09-21T14:28:48.217Z,14.3697,121.7916,10,4.3,Luzon  Philippines
2022-09-22T08:36:58.982Z,10.3298,127.4055,10,4.6,Philippine Islands region
2022-09-25T17:15:26.614Z,13.6074,122.5819,10,4.4,4 km NNE of San Narciso  Philippines
2022-09-28T01:12:24.631Z,9.3796,126.6106,35,5.2,47 km ENE of Cortes  Philippines
2022-09-28T02:06:56.173Z,9.1904,126.3853,19.223,4.6,23 km E of Tigao  Philippines
2022-09-28T02:28:00.426Z,9.2975,126.3829,42.797,4.5,21 km E of Cortes  Philippines
2022-09-28T02:39:28.305Z,9.2069,126.208,53.001,4.7,3 km E of Tigao  Philippines
2022-09-28T06:22:07.651Z,9.2941,126.5739,36.603,4.4,42 km E of Cortes  Philippines
2022-09-28T08:49:48.958Z,9.2958,126.5971,35.559,4.4,44 km E of Cortes  Philippines
2022-09-30T01:09:29.178Z,9.4558,126.6941,35,4.5,58 km ENE of Cortes  Philippines
2022-09-30T02:59:02.737Z,9.4606,126.6624,35,4.8,55 km ENE of Cortes  Philippines
2022-09-30T05:03:22.555Z,9.4362,126.5212,42.057,4.3,40 km ENE of Cortes  Philippines
2022-09-30T14:31:11.020Z,9.423,126.4861,35,4.3,36 km ENE of Cortes  Philippines
2022-10-02T16:01:07.575Z,9.5529,127.0685,10,4.4,100 km ENE of Cortes  Philippines
2022-10-02T18:17:54.006Z,9.911,125.8786,96.02,4.4,11 km WNW of Del Carmen  Surigao del Norte  Philippines
2022-10-02T20:11:23.131Z,9.228,126.4498,74.94,4.4,28 km ESE of Cortes  Philippines
2022-10-03T08:07:53.400Z,9.8876,126.0229,59.67,5.1,4 km E of Libas  Philippines
2022-10-04T18:16:11.614Z,10.5666,125.5597,9.332,4.6,Leyte  Philippines
2022-10-06T11:02:56.185Z,13.6143,120.6931,100.755,4.6,17 km NNW of Wawa  Philippines
2022-10-06T20:16:51.415Z,9.6628,121.6639,10,4.2,81 km W of Sipalay  Philippines
2022-10-09T08:44:02.677Z,14.0064,120.7786,227.703,4.4,2 km ESE of Bolboc  Philippines
2022-10-10T12:48:29.362Z,10.3238,122.0646,10,4.4,14 km SE of Magdalena  Philippines
2022-10-10T13:40:53.758Z,10.1908,126.0858,64.119,4.4,Philippine Islands region
2022-10-13T19:41:25.119Z,7.6266,126.8671,53.555,4.4,34 km E of Baganga  Philippines
2022-10-14T13:23:50.128Z,8.0474,124.6737,10,4.2,Mindanao  Philippines
2022-10-15T15:14:26.019Z,8.855,126.8371,35,5,57 km E of Aras-asan  Philippines
2022-10-16T22:26:17.545Z,13.7707,120.7593,193.741,4.4,10 km SE of Hukay  Philippines
2022-10-17T01:57:45.895Z,10.9992,125.3315,92.019,4.7,13 km SSW of Balangiga  Philippines
2022-10-18T04:23:09.184Z,8.8115,126.302,92.983,4.5,0 km NE of Marihatag  Philippines
2022-10-19T18:48:09.148Z,9.8729,125.5939,112.62,4.5,6 km NNW of Talisay  Philippines
2022-10-21T06:48:08.437Z,9.8698,125.8616,95.454,4.2,11 km W of Del Carmen  Surigao del Norte  Philippines
2022-10-21T10:28:03.785Z,10.6584,125.4465,89.825,4.4,29 km ENE of Hingatungan  Philippines
2022-10-24T00:12:44.014Z,10.9696,125.5662,60.996,4.7,18 km WSW of Guiuan  Philippines
2022-10-24T01:37:27.392Z,11.1105,125.8123,10,4.3,Samar  Philippines
2022-10-24T02:06:42.416Z,7.0424,125.4231,252.131,5.3,Mindanao  Philippines
2022-10-24T15:08:33.276Z,11.1043,125.7742,35,5.2,9 km NE of Guiuan  Philippines
2022-10-25T09:39:44.362Z,11.2024,125.2628,10,4.3,Samar  Philippines
2022-10-25T13:20:43.521Z,8.1873,126.5518,78.118,5.1,13 km ENE of Barcelona  Philippines
2022-10-28T21:56:00.888Z,14.528,122.3396,10,4.3,21 km S of Casuguran  Philippines
2022-10-29T17:52:44.013Z,11.0336,126.0169,52.336,4.5,23 km ENE of Sulangan  Philippines
2022-11-03T07:04:17.133Z,9.4331,128.2351,10,4.5,219 km ENE of Aras-asan  Philippines
2022-11-03T12:49:31.052Z,7.5542,126.6895,10,4.6,14 km E of Baganga  Philippines
2022-11-03T19:21:59.639Z,8.4976,126.6586,68.076,4.5,38 km ENE of Hinatuan  Philippines
2022-11-03T19:33:41.760Z,8.4735,126.6093,79.261,4.3,32 km ENE of Hinatuan  Philippines
2022-11-05T01:38:42.538Z,7.5174,126.3986,155.931,4.3,Mindanao  Philippines
2022-11-05T10:39:27.564Z,7.4676,126.5814,99.781,4.1,1 km N of Baculin  Philippines
2022-11-08T11:16:17.687Z,11.2135,125.9686,68.494,4.5,33 km NE of Guiuan  Philippines
2022-11-08T23:59:36.694Z,11.2849,125.9088,35,4.3,30 km ENE of Salcedo  Philippines
2022-11-09T00:27:46.354Z,11.1924,126.4496,10,4.6,73 km ENE of Sulangan  Philippines
2022-11-10T23:16:08.295Z,10.2771,121.9439,10,4.5,16 km SSW of Magdalena  Philippines
2022-11-11T01:36:56.534Z,13.9351,120.7003,120.989,4.9,3 km W of Balayan  Philippines
2022-11-13T22:54:19.005Z,13.2338,125.7896,10,4.3,100 km NE of Cabatuan  Philippines
2022-11-14T16:23:49.481Z,13.4658,120.7203,87.887,4.2,2 km W of Wawa  Philippines
2022-11-18T11:16:43.946Z,13.0601,124.2353,83.947,4.3,13 km NE of Bagacay  Philippines
2022-11-24T01:45:04.275Z,13.9438,121.2844,140.597,4.3,2 km WSW of Ayusan Uno  Philippines
2022-11-26T20:24:35.896Z,9.0652,126.1559,76.401,4.7,4 km WSW of Tandag  Philippines
2022-11-27T04:43:26.582Z,9.3616,126.378,56.023,5,22 km ENE of Cortes  Philippines
2022-11-27T11:30:33.416Z,9.3036,126.8465,10,4.2,72 km E of Cortes  Philippines
2022-11-28T06:12:57.601Z,13.4472,120.644,10,4.4,Mindoro  Philippines
2022-11-30T14:59:30.093Z,6.8295,123.7387,590.277,4.2,Moro Gulf  Mindanao  Philippines
2022-11-30T15:39:42.995Z,8.5008,126.8305,10,4.4,56 km ENE of Hinatuan  Philippines
2022-11-30T16:23:16.341Z,8.8228,126.8539,10,4.8,60 km E of Aras-asan  Philippines
2022-11-30T23:46:10.322Z,8.3878,126.686,45.248,4.2,37 km NE of Barcelona  Philippines
2022-12-01T20:05:57.157Z,11.4985,124.7206,170.658,4.6,13 km WSW of Talalora  Philippines
2022-12-04T17:51:24.944Z,9.7983,125.4571,35,4.3,Mindanao  Philippines
2022-12-05T23:39:41.363Z,7.7439,124.6387,8.56,4.6,7 km NNW of Wao  Philippines
2022-12-05T23:55:00.263Z,7.7362,124.7364,10.718,4.8,Mindanao  Philippines
2022-12-06T02:39:15.445Z,13.5829,121.0764,10.322,4.5,5 km S of Ilihan  Philippines
2022-12-07T05:05:27.271Z,14.503,123.0492,10,5.2,34 km NNE of Sabang Indan  Philippines
2022-12-08T05:12:23.217Z,9.9762,125.6066,10,4.4,2 km NNE of Dinagat  Philippines
2022-12-09T06:32:59.635Z,13.1588,125.8253,9,5.8,96 km NE of Cabatuan  Philippines
2022-12-09T22:18:11.891Z,12.9836,125.7401,10,4.6,76 km NE of Cabatuan  Philippines
2022-12-10T05:45:18.306Z,7.9492,125.0222,10,4.4,5 km S of Lantapan  Philippines
2022-12-14T19:44:31.579Z,12.3241,124.564,132.14,4.6,7 km WNW of Lope de Vega  Philippines
2022-12-16T11:00:46.436Z,13.6187,120.8179,139.676,5,7 km SW of Tingloy  Philippines
2022-12-18T08:13:39.836Z,9.345,126.2296,10,4.6,8 km NNE of Cortes  Philippines
2022-12-19T21:44:25.055Z,7.7019,124.6944,10.015,4.9,3 km NE of Wao  Philippines
2022-12-24T17:54:42.466Z,14.3122,122.9606,10,4.5,11 km NNE of Sabang Indan  Philippines
2023-01-01T10:44:46.322Z,10.069,126.5571,33.676,4.3,55 km ENE of Pilar  Philippines
2023-01-02T03:27:29.148Z,9.3909,126.0204,10.004,4.4,7 km NE of Cantilan  Philippines
2023-01-02T22:09:38.208Z,8.4519,126.9002,35,4.9,60 km ENE of Barcelona  Philippines
2023-01-03T01:59:11.788Z,8.4265,126.6748,60.755,4.5,37 km E of Hinatuan  Philippines
2023-01-03T11:43:09.860Z,10.3251,125.8803,57.036,5.1,33 km E of Loreto  Philippines
2023-01-07T14:01:11.816Z,13.7793,120.7736,172.98,4.4,10 km SE of Hukay  Philippines
2023-01-07T23:00:33.839Z,7.5478,126.4686,143.364,4.9,Davao Oriental  Philippines
2023-01-11T06:04:28.501Z,12.5679,126.4033,10,4.6,106 km ENE of San Policarpo  Philippines
2023-01-11T07:12:31.457Z,13.9966,120.5752,10.557,4.5,7 km WNW of Binubusan  Philippines
2023-01-14T20:47:26.598Z,13.5884,125.3902,10,4.4,Philippine Islands region
2023-01-15T12:28:15.160Z,11.4179,124.6414,10,4.8,9 km SE of Bunga  Philippines
2023-01-16T21:57:39.008Z,14.4132,122.9785,10,5.1,22 km NNE of Sabang Indan  Philippines
2023-01-17T18:39:22.177Z,14.3395,122.989,10,4.6,15 km NNE of Sabang Indan  Philippines
2023-01-17T18:53:21.408Z,14.3703,122.9517,10,4.3,17 km NNE of Sabang Indan  Philippines
2023-01-18T00:56:36.851Z,14.2886,123.1735,10,4.6,26 km NE of Mercedes  Philippines
2023-01-18T04:51:36.954Z,14.2601,123.0134,10,4.6,11 km ENE of Sabang Indan  Philippines
2023-01-18T05:00:09.114Z,14.2402,122.9879,10,4.5,8 km ENE of Sabang Indan  Philippines
2023-01-18T16:28:16.580Z,12.2666,123.3359,10,4.4,3 km S of Cabitan  Philippines
2023-01-19T21:45:09.824Z,6.8183,123.6367,601.163,4.2,Moro Gulf  Mindanao  Philippines
2023-01-21T07:49:06.541Z,12.7217,125.1035,35,4.3,8 km NE of Cabodiongan  Philippines
2023-01-21T11:57:18.083Z,9.486,126.1542,57.113,4.4,23 km N of Cortes  Philippines
2023-01-24T06:31:39.220Z,13.8442,120.8282,135.645,4.4,8 km SSW of Sinisian  Philippines
2023-01-25T03:35:20.717Z,9.1399,126.434,35,4.6,25 km NE of La Paz  Philippines
2023-01-25T16:27:54.082Z,14.8806,122.2849,40.898,4.5,15 km NE of Patnanungan  Philippines
2023-01-27T01:05:59.814Z,10.0848,126.1192,10,4.2,Philippine Islands region
2023-01-27T03:21:36.350Z,13.7753,120.5562,117.537,4.5,10 km SW of Calatagan  Philippines
2023-01-27T20:25:27.079Z,10.69,125.4524,71,5.4,Leyte  Philippines
2023-01-29T17:44:28.506Z,10.0711,125.8558,10,4.3,20 km NW of San Benito  Philippines
2023-01-31T20:04:35.543Z,9.0601,127.1036,10,4.8,89 km ENE of Aras-asan  Philippines
2023-02-01T10:44:46.067Z,7.7431,126.0566,19,6,1 km NW of Babag  Philippines
2023-02-01T11:07:37.549Z,7.7079,126.2252,10,4.6,15 km ENE of Compostela  Philippines
2023-02-04T07:03:03.408Z,14.2083,122.9667,10,4.5,5 km ESE of Sabang Indan  Philippines
2023-02-05T09:59:20.529Z,7.7496,126.0653,12.107,4.6,1 km NNW of Babag  Philippines
2023-02-07T13:46:56.948Z,14.3575,122.9823,10,4.8,Luzon  Philippines
2023-02-12T03:51:49.049Z,11.0738,126.1254,41.179,4.3,Philippine Islands region
2023-02-12T11:41:37.287Z,10.1176,126.5319,33.413,5,Philippine Islands region
2023-02-12T22:27:19.141Z,10.9927,125.988,35,4.4,18 km ENE of Sulangan  Philippines
2023-02-13T07:57:48.596Z,9.8043,126.4278,35,4.8,35 km E of Union  Philippines
2023-02-14T17:00:27.465Z,7.7212,122.0358,10,4.6,11 km W of Siocon  Philippines
2023-02-15T09:15:31.447Z,12.2474,123.8139,10,4.9,1 km NNW of Miaga  Philippines
2023-02-15T18:10:08.107Z,12.3099,123.8605,8,6.1,9 km NNE of Miaga  Philippines
2023-02-16T21:38:49.294Z,12.3689,123.7775,10,4.5,3 km SSE of Batuan  Philippines
2023-02-17T01:54:23.951Z,12.3097,123.6697,10,4.6,Masbate region  Philippines
2023-02-19T04:47:17.935Z,9.1028,126.1694,66.199,4.9,1 km SE of Buenavista  Philippines
2023-02-19T18:54:05.558Z,9.0009,126.1626,68.539,4.5,0 km WSW of Gamut  Philippines
2023-02-20T03:09:47.618Z,15.2022,122.8013,10,5,70 km NE of Casuguran  Philippines
2023-02-21T12:18:37.385Z,15.3277,123.1095,19.859,4.3,104 km NE of Casuguran  Philippines
2023-02-22T10:46:25.459Z,12.1038,123.5089,10,4.4,10 km WSW of Tigbaw  Philippines
2023-02-22T22:05:53.427Z,10.1495,124.9837,10,4.6,2 km SW of Malitbog  Philippines
2023-02-24T20:00:20.812Z,8.5549,127.1036,10,4.3,85 km ENE of Barcelona  Philippines
2023-02-27T14:26:05.511Z,7.9175,127.2609,10,4.3,82 km ENE of Kinablangan  Philippines
2023-02-28T20:11:57.161Z,8.3987,126.4934,79.069,4.6,17 km E of Hinatuan  Philippines
2023-03-01T15:14:41.833Z,9.071,122.4983,10,4.7,40 km SSW of Basay  Philippines
2023-03-02T09:51:40.729Z,13.7077,120.7099,146.864,4.5,15 km S of Hukay  Philippines
2023-03-02T14:32:16.754Z,9.0645,122.6983,10,4.9,25 km WSW of Bonawon  Philippines
2023-03-05T16:49:39.611Z,7.472,126.2112,10,4.7,Compostela Valley  Philippines
2023-03-05T16:54:13.437Z,7.5053,126.1941,10,4.3,13 km SSE of Bantacan  Philippines
2023-03-05T19:30:53.539Z,7.4962,126.1305,9.601,4.4,11 km S of Bantacan  Philippines
2023-03-05T20:43:02.682Z,7.5373,126.1657,10,5.4,10 km SSE of Bantacan  Philippines
2023-03-07T06:02:31.481Z,7.4941,126.0567,16.051,5.9,6 km SE of Manat  Philippines
2023-03-07T08:47:41.810Z,7.6315,126.2526,10,5.6,13 km ENE of Bantacan  Philippines
2023-03-07T11:18:35.725Z,7.5797,126.205,10,4.2,8 km ESE of Bantacan  Philippines
2023-03-07T19:16:08.877Z,7.5524,126.25,8.206,4.4,14 km ESE of Bantacan  Philippines
2023-03-08T00:29:41.659Z,8.7188,122.046,10,4.4,88 km NW of Kalawit  Philippines
2023-03-08T00:47:07.243Z,8.6389,125.7669,10.177,4.4,8 km ESE of Salvacion  Philippines
2023-03-08T00:52:36.938Z,7.4045,126.0947,10.192,4.2,14 km SE of San Mariano  Philippines
2023-03-08T10:47:33.218Z,7.4576,126.0872,9.118,4.5,10 km ESE of San Mariano  Philippines
2023-03-10T02:23:41.020Z,8.8109,125.9778,10,4.5,17 km SSE of San Miguel  Philippines
2023-03-10T04:40:31.422Z,8.4835,126.5137,68.604,4.4,23 km ENE of Hinatuan  Philippines
2023-03-10T06:32:25.910Z,7.5186,126.1503,13.635,4.3,9 km SSE of Bantacan  Philippines
2023-03-10T10:18:27.514Z,10.2706,122.4297,10,4.4,18 km SSW of La Paz  Philippines
2023-03-10T15:27:15.419Z,12.6602,124.8346,48.837,4.5,14 km NNE of Bugko  Philippines
2023-03-13T08:32:15.727Z,14.5543,123.3319,10,4.2,58 km NE of Sabang Indan  Philippines
2023-03-13T10:24:34.490Z,14.4074,123.0199,28.64,4.6,23 km NNE of Sabang Indan  Philippines
2023-03-13T12:52:03.573Z,14.3345,123.0011,10,4.5,15 km NE of Sabang Indan  Philippines
2023-03-20T21:13:27.773Z,7.3306,123.7796,597.933,4.5,28 km W of Litayan  Philippines
2023-03-21T05:21:14.659Z,7.4874,126.1938,10.105,4.4,14 km SSE of Bantacan  Philippines
2023-03-23T10:57:07.144Z,13.1033,121.4674,10,4.4,Mindoro  Philippines
2023-03-24T15:13:27.666Z,14.3874,123.1532,32.926,4.4,31 km NE of Sabang Indan  Philippines
2023-03-29T22:37:45.459Z,7.5039,126.1716,7.397,4.3,Mindanao  Philippines
2023-04-04T12:54:31.503Z,13.7318,125.5376,10,6.2,124 km E of Gigmoto  Philippines
2023-04-04T14:43:29.285Z,13.7291,125.47,10,4.7,116 km E of Gigmoto  Philippines
2023-04-04T17:02:20.990Z,13.9117,125.4604,10,4.5,116 km E of Gigmoto  Philippines
2023-04-04T17:48:33.408Z,13.7791,125.3982,10,4.5,109 km E of Gigmoto  Philippines
2023-04-04T20:53:40.044Z,8.3082,123.5005,10,4.3,12 km NNW of Josefina  Philippines
2023-04-05T08:56:56.556Z,9.6991,126.0009,90.89,4.3,8 km SW of Dapa  Philippines
2023-04-05T18:45:09.107Z,13.6179,125.5511,10,4.5,118 km NNE of Cabodiongan  Philippines
2023-04-06T04:04:09.969Z,8.1078,123.1932,10,4.2,12 km NNW of Balagon  Philippines
2023-04-06T09:17:47.611Z,12.5419,123.9213,10,4.6,7 km SSW of Quezon  Philippines
2023-04-06T13:20:15.373Z,12.4445,123.6649,10,4.5,9 km NNE of Masbate  Philippines
2023-04-09T11:39:09.782Z,12.7377,124.9476,36.023,4.4,13 km NW of Cabodiongan  Philippines
2023-04-12T15:00:22.782Z,11.2044,124.8427,169.233,4,0 km WSW of Alangalang  Philippines
2023-04-13T16:04:27.711Z,9.2273,125.5742,20.399,5.1,2 km SE of Jagupit  Philippines
2023-04-17T22:35:39.548Z,7.9038,126.5891,10.062,4.4,18 km ESE of Santa Maria  Philippines
2023-04-21T06:34:12.515Z,9.4329,127.0938,10,4.1,100 km E of Cortes  Philippines
2023-04-22T01:06:06.004Z,9.7109,126.0724,56.614,4.9,5 km SSE of Dapa  Philippines
2023-04-24T00:28:17.178Z,8.2865,122.9369,10.984,4.5,7 km SW of Siari  Philippines
2023-04-24T05:50:21.376Z,13.128,122.7033,10,4.6,10 km SE of Talisay  Philippines
2023-04-24T09:32:10.079Z,9.2801,125.406,26.313,5.2,13 km WSW of Jabonga  Philippines
2023-04-24T15:20:47.076Z,9.0347,126.2842,73.426,4.5,5 km ENE of Tago  Philippines
2023-04-28T16:00:29.976Z,13.6644,120.6333,89.364,5.2,18 km S of Calatagan  Philippines
2023-04-30T04:31:57.565Z,11.1251,125.2091,101.227,4.3,19 km W of Balangiga  Philippines
2023-04-30T04:44:30.900Z,10.5369,125.6641,95,4.3,21 km NNE of Loreto  Philippines
2023-05-02T19:40:22.453Z,11.6138,125.6324,52.139,4.3,17 km E of Lalawigan  Philippines
2023-05-04T01:01:18.256Z,10.5424,125.376,10,4.3,Leyte  Philippines
2023-05-04T10:06:02.015Z,10.4106,125.1304,10,4.9,13 km SSW of Silago  Philippines
2023-05-05T13:53:55.337Z,10.3617,126.2172,35,4.2,42 km NNE of Santa Monica  Philippines
2023-05-07T18:43:31.599Z,13.9935,120.5599,133.16,4,Mindoro  Philippines
2023-05-07T22:48:11.739Z,6.8666,124.6218,10,4.3,Mindanao  Philippines
2023-05-09T10:15:38.709Z,9.1186,126.2368,70.004,4.5,6 km NE of Tandag  Philippines
2023-05-09T20:33:27.188Z,10.1702,126.2614,42.775,4.4,29 km NE of Santa Monica  Philippines
2023-05-12T02:43:14.658Z,6.9511,125.0343,17.507,4.5,5 km WSW of Saguing  Philippines
2023-05-12T04:34:54.834Z,9.9552,126.106,46.338,4.6,10 km N of Pilar  Philippines
2023-05-13T07:21:35.697Z,10.1001,125.9643,70.599,4.9,12 km NW of Santa Monica  Philippines
2023-05-13T14:37:43.821Z,10.1268,126.0458,45.197,5,Philippine Islands region
2023-05-14T12:44:31.775Z,7.4664,123.5627,27.349,5,14 km E of Malim  Philippines
2023-05-16T21:59:21.861Z,10.3775,125.1232,9.901,4.5,14 km WNW of Hinundayan  Philippines
2023-05-18T13:03:03.386Z,7.7552,126.946,64.653,4.6,44 km E of Kinablangan  Philippines
2023-05-19T07:19:20.107Z,9.4636,125.4354,10,4.6,2 km S of Cantapoy  Philippines
2023-05-19T11:12:16.041Z,9.0713,125.0685,10,4.2,16 km NW of Candiis  Philippines
2023-05-20T00:40:24.348Z,12.3224,121.7867,35,4.8,23 km WNW of Looc  Philippines
2023-05-21T03:11:53.561Z,9.3074,126.2594,58.519,4.9,8 km ENE of Cortes  Philippines
2023-05-22T22:02:39.508Z,11.6249,125.6498,10,4.6,20 km ENE of Lalawigan  Philippines
2023-05-25T10:24:34.290Z,8.9929,126.1108,86.992,4.5,Mindanao  Philippines
2023-05-25T15:26:23.298Z,12.1835,123.8377,10,4.7,2 km SSW of Balucawi  Philippines
2023-05-27T05:52:47.630Z,8.4405,126.5877,80.794,4.5,28 km ENE of Hinatuan  Philippines
2023-05-29T17:08:16.394Z,9.8069,125.1974,9.164,4.6,26 km W of Ipil  Philippines
2023-05-30T01:04:31.759Z,13.3566,120.8256,84.832,4.7,13 km S of Odala  Philippines
2023-05-30T15:22:34.187Z,14.9361,121.7177,10,4.6,10 km W of Panukulan  Philippines
2023-06-02T11:40:16.464Z,8.3439,126.2865,10.083,4.1,Mindanao  Philippines
2023-06-02T16:22:04.608Z,12.2724,123.6621,35,4.5,4 km SSW of Umabay  Philippines
2023-06-03T14:29:26.727Z,12.3326,121.915,35.691,4.5,11 km SW of Odiongan  Philippines
2023-06-04T03:27:21.128Z,8.8554,126.261,64.397,4.5,6 km WSW of Aras-asan  Philippines
2023-06-04T23:37:10.982Z,10.3546,126.8438,10,4.4,95 km ENE of Santa Monica  Philippines
2023-06-06T12:07:08.641Z,11.4477,125.7847,35,4.4,22 km NE of Hernani  Philippines
2023-06-07T08:12:32.241Z,10.3758,126.0088,59.41,4.3,39 km N of Santa Monica  Philippines
2023-06-07T10:16:59.791Z,13.8062,122.8763,21.012,4.5,Luzon  Philippines
2023-06-09T00:30:42.285Z,7.4716,126.0338,89.105,4.6,4 km SE of San Mariano  Philippines
2023-06-10T14:50:38.116Z,11.8124,125.9285,33.922,4.9,51 km E of Sulat  Philippines
2023-06-10T20:26:02.447Z,10.5892,126.2096,35,4.5,56 km SE of Sulangan  Philippines
2023-06-10T23:07:34.890Z,10.5619,126.285,35,4.4,65 km SE of Sulangan  Philippines
2023-06-10T23:23:23.977Z,10.5161,126.3657,35,4.6,65 km NNE of Santa Monica  Philippines
2023-06-15T02:19:23.272Z,13.7629,120.7203,112,6.2,Mindoro  Philippines
2023-06-15T04:38:26.741Z,13.8105,120.6781,104.351,4.3,4 km SW of Hukay  Philippines
2023-06-17T20:52:39.694Z,12.4676,120.7197,10,4.4,25 km WSW of Calintaan  Philippines
2023-06-18T17:34:00.248Z,10.2332,126.2476,41.736,5.1,32 km NE of Santa Monica  Philippines
2023-06-20T04:08:58.773Z,9.7527,125.8107,10,4.5,21 km NE of Gigaquit  Philippines
2023-06-23T19:12:00.691Z,13.6877,120.6296,148.544,4.5,15 km S of Calatagan  Philippines
2023-06-26T20:32:18.510Z,10.0133,122.1553,10,4.5,31 km WNW of Bulata  Philippines
2023-06-29T05:15:39.734Z,8.2949,126.5507,64.118,4.5,19 km NE of Barcelona  Philippines
2023-06-29T11:30:18.334Z,10.1859,126.9028,22.001,5.2,Philippine Islands region
2023-06-30T19:45:44.688Z,9.9626,127.132,10,4.1,113 km E of Pilar  Philippines
2023-07-01T03:59:40.351Z,10.1775,127.0563,10,4.6,110 km ENE of Pilar  Philippines
2023-07-01T04:42:12.039Z,10.0893,126.8261,10,4.7,83 km ENE of Pilar  Philippines
2023-07-02T05:40:02.399Z,8.78,126.0234,10,4.7,16 km NNE of Los Arcos  Philippines
2023-07-06T23:40:22.531Z,15.0279,124.7654,10,4.5,126 km NNE of Pandan  Philippines
2023-07-08T10:13:00.216Z,8.9463,127.1464,10,4.5,92 km E of Aras-asan  Philippines
2023-07-09T12:48:10.315Z,12.9933,123.9916,10,4.3,2 km N of Sorsogon  Philippines
2023-07-10T13:01:11.580Z,11.3685,125.3559,70.925,5,17 km WSW of Cabay  Philippines
2023-07-14T18:54:48.571Z,10.4438,125.2767,10,4.3,10 km NNE of Hinundayan  Philippines
2023-07-16T19:18:22.475Z,11.093,125.3389,85.17,4.5,5 km WSW of Balangiga  Philippines
2023-07-19T02:50:28.454Z,10.9666,125.2292,10,4.5,21 km E of San Jose  Philippines
2023-07-22T16:28:49.285Z,11.3478,125.4224,83.986,4.5,13 km SW of Cabay  Philippines
2023-07-22T20:41:02.999Z,8.6299,126.1082,95.404,4.1,1 km ESE of Lianga  Philippines
2023-07-25T01:00:42.372Z,10.2891,126.063,52.694,4.3,29 km N of Santa Monica  Philippines
2023-07-26T01:58:43.282Z,11.08,125.3622,10,4.7,4 km SW of Balangiga  Philippines
2023-07-27T16:57:58.152Z,14.1417,123.1464,10,4.2,15 km ENE of Mercedes  Philippines
2023-07-30T21:14:47.243Z,9.1855,126.8404,10,4.5,Mindanao  Philippines
2023-08-06T01:39:34.085Z,8.007,127.0154,35,4.3,62 km NE of Kinablangan  Philippines
2023-08-08T02:40:36.617Z,13.6936,124.8431,10,4.7,49 km E of Gigmoto  Philippines
2023-08-08T10:04:02.569Z,7.4646,123.8751,595.945,4.1,22 km NW of Litayan  Philippines
2023-08-18T18:35:15.927Z,12.8171,124.306,93.081,4.9,16 km NNW of Biri  Philippines
2023-08-19T06:34:36.212Z,8.9217,126.292,69.143,4.8,1 km SSE of Bacolod  Philippines
2023-08-19T08:55:57.093Z,13.7356,122.7032,10,4.4,10 km SSW of Liboro  Philippines
2023-08-19T11:01:54.829Z,13.6092,122.8186,10,4.3,3 km SSW of Bao  Philippines
2023-08-20T13:03:34.040Z,13.8263,120.7424,127.787,4.4,4 km ESE of Hukay  Philippines
2023-08-21T22:02:34.908Z,7.8308,126.8885,9.636,4.3,Mindanao  Philippines
2023-08-23T17:38:38.257Z,12.8596,121.4912,10,4.9,3 km E of Bansud  Philippines
2023-08-24T23:38:29.318Z,13.8635,120.9007,95.58,4.4,3 km SW of Taal  Philippines
2023-08-29T13:17:44.218Z,10.2421,121.8504,10,4.7,24 km SW of Magdalena  Philippines
2023-09-03T21:23:12.449Z,8.8765,122.5669,10,4.5,47 km WSW of Cabangahan  Philippines
2023-09-03T21:40:53.617Z,8.7962,122.4767,10,4.8,60 km WSW of Cabangahan  Philippines
2023-09-06T06:53:38.212Z,13.0504,120.6453,13.049,4.9,8 km WSW of Santa Cruz  Philippines
2023-09-06T07:51:57.948Z,7.0227,125.5087,13.273,4.9,4 km ESE of Bato  Philippines
2023-09-06T14:38:28.575Z,11.1228,124.6448,10,4.5,3 km SSE of Lim-oo  Philippines
2023-09-07T12:44:52.715Z,9.6223,126.3135,38.475,4.2,26 km ESE of Union  Philippines
2023-09-14T13:46:01.944Z,8.012,124.8651,10,4.6,3 km S of Basak  Philippines
2023-09-17T04:12:33.718Z,11.3007,125.3317,81.88,4.2,21 km NNW of Balangiga  Philippines
2023-09-18T02:54:03.904Z,13.1968,120.3441,35,4.9,25 km W of Tayaman  Philippines
2023-09-18T11:02:01.108Z,13.0093,121.1304,10,4.9,24 km SW of Victoria  Philippines
2023-09-21T08:22:41.150Z,10.2018,125.9164,51.441,4.5,24 km NNW of Santa Monica  Philippines
2023-09-21T09:29:57.996Z,10.7914,126.0129,40.105,4.5,25 km SE of Sulangan  Philippines
2023-09-23T22:21:31.291Z,12.3667,123.7145,10,4.5,Masbate region  Philippines
2023-09-23T22:40:37.336Z,12.482,123.8192,10,4.4,6 km E of San Fernando  Philippines
2023-09-25T04:01:50.431Z,10.2187,125.6408,113.943,4.1,15 km SE of Tubajon  Philippines
2023-09-26T07:36:46.430Z,9.8894,126.1526,67.572,4.5,6 km ENE of Pilar  Philippines
2023-09-28T03:31:45.910Z,9.6651,125.6695,50.762,4.5,7 km NNE of Bacuag  Philippines
2023-09-28T17:06:29.204Z,8.9872,126.473,68.191,4.9,20 km ENE of Aras-asan  Philippines
2023-09-28T17:26:43.694Z,12.5402,126.0155,10,4.7,68 km ENE of Alugan  Philippines
2023-09-29T09:13:59.257Z,11.0579,125.9755,35,4.4,21 km NE of Sulangan  Philippines
2023-09-30T11:40:50.689Z,9.1821,126.3269,61.81,4.1,16 km E of Tigao  Philippines
2023-10-01T22:54:27.707Z,8.033,126.6357,78.009,4.6,21 km ENE of Santa Maria  Philippines
2023-10-02T21:30:08.725Z,12.1905,123.6276,10,4.9,6 km NE of Tigbaw  Philippines
2023-10-02T22:12:04.903Z,12.2074,123.7178,10,4.3,5 km W of Dapdap  Philippines
2023-10-08T10:46:05.853Z,8.4263,127.3969,10,4.2,110 km ENE of Barcelona  Philippines
2023-10-11T13:09:50.520Z,8.4586,126.6335,75.806,4.5,34 km ENE of Hinatuan  Philippines
2023-10-13T00:24:16.278Z,13.7815,120.8353,10,5,8 km WNW of Solo  Philippines
2023-10-19T18:58:51.126Z,7.4623,126.3516,8.494,5.9,18 km WSW of Batiano  Philippines
2023-10-19T19:36:02.629Z,9.5938,122.2437,10,4.2,22 km WSW of Maricalom  Philippines
2023-10-20T01:24:33.841Z,9.0497,126.5238,35,4.4,28 km ENE of Bacolod  Philippines
2023-10-21T05:29:55.353Z,9.0661,126.6327,48.681,4.5,40 km ENE of Aras-asan  Philippines
2023-10-21T05:32:48.003Z,9.1202,126.5564,64.936,4.7,35 km ENE of La Paz  Philippines
2023-10-21T15:21:42.967Z,9.1216,126.5906,35,4.6,39 km ENE of La Paz  Philippines
2023-10-24T11:53:43.773Z,7.8705,122.1504,10,4.3,18 km N of Siocon  Philippines
2023-10-26T19:51:16.882Z,10.6532,126.8859,10,4.9,116 km NE of Santa Monica  Philippines
2023-10-27T01:04:56.820Z,11.9873,125.1722,10,4.6,17 km ENE of Calape  Philippines
2023-10-28T18:52:37.478Z,7.3558,126.3605,8.57,4.4,17 km W of San Pedro  Philippines
2023-10-29T00:53:33.597Z,9.3212,125.9588,10,4.4,2 km SW of Cantilan  Philippines
2023-10-29T00:56:19.387Z,9.1722,125.8036,10,4.6,19 km SW of Parang  Philippines
2023-10-29T01:48:29.212Z,9.1714,125.6085,10,4.7,3 km NE of Del Pilar  Philippines
2023-10-29T21:38:11.265Z,10.3307,126.3189,35,4.6,46 km NE of Santa Monica  Philippines
2023-10-30T11:13:50.688Z,11.2539,124.6033,9.952,4.6,5 km SE of Limon  Philippines
2023-11-01T14:35:23.359Z,13.7983,120.5817,71.85,4.3,6 km SW of Calatagan  Philippines
2023-11-02T06:50:25.384Z,11.4081,125.875,13,5.7,29 km ENE of Hernani  Philippines
2023-11-02T08:28:03.242Z,11.3395,125.956,35,4.7,36 km E of Hernani  Philippines
2023-11-02T17:12:35.760Z,10.0388,126.1372,79.903,4.5,11 km E of Santa Monica  Philippines
2023-11-03T03:26:19.424Z,11.3972,125.9453,35,4.7,36 km ENE of Hernani  Philippines
2023-11-03T19:06:42.596Z,9.7112,126.2947,46.691,4,20 km ESE of Union  Philippines
2023-11-06T20:50:50.515Z,13.4717,120.8646,149.957,4.9,4 km E of Odala  Philippines
2023-11-09T01:09:45.924Z,10.5476,126.4392,35,4.5,73 km NE of Santa Monica  Philippines
2023-11-16T14:59:29.839Z,9.4227,126.2069,68.665,4.6,15 km N of Cortes  Philippines
2023-11-16T16:43:33.020Z,9.5056,126.3257,87.036,4.4,29 km NNE of Cortes  Philippines
2023-11-17T10:03:52.355Z,12.7265,124.7913,51.522,4.2,21 km N of Bugko  Philippines
2023-11-17T21:49:05.600Z,9.7495,126.5956,49.012,4.5,53 km E of Union  Philippines
2023-11-17T21:50:46.768Z,9.6619,126.3622,43.519,4.4,29 km ESE of Union  Philippines
2023-11-19T01:38:01.691Z,10.2517,125.2267,213.318,4.9,11 km SSW of Hinundayan  Philippines
2023-11-20T04:57:44.431Z,11.4434,125.0377,107.456,5.1,10 km E of Santa Rita  Philippines
2023-11-26T08:24:34.831Z,13.5312,120.8468,117.74,5.1,6 km NNE of Odala  Philippines
2023-11-26T09:54:54.108Z,9.6732,127.2715,10,4.4,126 km ENE of Cortes  Philippines
2023-11-27T15:38:18.024Z,9.2458,125.5241,10,4.3,3 km W of Jagupit  Philippines
2023-11-28T21:32:02.188Z,9.1071,123.096,10,4.3,5 km ESE of Casala-an  Philippines
2023-11-29T19:18:41.076Z,13.5539,123.5956,10,4.6,7 km NNW of Joroan  Philippines
2023-11-29T20:41:38.334Z,13.882,124.1311,10,4.4,5 km SSW of Tubli  Philippines
2023-11-30T22:18:05.042Z,6.9228,123.9963,547.456,4.1,13 km N of Gadung  Philippines
2023-12-02T14:37:04.454Z,8.5266,126.4161,40,7.6,19 km E of Gamut  Philippines
2023-12-02T14:44:03.355Z,8.5324,126.5047,66.534,5.4,25 km NE of Hinatuan  Philippines
2023-12-02T14:44:36.381Z,8.0495,126.6059,43.301,5.4,18 km ENE of Santa Maria  Philippines
2023-12-02T14:48:41.232Z,8.3993,126.7463,62.784,5.3,43 km NE of Barcelona  Philippines
2023-12-02T14:56:53.045Z,8.512,126.6287,69.498,4.7,35 km ENE of Hinatuan  Philippines
2023-12-02T14:57:07.542Z,8.2844,127.4358,10,4.7,111 km E of Barcelona  Philippines
2023-12-02T14:58:41.421Z,8.4741,126.5814,79.33,4.9,29 km ENE of Hinatuan  Philippines
2023-12-02T15:00:11.497Z,8.6266,126.8901,62.46,5.3,67 km ENE of Hinatuan  Philippines
2023-12-02T15:02:24.673Z,8.2958,126.5879,78.694,4.7,22 km NE of Barcelona  Philippines
2023-12-02T15:06:46.280Z,8.3198,127.0017,61.655,5.8,65 km ENE of Barcelona  Philippines
2023-12-02T15:08:56.249Z,8.3335,126.5833,61.311,5.4,25 km NE of Barcelona  Philippines
2023-12-02T15:10:05.463Z,8.3316,127.1679,10,5,83 km ENE of Barcelona  Philippines
2023-12-02T15:15:21.087Z,8.3786,126.529,75.936,4.7,21 km E of Hinatuan  Philippines
2023-12-02T15:18:01.883Z,8.6804,126.4855,71.023,4.5,24 km ESE of Marihatag  Philippines
2023-12-02T15:20:59.590Z,8.3114,126.7872,40.703,4.9,42 km ENE of Barcelona  Philippines
2023-12-02T15:21:07.158Z,8.33,126.6462,39.383,5,30 km NE of Barcelona  Philippines
2023-12-02T15:22:05.017Z,8.3389,126.6551,60.468,5.4,31 km NE of Barcelona  Philippines
2023-12-02T15:24:04.209Z,8.4636,126.7699,52.514,4.8,49 km ENE of Hinatuan  Philippines
2023-12-02T15:29:32.440Z,8.3172,127.0409,37.696,5,69 km ENE of Barcelona  Philippines
2023-12-02T15:31:08.767Z,8.3139,126.6074,78.05,4.9,25 km NE of Barcelona  Philippines
2023-12-02T15:31:29.616Z,8.4758,126.7648,66.805,5.5,48 km ENE of Hinatuan  Philippines
2023-12-02T15:34:18.001Z,8.5618,127.2502,10,4.7,100 km ENE of Barcelona  Philippines
2023-12-02T15:35:14.924Z,8.4636,126.6339,65.879,4.5,34 km ENE of Hinatuan  Philippines
2023-12-02T15:38:26.947Z,8.4345,126.8572,62.666,4.9,55 km ENE of Barcelona  Philippines
2023-12-02T15:40:44.672Z,8.3484,126.5641,79.037,4.8,25 km NE of Barcelona  Philippines
2023-12-02T15:42:47.515Z,8.5072,126.852,16.902,5.3,58 km ENE of Hinatuan  Philippines
2023-12-02T15:46:24.573Z,8.515,126.8914,54.05,5.3,63 km ENE of Hinatuan  Philippines
2023-12-02T15:50:41.864Z,8.4619,126.7007,59.672,5.2,41 km ENE of Hinatuan  Philippines
2023-12-02T15:54:11.965Z,8.345,126.882,62.271,4.9,53 km ENE of Barcelona  Philippines
2023-12-02T16:00:19.448Z,8.3084,126.5232,59.259,4.4,19 km NNE of Barcelona  Philippines
2023-12-02T16:03:41.167Z,8.4377,126.757,35,6.4,47 km NE of Barcelona  Philippines
2023-12-02T16:08:45.248Z,8.4782,126.4787,74.57,5.2,19 km NE of Hinatuan  Philippines
2023-12-02T16:09:04.122Z,8.5779,126.6901,66.337,5.3,45 km ENE of Hinatuan  Philippines
2023-12-02T16:13:21.219Z,8.4217,126.8856,45.383,5.2,57 km ENE of Barcelona  Philippines
2023-12-02T16:17:01.047Z,8.4904,126.7396,44.034,5.6,46 km ENE of Hinatuan  Philippines
2023-12-02T16:19:46.488Z,8.3677,126.7855,52.821,5.7,45 km ENE of Barcelona  Philippines
2023-12-02T16:23:23.080Z,8.2291,126.564,60.964,5.2,16 km ENE of Barcelona  Philippines
2023-12-02T16:25:21.074Z,8.6872,126.5345,62.905,4.7,29 km ESE of Marihatag  Philippines
2023-12-02T16:26:36.280Z,8.3219,126.6062,73.882,4.8,26 km NE of Barcelona  Philippines
2023-12-02T16:29:28.206Z,8.4037,126.7321,61.367,4.8,42 km NE of Barcelona  Philippines
2023-12-02T16:31:00.963Z,8.5143,126.8698,61.012,4.6,61 km ENE of Hinatuan  Philippines
2023-12-02T16:33:40.416Z,8.5451,126.6704,50.541,4.7,41 km ENE of Hinatuan  Philippines
2023-12-02T16:34:26.071Z,8.4138,126.7358,55.396,5,43 km NE of Barcelona  Philippines
2023-12-02T16:34:59.073Z,8.6092,126.6631,58.952,5.4,44 km NE of Hinatuan  Philippines
2023-12-02T16:38:31.770Z,8.3359,127.1387,10,4.8,80 km ENE of Barcelona  Philippines
2023-12-02T16:46:34.355Z,8.3737,126.8696,67.709,4.6,53 km ENE of Barcelona  Philippines
2023-12-02T16:47:18.650Z,8.3682,126.6444,37.848,4.9,32 km NE of Barcelona  Philippines
2023-12-02T16:48:27.104Z,8.4416,126.6029,64.434,4.8,30 km ENE of Hinatuan  Philippines
2023-12-02T16:51:00.029Z,8.4415,126.549,66.423,4.8,24 km ENE of Hinatuan  Philippines
2023-12-02T16:53:08.675Z,8.4005,126.8647,46.557,5.7,54 km ENE of Barcelona  Philippines
2023-12-02T16:57:56.144Z,8.2761,126.6311,60.662,5,25 km ENE of Barcelona  Philippines
2023-12-02T17:00:11.740Z,8.4675,126.9878,55.04,4.7,69 km ENE of Barcelona  Philippines
2023-12-02T17:00:23.430Z,8.6264,125.4426,106.821,4.7,21 km SW of Tungao  Philippines
2023-12-02T17:00:33.380Z,8.4159,126.6224,37.512,4.8,32 km E of Hinatuan  Philippines
2023-12-02T17:01:16.201Z,8.5006,126.6137,48.563,4.8,33 km ENE of Hinatuan  Philippines
2023-12-02T17:02:01.494Z,8.3663,126.666,48.605,5.3,34 km NE of Barcelona  Philippines
2023-12-02T17:05:43.397Z,7.9637,126.406,35,4.7,5 km SW of Santa Maria  Philippines
2023-12-02T17:08:41.827Z,8.3445,126.7874,55.013,4.6,43 km ENE of Barcelona  Philippines
2023-12-02T17:14:46.734Z,8.1914,126.4573,85.883,4.6,4 km NE of Barcelona  Philippines
2023-12-02T17:16:08.290Z,8.288,126.6202,68.436,4.9,24 km NE of Barcelona  Philippines
2023-12-02T17:18:39.188Z,8.7485,127.0127,10,4.6,78 km ESE of Aras-asan  Philippines
2023-12-02T17:19:10.397Z,9.2421,126.7427,23.688,4.6,59 km ENE of La Paz  Philippines
2023-12-02T17:20:54.678Z,8.4797,126.7097,74.775,4.4,43 km ENE of Hinatuan  Philippines
2023-12-02T17:25:08.774Z,8.1397,126.397,87.86,4.4,4 km WSW of Barcelona  Philippines
2023-12-02T17:26:53.111Z,8.597,126.9183,51.416,4.7,68 km ENE of Hinatuan  Philippines
2023-12-02T17:29:48.917Z,8.3353,126.5881,68.871,4.3,25 km NE of Barcelona  Philippines
2023-12-02T17:31:40.838Z,8.6831,126.7248,57.067,5,49 km ESE of Marihatag  Philippines
2023-12-02T17:32:49.460Z,8.7159,126.7491,63.906,5,52 km ESE of Marihatag  Philippines
2023-12-02T17:38:36.868Z,8.6054,126.7732,55.666,4.5,54 km ENE of Hinatuan  Philippines
2023-12-02T17:40:15.233Z,8.423,126.722,36.091,6.1,41 km NE of Barcelona  Philippines
2023-12-02T17:42:16.957Z,8.4261,126.5207,79.813,5.6,21 km ENE of Hinatuan  Philippines
2023-12-02T17:43:14.348Z,8.2748,126.8279,35,5.4,45 km ENE of Barcelona  Philippines
2023-12-02T17:45:05.220Z,8.3044,126.5663,51.478,5.4,21 km NE of Barcelona  Philippines
2023-12-02T17:49:44.163Z,8.3332,126.671,87.186,5,32 km NE of Barcelona  Philippines
2023-12-02T17:50:08.095Z,8.4132,126.6901,78.239,5,39 km E of Hinatuan  Philippines
2023-12-02T17:51:16.261Z,8.4873,126.728,61.143,5,45 km ENE of Hinatuan  Philippines
2023-12-02T17:55:28.180Z,8.6642,126.7521,64.275,5.6,52 km ESE of Marihatag  Philippines
2023-12-02T18:00:06.161Z,8.6995,126.598,36.185,4.9,35 km ESE of Marihatag  Philippines
2023-12-02T18:00:56.405Z,8.2941,126.7348,88.254,4.7,36 km ENE of Barcelona  Philippines
2023-12-02T18:01:24.013Z,8.4454,126.8357,48.987,5.2,54 km NE of Barcelona  Philippines
2023-12-02T18:03:47.876Z,8.8292,126.2411,10,4.8,6 km WNW of Marihatag  Philippines
2023-12-02T18:04:43.289Z,8.4814,126.5757,46.984,5.1,29 km ENE of Hinatuan  Philippines
2023-12-02T18:06:05.091Z,8.4534,126.5004,75.992,4.6,20 km ENE of Hinatuan  Philippines
2023-12-02T18:06:29.578Z,8.4214,126.7036,57.413,5.1,41 km E of Hinatuan  Philippines
2023-12-02T18:09:25.972Z,8.4402,126.9387,46.378,6.3,63 km ENE of Barcelona  Philippines
2023-12-02T18:13:24.295Z,8.302,126.5678,60.889,5.1,21 km NE of Barcelona  Philippines
2023-12-02T18:15:29.883Z,8.4645,126.4469,68.843,4.6,16 km NE of Hinatuan  Philippines
2023-12-02T18:20:40.812Z,8.5944,126.6118,48.935,5.4,37 km NE of Hinatuan  Philippines
2023-12-02T18:28:18.291Z,8.4848,126.5006,62.076,4.9,22 km NE of Hinatuan  Philippines
2023-12-02T18:33:15.008Z,8.2447,126.5128,32.453,4.2,12 km NE of Barcelona  Philippines
2023-12-02T18:34:08.680Z,8.4537,126.7402,61.95,4.4,45 km ENE of Hinatuan  Philippines
2023-12-02T18:40:15.266Z,8.5012,126.4676,65.42,4.4,20 km NE of Hinatuan  Philippines
2023-12-02T18:40:37.283Z,8.4293,126.583,50.477,4.6,28 km ENE of Hinatuan  Philippines
2023-12-02T18:47:15.241Z,8.4865,126.6174,48.484,4.4,33 km ENE of Hinatuan  Philippines
2023-12-02T18:48:43.186Z,8.5544,126.5027,71.457,4.1,27 km NE of Hinatuan  Philippines
2023-12-02T18:54:07.425Z,8.3016,126.4003,87.907,4.2,6 km E of Tidman  Philippines
2023-12-02T18:57:21.108Z,8.3917,126.6298,67.428,4.6,32 km E of Hinatuan  Philippines
2023-12-02T18:59:30.012Z,8.2944,126.6192,75.043,4.5,25 km NE of Barcelona  Philippines
2023-12-02T19:03:41.581Z,8.4907,126.6743,70.123,4.7,39 km ENE of Hinatuan  Philippines
2023-12-02T19:05:02.451Z,8.6903,126.7547,57.132,4.8,52 km ESE of Marihatag  Philippines
2023-12-02T19:06:35.740Z,8.1827,126.454,84.022,4.5,3 km NE of Barcelona  Philippines
2023-12-02T19:08:16.080Z,8.4511,126.6778,63.074,4.7,38 km ENE of Hinatuan  Philippines
2023-12-02T19:10:52.152Z,8.3241,126.7782,49.808,4.8,42 km ENE of Barcelona  Philippines
2023-12-02T19:15:24.487Z,8.3655,126.436,56.883,4.5,11 km E of Hinatuan  Philippines
2023-12-02T19:17:00.158Z,8.4791,126.8697,22.118,5.3,59 km NE of Barcelona  Philippines
2023-12-02T19:19:21.467Z,8.4136,126.8349,22.227,5.3,52 km ENE of Barcelona  Philippines
2023-12-02T19:26:54.687Z,8.3843,127.1055,10,4.3,78 km ENE of Barcelona  Philippines
2023-12-02T19:34:25.945Z,8.3619,126.7236,60.814,4.6,38 km NE of Barcelona  Philippines
2023-12-02T19:37:00.943Z,8.4696,126.8694,40.843,5.3,58 km NE of Barcelona  Philippines
2023-12-02T19:44:48.633Z,8.7286,127.2714,10,4.7,107 km E of Aras-asan  Philippines
2023-12-02T19:53:19.144Z,8.3456,126.8791,43.904,4.2,53 km ENE of Barcelona  Philippines
2023-12-02T19:54:19.441Z,8.071,126.608,72.68,4.8,19 km ENE of Santa Maria  Philippines
2023-12-02T19:57:09.481Z,8.553,126.5629,75.105,5.2,32 km NE of Hinatuan  Philippines
2023-12-02T20:00:39.918Z,8.7779,126.5982,59.037,4.5,33 km E of Marihatag  Philippines
2023-12-02T20:05:00.692Z,8.8046,126.7985,48.212,4.4,54 km E of Aras-asan  Philippines
2023-12-02T20:12:32.210Z,8.7645,127.1948,10,4.4,98 km E of Aras-asan  Philippines
2023-12-02T20:15:37.688Z,8.3739,127.1705,12.771,4.4,84 km ENE of Barcelona  Philippines
2023-12-02T20:19:52.646Z,8.429,127.118,38.248,4.3,81 km ENE of Barcelona  Philippines
2023-12-02T20:27:40.711Z,8.6788,127.2219,10,4.3,102 km E of Marihatag  Philippines
2023-12-02T20:30:43.814Z,8.4058,126.6427,67.266,4.7,34 km E of Hinatuan  Philippines
2023-12-02T20:33:31.570Z,8.5645,126.9515,38.532,4.6,71 km ENE of Hinatuan  Philippines
2023-12-02T20:39:30.328Z,8.259,126.7494,63.645,5.4,36 km ENE of Barcelona  Philippines
2023-12-02T20:47:37.438Z,8.3986,126.5265,78.848,4.3,21 km E of Hinatuan  Philippines
2023-12-02T20:52:15.877Z,8.4475,126.7782,9,6,49 km NE of Barcelona  Philippines
2023-12-02T20:58:01.435Z,8.4768,126.7454,64.171,4.9,46 km ENE of Hinatuan  Philippines
2023-12-02T20:59:20.602Z,8.0777,126.6353,28.239,4.9,23 km ENE of Santa Maria  Philippines
2023-12-02T20:59:38.105Z,8.429,126.6642,34.964,4.9,36 km E of Hinatuan  Philippines
2023-12-02T21:01:36.093Z,8.4074,126.6247,66.984,4.6,32 km E of Hinatuan  Philippines
2023-12-02T21:07:10.806Z,8.4208,126.6183,73.479,4.6,31 km E of Hinatuan  Philippines
2023-12-02T21:07:18.946Z,8.4195,126.7332,35,4.9,43 km NE of Barcelona  Philippines
2023-12-02T21:07:51.349Z,8.3123,126.6272,45.673,5.1,27 km NE of Barcelona  Philippines
2023-12-02T21:14:56.891Z,8.5852,126.9329,55.277,4.6,70 km ENE of Hinatuan  Philippines
2023-12-02T21:16:07.839Z,8.3674,127.2501,10,4.5,92 km ENE of Barcelona  Philippines
2023-12-02T21:20:15.248Z,8.4185,126.8897,56.304,4.6,57 km ENE of Barcelona  Philippines
2023-12-02T21:21:00.999Z,8.4083,126.6577,57.009,4.5,35 km E of Hinatuan  Philippines
2023-12-02T21:22:48.333Z,8.5199,126.8444,44.043,4.4,58 km ENE of Hinatuan  Philippines
2023-12-02T21:23:41.013Z,8.555,126.8758,25.546,4.2,62 km ENE of Hinatuan  Philippines
2023-12-02T21:24:19.675Z,8.4672,126.7643,42.548,4.5,48 km ENE of Hinatuan  Philippines
2023-12-02T21:27:02.466Z,8.5219,126.8175,48.685,4.6,55 km ENE of Hinatuan  Philippines
2023-12-02T21:28:03.458Z,8.5077,126.8466,64.688,4.5,58 km ENE of Hinatuan  Philippines
2023-12-02T21:30:59.239Z,8.3293,126.6436,67.548,4.6,29 km NE of Barcelona  Philippines
2023-12-02T21:39:38.716Z,8.3828,126.6851,67.467,4.5,37 km NE of Barcelona  Philippines
2023-12-02T21:43:24.027Z,8.0825,126.6881,81.494,4.4,28 km ENE of Santa Maria  Philippines
2023-12-02T21:44:38.158Z,8.2805,126.6784,41.416,4.5,30 km ENE of Barcelona  Philippines
2023-12-02T21:45:47.629Z,8.4281,126.6863,70.833,4.4,39 km E of Hinatuan  Philippines
2023-12-02T21:46:41.734Z,8.4305,126.6716,59.285,5.1,37 km E of Hinatuan  Philippines
2023-12-02T21:52:34.875Z,8.5471,126.8652,45.848,4.6,61 km ENE of Hinatuan  Philippines
2023-12-02T21:54:22.030Z,8.5433,126.972,49.44,4.3,72 km ENE of Hinatuan  Philippines
2023-12-02T21:55:34.888Z,8.2369,126.7136,68.168,4.8,31 km ENE of Barcelona  Philippines
2023-12-02T22:00:42.964Z,8.4654,127.0695,29.473,4.5,77 km ENE of Barcelona  Philippines
2023-12-02T22:02:12.333Z,8.3554,126.6196,62.824,4.9,29 km NE of Barcelona  Philippines
2023-12-02T22:12:23.136Z,8.3555,126.7257,72.816,4.5,38 km NE of Barcelona  Philippines
2023-12-02T22:18:11.201Z,8.2931,126.3256,76.783,4.3,1 km WSW of Tidman  Philippines
2023-12-02T22:19:35.976Z,8.4739,126.8178,60.921,4.5,54 km ENE of Hinatuan  Philippines
2023-12-02T22:21:18.423Z,8.5366,126.9249,55.955,4.2,67 km ENE of Hinatuan  Philippines
2023-12-02T22:30:59.163Z,8.3409,126.5156,80.766,4.5,20 km ENE of Tidman  Philippines
2023-12-02T22:33:53.184Z,8.7614,127.1329,10,4.4,91 km E of Aras-asan  Philippines
2023-12-02T22:35:41.644Z,8.3688,126.8873,26.181,5.5,55 km ENE of Barcelona  Philippines
2023-12-02T22:41:20.321Z,8.2765,126.5273,77.099,4.7,16 km NE of Barcelona  Philippines
2023-12-02T22:43:39.695Z,8.3799,126.5588,86.825,4.5,24 km E of Hinatuan  Philippines
2023-12-02T22:45:19.891Z,8.533,126.8083,60.657,4.9,55 km ENE of Hinatuan  Philippines
2023-12-02T22:46:17.669Z,8.3473,126.6005,79.8,4.7,27 km NE of Barcelona  Philippines
2023-12-02T22:48:45.552Z,8.4622,126.7379,58.537,4.4,45 km ENE of Hinatuan  Philippines
2023-12-02T23:00:10.191Z,8.6393,127.0507,45.843,4.3,84 km ENE of Hinatuan  Philippines
2023-12-02T23:04:56.398Z,8.3262,126.6324,74.485,4.1,28 km NE of Barcelona  Philippines
2023-12-02T23:05:52.610Z,8.1109,127.251,66.184,4.2,89 km E of Santa Maria  Philippines
2023-12-02T23:08:55.720Z,8.946,126.5947,54.728,4,31 km ENE of Aras-asan  Philippines
2023-12-02T23:19:52.603Z,8.2707,126.725,50.695,4.6,34 km ENE of Barcelona  Philippines
2023-12-02T23:24:25.021Z,8.4343,126.803,62.283,4.5,50 km NE of Barcelona  Philippines
2023-12-02T23:45:20.880Z,8.5725,126.6356,62.581,4.8,39 km ENE of Hinatuan  Philippines
2023-12-02T23:50:11.895Z,8.3745,126.3916,98.675,4,6 km E of Hinatuan  Philippines
2023-12-02T23:52:03.502Z,8.6935,126.8778,54.173,4.1,65 km E of Marihatag  Philippines
2023-12-02T23:54:00.445Z,8.4178,126.8213,59.066,4.1,51 km NE of Barcelona  Philippines
2023-12-02T23:55:09.013Z,8.448,126.6827,83.704,4.3,39 km ENE of Hinatuan  Philippines
2023-12-03T00:11:48.672Z,8.2471,126.7031,70.064,4.5,31 km ENE of Barcelona  Philippines
2023-12-03T00:24:31.136Z,8.4057,126.7293,74.371,4.4,42 km NE of Barcelona  Philippines
2023-12-03T00:37:44.347Z,8.0463,126.8438,74.695,4.4,44 km E of Santa Maria  Philippines
2023-12-03T00:43:03.666Z,8.6212,126.824,56.341,4.2,60 km ENE of Hinatuan  Philippines
2023-12-03T00:44:01.199Z,8.5017,126.7354,60.927,4.2,46 km ENE of Hinatuan  Philippines
2023-12-03T00:46:19.733Z,8.6753,126.6844,81.464,4.6,45 km ESE of Marihatag  Philippines
2023-12-03T00:48:25.369Z,8.399,126.5081,50.345,4.9,19 km E of Hinatuan  Philippines
2023-12-03T01:03:28.202Z,8.4877,126.7633,54.488,4.5,48 km ENE of Hinatuan  Philippines
2023-12-03T01:16:06.794Z,8.4368,126.9279,56.798,4.7,62 km ENE of Barcelona  Philippines
2023-12-03T01:43:30.421Z,8.3396,126.5379,62.08,4.5,22 km ENE of Tidman  Philippines
2023-12-03T02:02:00.455Z,8.402,126.646,73.476,4.4,34 km E of Hinatuan  Philippines
2023-12-03T02:02:37.910Z,8.5953,126.8367,48.422,5.3,60 km ENE of Hinatuan  Philippines
2023-12-03T02:21:20.379Z,8.4553,126.7141,59.094,4.5,42 km ENE of Hinatuan  Philippines
2023-12-03T02:31:59.854Z,8.4889,126.6183,54.355,4.7,33 km ENE of Hinatuan  Philippines
2023-12-03T02:35:27.735Z,8.5163,126.3824,75.906,4.4,15 km E of Gamut  Philippines
2023-12-03T02:36:42.587Z,8.35,126.9319,62.396,4.6,58 km ENE of Barcelona  Philippines
2023-12-03T02:42:55.650Z,8.3433,126.5249,55.43,4.5,21 km ENE of Tidman  Philippines
2023-12-03T02:47:51.875Z,8.4195,126.6322,65.469,4.4,33 km E of Hinatuan  Philippines
2023-12-03T02:53:24.069Z,8.024,126.6335,69.474,4.5,21 km E of Santa Maria  Philippines
2023-12-03T02:58:17.209Z,8.6384,126.6521,48.311,4.5,43 km ESE of Marihatag  Philippines
2023-12-03T03:02:13.180Z,8.3502,126.4984,78.274,4.5,18 km E of Loyola  Philippines
2023-12-03T03:10:18.266Z,8.0051,126.9926,35,4.6,59 km NE of Kinablangan  Philippines
2023-12-03T03:18:00.286Z,8.3428,126.2974,59.736,4.4,3 km NNE of Bigaan  Philippines
2023-12-03T03:23:58.506Z,8.6725,126.2482,10,4.4,6 km SE of Salvacion  Philippines
2023-12-03T03:24:54.138Z,8.5791,126.625,52.66,4.9,39 km NE of Hinatuan  Philippines
2023-12-03T03:28:17.758Z,8.0774,126.7675,60.367,5.1,36 km ENE of Santa Maria  Philippines
2023-12-03T03:36:24.591Z,8.352,126.8035,65.313,5.2,45 km ENE of Barcelona  Philippines
2023-12-03T03:40:12.759Z,8.0613,126.6821,62.668,4.7,27 km ENE of Santa Maria  Philippines
2023-12-03T03:41:59.249Z,8.3995,126.8415,35,4.6,52 km ENE of Barcelona  Philippines
2023-12-03T03:42:50.690Z,8.0378,126.6351,71.953,4.5,21 km ENE of Santa Maria  Philippines
2023-12-03T03:43:39.077Z,8.1042,126.5185,55.34,4.5,11 km ESE of Barcelona  Philippines
2023-12-03T03:55:41.926Z,8.3697,126.9227,54.578,4.9,58 km ENE of Barcelona  Philippines
2023-12-03T04:15:50.251Z,7.8995,126.7628,81.374,4.5,32 km NE of Kinablangan  Philippines
2023-12-03T04:20:59.388Z,8.3512,126.8881,47.993,4.3,54 km ENE of Barcelona  Philippines
2023-12-03T04:24:17.316Z,8.6946,126.4013,64.558,4.6,16 km SE of Marihatag  Philippines
2023-12-03T04:29:54.892Z,7.6241,126.716,10,4.4,18 km ENE of Baganga  Philippines
2023-12-03T04:34:15.990Z,8.4518,126.5958,66.206,4.4,30 km ENE of Hinatuan  Philippines
2023-12-03T04:35:37.470Z,8.4304,126.7859,65.96,4.4,49 km NE of Barcelona  Philippines
2023-12-03T04:40:35.222Z,8.2518,126.8803,49.078,4.7,50 km ENE of Barcelona  Philippines
2023-12-03T04:41:51.720Z,8.3166,126.7681,45.377,5.2,40 km ENE of Barcelona  Philippines
2023-12-03T04:54:28.773Z,8.2886,126.5324,67.072,4.5,17 km NE of Barcelona  Philippines
2023-12-03T04:59:15.550Z,8.6742,126.4283,46.561,5.1,20 km SE of Marihatag  Philippines
2023-12-03T05:27:55.800Z,8.6231,126.9188,54.518,4.9,70 km ENE of Hinatuan  Philippines
2023-12-03T05:38:11.750Z,8.5032,126.7688,55.478,4.7,50 km ENE of Hinatuan  Philippines
2023-12-03T05:43:43.134Z,8.6422,126.6671,63.392,5.4,44 km ESE of Marihatag  Philippines
2023-12-03T05:47:53.126Z,8.5965,126.8521,52.994,4.8,62 km ENE of Hinatuan  Philippines
2023-12-03T05:50:23.806Z,8.1804,126.646,67.484,4.9,23 km E of Barcelona  Philippines
2023-12-03T05:57:24.266Z,8.1323,126.5855,61.802,4.5,16 km E of Barcelona  Philippines
2023-12-03T06:03:39.228Z,8.4466,126.7081,62.901,4.3,41 km ENE of Hinatuan  Philippines
2023-12-03T06:10:51.067Z,8.1929,126.6606,85.672,4.5,25 km E of Barcelona  Philippines
2023-12-03T06:18:22.337Z,8.4159,126.6195,73.26,4.7,31 km E of Hinatuan  Philippines
2023-12-03T06:26:55.990Z,8.2604,126.4771,80.768,4.2,12 km NNE of Barcelona  Philippines
2023-12-03T06:33:41.975Z,8.7503,127.1624,10,4.1,94 km E of Aras-asan  Philippines
2023-12-03T06:37:14.051Z,8.5113,126.7591,57.272,4.5,49 km ENE of Hinatuan  Philippines
2023-12-03T06:41:50.134Z,8.9456,126.4915,58.758,4.6,20 km ENE of Aras-asan  Philippines
2023-12-03T06:44:43.205Z,8.474,126.749,54.923,4.5,47 km ENE of Hinatuan  Philippines
2023-12-03T06:47:15.234Z,8.306,126.4138,85.286,4,8 km E of Tidman  Philippines
2023-12-03T06:55:38.828Z,8.2875,126.7717,54.128,4.5,39 km ENE of Barcelona  Philippines
2023-12-03T07:01:06.797Z,8.3926,126.5843,67.318,4.3,27 km E of Hinatuan  Philippines
2023-12-03T07:04:10.610Z,8.4699,127.0292,50.031,4.3,74 km ENE of Barcelona  Philippines
2023-12-03T07:04:47.178Z,8.6661,126.606,61.633,4.6,37 km ESE of Marihatag  Philippines
2023-12-03T07:11:00.066Z,8.7346,126.8671,50.993,4.8,63 km E of Marihatag  Philippines
2023-12-03T07:44:23.246Z,8.3833,126.6702,53.514,4.7,35 km NE of Barcelona  Philippines
2023-12-03T07:54:05.453Z,8.4532,126.6445,45.081,4.2,35 km ENE of Hinatuan  Philippines
2023-12-03T07:54:52.450Z,8.4707,126.9542,51.905,4.9,66 km ENE of Barcelona  Philippines
2023-12-03T08:10:55.349Z,8.3276,126.6845,68.404,4.4,33 km NE of Barcelona  Philippines
2023-12-03T08:12:53.539Z,8.3249,126.6118,69.57,4.4,26 km NE of Barcelona  Philippines
2023-12-03T08:13:39.243Z,8.6847,126.8286,59.56,4.6,60 km ESE of Marihatag  Philippines
2023-12-03T08:18:20.171Z,8.5029,126.7193,23.123,4.4,44 km ENE of Hinatuan  Philippines
2023-12-03T08:31:21.035Z,8.1579,126.6471,59.629,4.5,23 km E of Barcelona  Philippines
2023-12-03T08:36:26.527Z,8.0872,126.6896,78.608,4.7,28 km ENE of Santa Maria  Philippines
2023-12-03T08:41:38.851Z,8.3924,126.7505,65.309,4.5,43 km NE of Barcelona  Philippines
2023-12-03T08:41:55.724Z,8.3892,126.6878,71.598,4.9,37 km NE of Barcelona  Philippines
2023-12-03T08:57:59.561Z,8.2729,126.881,50.57,4.5,50 km ENE of Barcelona  Philippines
2023-12-03T09:02:37.618Z,8.2651,126.6534,54.435,4.1,26 km ENE of Barcelona  Philippines
2023-12-03T09:03:39.627Z,8.403,126.8476,57.126,5.1,52 km ENE of Barcelona  Philippines
2023-12-03T09:05:52.958Z,8.2105,126.7674,44.239,4.4,37 km E of Barcelona  Philippines
2023-12-03T09:07:47.274Z,8.5262,126.6632,57.906,4.2,40 km ENE of Hinatuan  Philippines
2023-12-03T09:12:09.191Z,8.4466,126.8908,51.73,4.5,59 km ENE of Barcelona  Philippines
2023-12-03T09:19:58.330Z,8.3731,126.7146,53.937,4.6,38 km NE of Barcelona  Philippines
2023-12-03T09:22:45.332Z,8.4343,126.3347,61.637,4.2,6 km N of Hinatuan  Philippines
2023-12-03T09:37:14.442Z,8.4004,126.8489,54.326,4.7,52 km ENE of Barcelona  Philippines
2023-12-03T09:42:31.932Z,8.5172,126.9678,44.353,4.4,70 km NE of Barcelona  Philippines
2023-12-03T09:45:36.849Z,8.7017,126.7225,58.011,5,48 km ESE of Marihatag  Philippines
2023-12-03T09:48:47.433Z,8.5007,126.8224,58.223,4.9,55 km ENE of Hinatuan  Philippines
2023-12-03T09:55:44.966Z,8.5072,126.7495,52.305,4.6,48 km ENE of Hinatuan  Philippines
2023-12-03T10:00:04.901Z,8.4948,126.7657,57.013,4.6,49 km ENE of Hinatuan  Philippines
2023-12-03T10:10:43.006Z,8.3563,126.7052,64.55,4.2,36 km NE of Barcelona  Philippines
2023-12-03T10:17:26.640Z,8.4718,126.8103,50.24,4.8,53 km ENE of Hinatuan  Philippines
2023-12-03T10:22:06.926Z,8.4956,126.7356,45.362,4.6,46 km ENE of Hinatuan  Philippines
2023-12-03T10:27:56.714Z,8.5029,126.3646,55.82,4.4,13 km ESE of Gamut  Philippines
2023-12-03T10:35:52.871Z,8.488,126.7454,19,6.6,47 km ENE of Hinatuan  Philippines
2023-12-03T10:39:23.796Z,8.5597,126.6174,45.264,5.7,37 km ENE of Hinatuan  Philippines
2023-12-03T10:45:47.907Z,8.6436,126.1848,61.756,4.5,8 km SSW of Salvacion  Philippines
2023-12-03T10:46:45.558Z,8.5099,126.5423,48.53,4.8,27 km ENE of Hinatuan  Philippines
2023-12-03T10:49:40.141Z,8.5477,126.8014,51.206,4.6,54 km ENE of Hinatuan  Philippines
2023-12-03T10:51:42.198Z,8.3758,126.5445,54.21,4.4,23 km E of Hinatuan  Philippines
2023-12-03T10:53:05.442Z,8.2897,127.0525,39.402,5.5,69 km ENE of Barcelona  Philippines
2023-12-03T10:54:55.054Z,8.5622,126.862,36.128,5.6,61 km ENE of Hinatuan  Philippines
2023-12-03T10:58:38.200Z,8.8293,126.83,42.849,5.4,57 km E of Aras-asan  Philippines
2023-12-03T11:00:29.105Z,8.6963,126.5575,43.054,5,31 km ESE of Marihatag  Philippines
2023-12-03T11:01:22.580Z,8.6452,126.3184,67.011,4.6,14 km ESE of Salvacion  Philippines
2023-12-03T11:03:08.996Z,8.5882,126.7552,57.835,4.5,52 km ENE of Hinatuan  Philippines
2023-12-03T11:04:55.848Z,8.7891,126.5242,40.458,4.5,25 km E of Marihatag  Philippines
2023-12-03T11:06:18.465Z,8.6526,127.0953,10,4.7,89 km ENE of Hinatuan  Philippines
2023-12-03T11:07:52.319Z,8.5748,126.8872,51.207,4.6,64 km ENE of Hinatuan  Philippines
2023-12-03T11:08:54.709Z,8.6676,126.6196,51.186,4.2,38 km ESE of Marihatag  Philippines
2023-12-03T11:09:16.935Z,8.552,126.9245,44.271,4.4,67 km ENE of Hinatuan  Philippines
2023-12-03T11:11:27.068Z,8.5376,126.6422,57.339,4.3,38 km ENE of Hinatuan  Philippines
2023-12-03T11:19:42.414Z,8.7652,126.5561,53.002,4.4,28 km E of Marihatag  Philippines
2023-12-03T11:20:45.102Z,8.5588,126.7579,41.613,4.4,51 km ENE of Hinatuan  Philippines
2023-12-03T11:23:42.342Z,8.6244,126.6394,42.536,4.3,42 km ESE of Marihatag  Philippines
2023-12-03T11:31:09.120Z,8.5428,126.9388,51.756,4.9,69 km ENE of Hinatuan  Philippines
2023-12-03T11:40:47.810Z,8.4474,126.8046,55.194,4.5,51 km NE of Barcelona  Philippines
2023-12-03T11:53:44.757Z,8.3849,126.7457,59.628,4.7,42 km NE of Barcelona  Philippines
2023-12-03T11:56:38.222Z,8.4828,126.5946,55.581,4.2,31 km ENE of Hinatuan  Philippines
2023-12-03T11:57:59.989Z,8.5352,126.8199,58.385,4.3,56 km ENE of Hinatuan  Philippines
2023-12-03T12:13:46.996Z,8.5042,126.8304,57.025,4.6,56 km ENE of Hinatuan  Philippines
2023-12-03T12:28:35.198Z,8.4558,126.932,58.058,4.8,63 km ENE of Barcelona  Philippines
2023-12-03T12:29:32.384Z,8.4205,126.8239,44.533,4.4,51 km NE of Barcelona  Philippines
2023-12-03T12:37:11.161Z,8.6449,126.9844,30.629,4.3,77 km ENE of Hinatuan  Philippines
2023-12-03T12:39:06.935Z,8.3741,126.7408,54.781,4.3,41 km NE of Barcelona  Philippines
2023-12-03T12:39:36.297Z,8.6744,127.0239,28.046,5.4,81 km E of Marihatag  Philippines
2023-12-03T12:44:48.871Z,8.4676,126.805,56.601,5.2,52 km ENE of Hinatuan  Philippines
2023-12-03T12:47:26.181Z,8.5487,126.7992,47.879,4.2,54 km ENE of Hinatuan  Philippines
2023-12-03T12:55:10.484Z,8.5387,126.9635,46.421,4.1,71 km ENE of Hinatuan  Philippines
2023-12-03T12:58:18.124Z,8.0486,126.7876,61.103,4.3,38 km E of Santa Maria  Philippines
2023-12-03T13:17:07.317Z,8.3477,126.3917,80.059,4.3,6 km ENE of Loyola  Philippines
2023-12-03T13:22:52.126Z,8.4783,126.645,55.577,4.7,36 km ENE of Hinatuan  Philippines
2023-12-03T13:36:38.660Z,8.5165,126.729,44.421,4.4,46 km ENE of Hinatuan  Philippines
2023-12-03T14:02:19.715Z,8.1651,126.5208,76.799,4.5,9 km E of Barcelona  Philippines
2023-12-03T14:18:54.809Z,8.4366,126.3292,72.076,4.5,7 km N of Hinatuan  Philippines
2023-12-03T14:30:59.541Z,8.9177,126.8897,10,4.6,63 km E of Aras-asan  Philippines
2023-12-03T14:35:56.830Z,8.732,126.823,13,6,58 km E of Marihatag  Philippines
2023-12-03T14:38:35.616Z,8.6927,126.7887,54.816,5.1,55 km ESE of Marihatag  Philippines
2023-12-03T14:45:39.077Z,8.7331,127.0897,35,4.5,87 km ESE of Aras-asan  Philippines
2023-12-03T14:50:51.799Z,8.775,127.0454,10,4.5,81 km E of Aras-asan  Philippines
2023-12-03T14:51:35.144Z,8.7138,127.0059,10,4.5,78 km E of Marihatag  Philippines
2023-12-03T14:54:09.941Z,8.2957,126.689,73.552,5.1,31 km ENE of Barcelona  Philippines
2023-12-03T15:19:20.571Z,8.2875,126.5697,77.353,4.3,20 km NE of Barcelona  Philippines
2023-12-03T15:26:32.519Z,8.5647,126.7204,61.703,4.7,47 km ENE of Hinatuan  Philippines
2023-12-03T15:37:05.734Z,8.7785,127.1087,10,4.1,88 km E of Aras-asan  Philippines
2023-12-03T15:39:37.467Z,8.7281,126.7169,47.181,4.8,47 km E of Marihatag  Philippines
2023-12-03T15:42:52.284Z,8.4701,126.7892,59.105,4.6,51 km ENE of Hinatuan  Philippines
2023-12-03T16:27:40.346Z,8.324,126.4789,84.704,4.5,15 km E of Tidman  Philippines
2023-12-03T16:31:58.883Z,8.9043,126.6454,74.909,4.4,36 km E of Aras-asan  Philippines
2023-12-03T17:01:50.716Z,8.531,126.7048,60.007,5,44 km ENE of Hinatuan  Philippines
2023-12-03T17:09:15.343Z,8.4856,126.8515,65.636,4.6,58 km ENE of Hinatuan  Philippines
2023-12-03T17:23:43.869Z,8.793,126.8114,61.228,4.3,56 km E of Aras-asan  Philippines
2023-12-03T17:24:09.398Z,8.8159,126.6932,47.342,4.6,42 km E of Aras-asan  Philippines
2023-12-03T17:38:10.692Z,8.5214,126.8431,57.556,4.2,58 km ENE of Hinatuan  Philippines
2023-12-03T17:50:10.111Z,8.9,126.6558,55.451,4.6,37 km E of Aras-asan  Philippines
2023-12-03T18:06:52.447Z,8.6138,126.9669,42.295,4.5,74 km ENE of Hinatuan  Philippines
2023-12-03T18:07:58.873Z,8.4958,126.6581,58.924,4.8,38 km ENE of Hinatuan  Philippines
2023-12-03T18:11:20.290Z,8.8674,126.5348,59.088,5.1,24 km E of Aras-asan  Philippines
2023-12-03T18:29:44.806Z,8.5013,126.769,56.488,4.8,49 km ENE of Hinatuan  Philippines
2023-12-03T18:47:53.781Z,8.3947,126.7763,59.822,4.5,45 km NE of Barcelona  Philippines
2023-12-03T18:59:22.322Z,8.9629,126.4471,57.177,4.9,17 km ENE of Aras-asan  Philippines
2023-12-03T19:03:14.535Z,8.5798,126.586,69.598,4.7,36 km NE of Hinatuan  Philippines
2023-12-03T19:14:54.619Z,8.8544,126.5721,65.775,4.8,28 km E of Aras-asan  Philippines
2023-12-03T19:37:24.507Z,8.5869,126.8123,69.349,4,57 km ENE of Hinatuan  Philippines
2023-12-03T19:47:20.396Z,8.7517,127.3971,10,4.4,120 km E of Aras-asan  Philippines
2023-12-03T19:49:35.739Z,8.9705,126.6121,20,6.9,34 km ENE of Aras-asan  Philippines
2023-12-03T20:03:12.970Z,8.5581,126.6507,77.572,4.8,40 km ENE of Hinatuan  Philippines
2023-12-03T20:10:19.177Z,8.8346,126.6593,67.691,4.9,38 km E of Aras-asan  Philippines
2023-12-03T20:13:31.213Z,9.0619,126.6963,84.261,4.5,46 km ENE of Aras-asan  Philippines
2023-12-03T20:15:08.961Z,8.7108,126.4404,34.474,4.4,18 km ESE of Marihatag  Philippines
2023-12-03T20:18:53.465Z,8.9241,126.6255,62.425,5,34 km E of Aras-asan  Philippines
2023-12-03T20:27:49.515Z,8.9885,126.5953,61.859,4.7,33 km ENE of Aras-asan  Philippines
2023-12-03T20:30:19.781Z,8.9031,126.4867,47.433,5.3,19 km E of Aras-asan  Philippines
2023-12-03T20:52:44.367Z,9.0022,126.9853,10,4.4,75 km E of Aras-asan  Philippines
2023-12-03T21:05:16.926Z,8.8496,126.3183,64.696,4.4,4 km S of Aras-asan  Philippines
2023-12-03T21:06:36.173Z,8.4456,126.7759,61.025,4.5,49 km NE of Barcelona  Philippines
2023-12-03T21:08:17.245Z,8.2405,126.8713,58.302,4.7,49 km E of Barcelona  Philippines
2023-12-03T21:32:12.302Z,8.5603,126.8658,53.566,4.2,62 km ENE of Hinatuan  Philippines
2023-12-03T21:35:43.744Z,8.2052,126.9057,52.995,4.4,52 km E of Barcelona  Philippines
2023-12-03T21:43:38.401Z,8.7398,126.8062,24.222,5.4,56 km E of Marihatag  Philippines
2023-12-03T21:47:38.586Z,8.8699,126.5502,63.759,4.6,26 km E of Aras-asan  Philippines
2023-12-03T21:53:10.615Z,8.0022,126.9929,35,4.2,59 km NE of Kinablangan  Philippines
2023-12-03T21:55:57.355Z,8.7812,127.1924,10,4.4,97 km E of Aras-asan  Philippines
2023-12-03T21:57:11.415Z,8.9968,126.397,59.477,4.5,13 km ENE of Bacolod  Philippines
2023-12-03T22:06:22.496Z,8.662,126.7648,59.858,4.5,53 km ESE of Marihatag  Philippines
2023-12-03T22:08:05.521Z,8.7443,126.4046,80.093,4.5,13 km ESE of Marihatag  Philippines
2023-12-03T22:12:37.953Z,8.5686,126.9342,54.947,4.4,69 km ENE of Hinatuan  Philippines
2023-12-03T22:20:32.282Z,8.5619,126.7744,54.692,4.8,52 km ENE of Hinatuan  Philippines
2023-12-03T22:30:04.554Z,8.7493,126.6833,49.421,4.5,43 km E of Marihatag  Philippines
2023-12-03T22:31:40.681Z,8.5035,126.485,80.377,4.2,22 km NE of Hinatuan  Philippines
2023-12-03T22:38:51.018Z,8.6492,126.9694,43.447,4.5,76 km ESE of Marihatag  Philippines
2023-12-03T22:42:17.814Z,8.7045,126.9358,35,5.1,71 km E of Marihatag  Philippines
2023-12-03T22:55:09.529Z,9.0829,126.6061,35,4.5,38 km ENE of Bacolod  Philippines
2023-12-03T23:15:12.419Z,8.2419,126.5865,59.581,4.3,19 km ENE of Barcelona  Philippines
2023-12-03T23:16:16.451Z,8.3619,126.8616,35,4.6,52 km ENE of Barcelona  Philippines
2023-12-03T23:23:47.588Z,9.098,126.7735,47.473,4.5,55 km ENE of Aras-asan  Philippines
2023-12-03T23:25:12.213Z,8.4018,126.758,58.845,5.1,44 km NE of Barcelona  Philippines
2023-12-03T23:57:48.381Z,8.5228,126.3419,35,4.4,11 km E of Gamut  Philippines
2023-12-04T00:36:08.606Z,8.4667,126.61,57.53,4.4,32 km ENE of Hinatuan  Philippines
2023-12-04T00:39:02.759Z,8.1051,126.7847,50.963,4.8,39 km E of Barcelona  Philippines
2023-12-04T00:44:26.400Z,8.8958,126.5411,49.396,4.9,25 km E of Aras-asan  Philippines
2023-12-04T00:55:23.811Z,8.8642,126.6775,35,4.3,40 km E of Aras-asan  Philippines
2023-12-04T01:00:36.739Z,8.8796,126.5209,49.628,4.5,23 km E of Aras-asan  Philippines
2023-12-04T01:06:40.143Z,8.5406,126.5985,35,4.5,34 km ENE of Hinatuan  Philippines
2023-12-04T01:07:50.505Z,8.4547,126.8072,66.391,5.5,52 km NE of Barcelona  Philippines
2023-12-04T01:17:35.890Z,8.5144,126.7897,70.926,4.4,52 km ENE of Hinatuan  Philippines
2023-12-04T01:32:16.569Z,8.3664,127.1768,10,4.6,84 km ENE of Barcelona  Philippines
2023-12-04T01:36:02.838Z,8.9354,126.4596,58.633,4.3,17 km ENE of Aras-asan  Philippines
2023-12-04T01:51:09.184Z,8.5839,126.7206,19.883,4.2,48 km ENE of Hinatuan  Philippines
2023-12-04T02:11:04.909Z,8.4825,126.7738,71.731,5,49 km ENE of Hinatuan  Philippines
2023-12-04T02:11:57.805Z,8.5389,126.6466,103.168,4.8,39 km ENE of Hinatuan  Philippines
2023-12-04T02:19:50.365Z,8.6371,126.2272,106.562,4.4,8 km SSE of Salvacion  Philippines
2023-12-04T02:32:38.647Z,8.7959,126.2415,86.202,4.2,6 km W of Marihatag  Philippines
2023-12-04T02:38:18.667Z,8.5649,126.7867,58.768,5.2,54 km ENE of Hinatuan  Philippines
2023-12-04T02:59:00.438Z,8.4247,126.6669,62.584,4.3,37 km E of Hinatuan  Philippines
2023-12-04T03:08:51.639Z,8.6706,126.7952,59.701,4.5,56 km ESE of Marihatag  Philippines
2023-12-04T03:39:29.106Z,7.72,126.642,95.074,4.5,10 km ENE of Kinablangan  Philippines
2023-12-04T03:49:14.221Z,8.7488,126.5107,42.785,4.5,24 km ESE of Marihatag  Philippines
2023-12-04T04:12:01.156Z,8.7802,127.271,10,4.2,106 km E of Aras-asan  Philippines
2023-12-04T04:17:23.815Z,8.8321,126.7554,46.818,5.3,49 km E of Aras-asan  Philippines
2023-12-04T04:21:23.420Z,8.6584,127.3283,10,4.8,112 km ENE of Barcelona  Philippines
2023-12-04T04:32:29.894Z,8.6628,126.5432,60.201,4.3,31 km ESE of Marihatag  Philippines
2023-12-04T04:43:49.261Z,8.3955,126.8925,65.809,5.1,56 km ENE of Barcelona  Philippines
2023-12-04T04:59:01.651Z,8.879,126.666,55.451,5.3,39 km E of Aras-asan  Philippines
2023-12-04T05:03:41.324Z,8.4492,126.4344,66.13,4.8,13 km NE of Hinatuan  Philippines
2023-12-04T05:08:36.001Z,8.8354,126.6446,27,5.7,37 km E of Aras-asan  Philippines
2023-12-04T05:14:55.893Z,8.6682,126.4292,68.418,4.4,21 km SE of Marihatag  Philippines
2023-12-04T05:15:43.916Z,8.3448,126.7748,66.931,5.3,42 km ENE of Barcelona  Philippines
2023-12-04T05:45:11.007Z,8.3339,126.7259,74.017,4.6,37 km ENE of Barcelona  Philippines
2023-12-04T05:51:38.185Z,8.6484,126.7103,35,4.3,48 km ESE of Marihatag  Philippines
2023-12-04T06:08:29.488Z,8.4944,126.7589,45.738,5,48 km ENE of Hinatuan  Philippines
2023-12-04T06:43:48.172Z,8.7921,126.5415,62.33,4.6,26 km E of Marihatag  Philippines
2023-12-04T06:59:02.261Z,8.544,126.812,61.167,4.4,55 km ENE of Hinatuan  Philippines
2023-12-04T07:10:08.017Z,8.6243,126.7681,47.902,4.2,55 km ENE of Hinatuan  Philippines
2023-12-04T07:11:08.522Z,8.4451,126.376,81.047,4.4,9 km NNE of Hinatuan  Philippines
2023-12-04T07:23:58.178Z,8.3413,126.5352,77.984,4.2,22 km ENE of Tidman  Philippines
2023-12-04T07:33:34.455Z,8.4113,126.9788,40.405,4.2,66 km ENE of Barcelona  Philippines
2023-12-04T07:44:55.483Z,8.679,126.3906,35,4.2,17 km SE of Marihatag  Philippines
2023-12-04T07:47:55.927Z,8.7874,126.8538,55.25,4.4,60 km E of Aras-asan  Philippines
2023-12-04T08:12:25.614Z,8.4308,126.8279,56.959,4.3,52 km NE of Barcelona  Philippines
2023-12-04T09:10:37.888Z,8.0992,126.5693,98.886,4.1,16 km ESE of Barcelona  Philippines
2023-12-04T09:29:41.149Z,8.5281,126.738,23.333,4.9,47 km ENE of Hinatuan  Philippines
2023-12-04T09:55:30.676Z,8.4163,126.6217,66.178,4.1,32 km E of Hinatuan  Philippines
2023-12-04T10:06:03.859Z,8.2898,126.6128,81.059,4.3,24 km NE of Barcelona  Philippines
2023-12-04T10:12:30.648Z,8.3734,126.5764,67.448,4.5,26 km E of Hinatuan  Philippines
2023-12-04T10:23:02.727Z,9.0306,126.6202,68.132,4.6,37 km ENE of Aras-asan  Philippines
2023-12-04T10:28:16.564Z,8.8659,126.3996,50.356,4.2,10 km ESE of Aras-asan  Philippines
2023-12-04T10:37:56.227Z,8.3084,126.848,35.126,4.4,48 km ENE of Barcelona  Philippines
2023-12-04T10:48:43.949Z,8.5486,126.8142,55.057,4.4,56 km ENE of Hinatuan  Philippines
2023-12-04T11:31:30.863Z,8.2428,126.5714,66.72,4.4,17 km ENE of Barcelona  Philippines
2023-12-04T12:04:24.271Z,8.2883,127.293,10,4.2,95 km E of Barcelona  Philippines
2023-12-04T13:00:44.772Z,9.0514,126.7734,42.766,4.5,53 km ENE of Aras-asan  Philippines
2023-12-04T13:20:08.149Z,8.4181,126.9414,59.601,4.3,62 km ENE of Barcelona  Philippines
2023-12-04T13:46:03.913Z,8.7181,127.1752,10,4.4,96 km E of Aras-asan  Philippines
2023-12-04T14:02:31.838Z,8.7103,127.0253,10,4.4,80 km E of Marihatag  Philippines
2023-12-04T14:14:46.314Z,8.1961,126.9876,56.268,4.4,61 km E of Barcelona  Philippines
2023-12-04T15:38:36.198Z,8.4337,126.6059,76.164,4.4,30 km ENE of Hinatuan  Philippines
2023-12-04T15:44:59.627Z,8.5314,126.4196,64.416,4.5,19 km E of Gamut  Philippines
2023-12-04T16:05:09.758Z,9.1341,126.6817,53.473,4.3,48 km ENE of Bacolod  Philippines
2023-12-04T16:23:46.001Z,8.5476,126.8152,45.186,4.7,56 km ENE of Hinatuan  Philippines
2023-12-04T17:07:03.477Z,8.4556,126.3718,83.669,4.3,10 km NNE of Hinatuan  Philippines
2023-12-04T18:04:10.825Z,8.7039,127.1912,10,4.2,98 km ESE of Aras-asan  Philippines
2023-12-04T19:05:55.402Z,8.1512,126.919,35,4.1,53 km E of Barcelona  Philippines
2023-12-04T19:33:04.131Z,8.8632,126.7976,13.215,4.4,53 km E of Aras-asan  Philippines
2023-12-04T19:57:39.486Z,8.4035,126.7949,71.182,4.4,48 km NE of Barcelona  Philippines
2023-12-04T21:00:25.166Z,9.8038,126.5027,35,4.3,43 km E of Union  Philippines
2023-12-04T21:07:52.262Z,8.3486,127.2464,10,4.4,91 km ENE of Barcelona  Philippines
2023-12-04T21:20:06.062Z,8.3368,127.269,10,4.7,94 km ENE of Barcelona  Philippines
2023-12-04T21:23:33.089Z,8.1699,126.9399,35,4.3,55 km E of Barcelona  Philippines
2023-12-04T21:53:29.159Z,8.8535,126.7038,43.419,4.4,43 km E of Aras-asan  Philippines
2023-12-04T23:05:29.938Z,8.258,126.9238,58.963,4.6,55 km ENE of Barcelona  Philippines
2023-12-04T23:11:12.842Z,8.4649,127.2041,10,4.5,91 km ENE of Barcelona  Philippines
2023-12-04T23:20:44.541Z,8.9829,126.5208,46.24,4.4,25 km ENE of Aras-asan  Philippines
2023-12-04T23:23:57.674Z,8.9405,126.548,42.447,4.4,26 km ENE of Aras-asan  Philippines
2023-12-04T23:39:36.413Z,8.2188,126.8343,42.711,4.4,44 km E of Barcelona  Philippines
2023-12-04T23:57:09.449Z,8.9855,126.5335,53.488,4.7,26 km ENE of Aras-asan  Philippines
2023-12-05T00:12:12.287Z,8.4604,126.8751,50.085,4.3,58 km NE of Barcelona  Philippines
2023-12-05T00:34:29.806Z,8.9528,126.5493,40.403,5.2,27 km ENE of Aras-asan  Philippines
2023-12-05T00:49:16.087Z,8.5905,126.8958,35,4.4,66 km ENE of Hinatuan  Philippines
2023-12-05T00:58:32.744Z,8.7119,126.7423,35,5.1,50 km ESE of Marihatag  Philippines
2023-12-05T01:01:11.523Z,8.707,126.6713,83.856,4.9,42 km ESE of Marihatag  Philippines
2023-12-05T01:06:13.127Z,8.9151,126.6056,62.045,4.1,32 km E of Aras-asan  Philippines
2023-12-05T01:24:54.240Z,8.3678,126.5158,85.571,4.3,20 km E of Hinatuan  Philippines
2023-12-05T02:02:46.561Z,8.4691,126.8397,63.649,4.4,56 km NE of Barcelona  Philippines
2023-12-05T02:06:02.689Z,8.8249,126.9575,10,4.3,71 km E of Aras-asan  Philippines
2023-12-05T02:19:47.115Z,9.1157,126.3321,49.315,4.2,15 km NE of Tago  Philippines
2023-12-05T02:41:27.961Z,8.9697,126.5168,47.642,4.4,24 km ENE of Aras-asan  Philippines
2023-12-05T02:44:24.359Z,8.3385,126.9347,69.326,4.9,58 km ENE of Barcelona  Philippines
2023-12-05T03:39:58.980Z,8.6563,126.702,72.616,4.8,47 km ESE of Marihatag  Philippines
2023-12-05T03:56:17.577Z,8.7833,127.2511,10,4.2,104 km E of Aras-asan  Philippines
2023-12-05T03:57:15.902Z,8.3427,126.2225,10,4.3,7 km WNW of Bigaan  Philippines
2023-12-05T04:27:36.054Z,8.6856,126.6875,74.92,4.8,45 km ESE of Marihatag  Philippines
2023-12-05T04:33:17.389Z,8.9799,127.2244,10,4.5,100 km E of Aras-asan  Philippines
2023-12-05T04:58:48.308Z,7.8878,127.2434,10,4.6,79 km ENE of Kinablangan  Philippines
2023-12-05T05:27:13.681Z,8.4351,126.9638,38.877,5.1,65 km ENE of Barcelona  Philippines
2023-12-05T05:41:15.193Z,8.5037,127.1043,10,4.3,83 km ENE of Barcelona  Philippines
2023-12-05T05:42:34.034Z,8.5678,127.2751,10,4.8,103 km ENE of Barcelona  Philippines
2023-12-05T05:47:05.726Z,8.5293,127.2312,10,4.5,96 km ENE of Barcelona  Philippines
2023-12-05T07:06:13.455Z,8.4541,126.8441,47.02,4.5,55 km NE of Barcelona  Philippines
2023-12-05T07:27:24.018Z,8.7445,127.3174,10,4.7,111 km E of Aras-asan  Philippines
2023-12-05T08:13:18.209Z,8.3392,126.7188,55.551,4.5,37 km ENE of Barcelona  Philippines
2023-12-05T08:23:54.223Z,13.9089,120.5645,75,5.7,6 km W of Talisay  Philippines
2023-12-05T09:10:03.799Z,9.0829,126.6785,19.697,5.7,45 km ENE of Aras-asan  Philippines
2023-12-05T09:13:06.485Z,9.0224,126.6528,44.569,4.9,40 km ENE of Aras-asan  Philippines
2023-12-05T09:32:51.332Z,9.1012,126.6568,35,4.5,44 km ENE of Bacolod  Philippines
2023-12-05T09:37:51.267Z,9.0178,126.5255,28.343,4.7,27 km ENE of Aras-asan  Philippines
2023-12-05T09:42:52.100Z,9.0999,126.6497,26.021,5.5,43 km ENE of Bacolod  Philippines
2023-12-05T09:52:38.051Z,9.1304,126.6893,51.3,4.9,49 km ENE of Bacolod  Philippines
2023-12-05T09:56:01.380Z,8.4659,126.6819,56.1,4.6,39 km ENE of Hinatuan  Philippines
2023-12-05T09:59:29.110Z,9.2818,126.587,35.343,4.7,43 km E of Cortes  Philippines
2023-12-05T10:13:12.760Z,8.4983,127.2187,10,4.4,94 km ENE of Barcelona  Philippines
2023-12-05T10:23:56.275Z,9.1074,126.9573,10,4.5,75 km ENE of Aras-asan  Philippines
2023-12-05T10:26:18.712Z,8.9322,126.5319,51.309,4.5,24 km ENE of Aras-asan  Philippines
2023-12-05T10:45:47.072Z,8.8674,127.0049,10,4.7,76 km E of Aras-asan  Philippines
2023-12-05T10:48:07.755Z,8.6345,126.931,35,4.5,71 km ENE of Hinatuan  Philippines
2023-12-05T11:00:25.505Z,8.8446,126.7958,43.991,4.5,53 km E of Aras-asan  Philippines
2023-12-05T11:33:00.648Z,8.3724,126.4497,76.977,4.8,12 km E of Hinatuan  Philippines
2023-12-05T11:49:22.992Z,8.8651,127.4349,10,4.4,123 km E of Aras-asan  Philippines
2023-12-05T12:33:59.292Z,8.7637,126.5614,55.552,4.6,29 km E of Marihatag  Philippines
2023-12-05T12:42:36.570Z,8.4519,126.6751,77.532,5,38 km ENE of Hinatuan  Philippines
2023-12-05T12:45:07.341Z,8.4366,126.3407,68.11,4.7,7 km N of Hinatuan  Philippines
2023-12-05T13:32:26.546Z,8.7596,126.6992,53.097,4.5,44 km E of Marihatag  Philippines
2023-12-05T13:36:36.285Z,9.1609,126.785,12,5.8,60 km ENE of Bacolod  Philippines
2023-12-05T14:57:48.753Z,8.4116,126.9541,49.897,4,63 km ENE of Barcelona  Philippines
2023-12-05T15:36:35.373Z,8.7532,127.0767,10,4.5,85 km E of Aras-asan  Philippines
2023-12-05T16:29:55.543Z,8.3494,127.0163,49.815,4.4,67 km ENE of Barcelona  Philippines
2023-12-05T17:15:44.198Z,9.0511,127.2633,10,4.3,106 km E of Aras-asan  Philippines
2023-12-05T17:17:24.327Z,9.0794,127.0628,10,4.1,85 km ENE of Aras-asan  Philippines
2023-12-05T17:29:01.207Z,8.3512,127.2242,10,4.3,89 km ENE of Barcelona  Philippines
2023-12-05T17:33:21.898Z,8.9566,126.638,54.27,4.8,36 km ENE of Aras-asan  Philippines
2023-12-05T17:36:56.900Z,8.9238,126.7087,47.706,4.4,43 km E of Aras-asan  Philippines
2023-12-05T18:09:44.717Z,9.0281,126.9413,10,4.6,71 km ENE of Aras-asan  Philippines
2023-12-05T18:35:05.332Z,8.9477,126.6742,52.534,4.5,40 km E of Aras-asan  Philippines
2023-12-05T19:44:51.596Z,8.608,126.4778,81.004,4.4,27 km ENE of Gamut  Philippines
2023-12-05T20:23:28.205Z,8.3338,126.4518,92.688,4.5,13 km E of Loyola  Philippines
2023-12-05T20:29:38.408Z,8.8148,126.6416,57.623,4.5,37 km ESE of Aras-asan  Philippines
2023-12-05T21:52:13.304Z,8.5437,126.6603,65.136,4.6,40 km ENE of Hinatuan  Philippines
2023-12-05T22:23:28.430Z,9.1669,126.6828,64.613,4.4,50 km ENE of La Paz  Philippines
2023-12-05T23:18:49.786Z,8.3308,126.9982,57.712,4.4,64 km ENE of Barcelona  Philippines
2023-12-05T23:27:46.861Z,8.5301,127.0911,35,4.2,83 km ENE of Barcelona  Philippines
2023-12-05T23:29:07.600Z,8.6272,127.4251,10,4.7,120 km ENE of Barcelona  Philippines
2023-12-05T23:34:25.426Z,8.6166,126.5826,63.502,4.6,37 km ESE of Marihatag  Philippines
2023-12-05T23:39:56.401Z,8.6686,126.5522,70.998,4.7,31 km ESE of Marihatag  Philippines
2023-12-05T23:51:06.716Z,8.5242,127.2361,10,4.4,97 km ENE of Barcelona  Philippines
2023-12-06T01:02:08.113Z,8.7985,127.3267,10,4.2,112 km E of Aras-asan  Philippines
2023-12-06T01:22:48.092Z,8.4338,126.7907,35,4.1,49 km NE of Barcelona  Philippines
2023-12-06T01:55:58.955Z,8.6155,126.4644,54.945,5.3,26 km ENE of Gamut  Philippines
2023-12-06T02:26:22.001Z,8.9613,127.3348,10,4.1,112 km E of Aras-asan  Philippines
2023-12-06T02:38:43.089Z,7.4501,126.1088,10,4.3,13 km ESE of San Mariano  Philippines
2023-12-06T04:00:19.898Z,9.2212,126.5551,64.339,4.6,40 km E of Cortes  Philippines
2023-12-06T05:34:10.446Z,8.3768,126.8645,48.427,4.2,53 km ENE of Barcelona  Philippines
2023-12-06T06:30:37.042Z,8.4696,127.2586,10,4.2,97 km ENE of Barcelona  Philippines
2023-12-06T08:01:58.137Z,9.1377,126.3258,79.538,4.5,15 km ENE of Tandag  Philippines
2023-12-06T08:32:17.021Z,8.4339,126.9909,58.508,4.3,68 km ENE of Barcelona  Philippines
2023-12-06T08:33:04.427Z,8.8178,126.5838,58.596,4.9,30 km ESE of Aras-asan  Philippines
2023-12-06T09:34:55.226Z,8.8279,126.4699,10,4.5,18 km ESE of Aras-asan  Philippines
2023-12-06T10:33:26.051Z,8.4435,126.9835,53.416,4.3,68 km ENE of Barcelona  Philippines
2023-12-06T10:41:23.010Z,8.6273,126.6017,58.768,5.1,38 km ESE of Marihatag  Philippines
2023-12-06T11:42:50.241Z,8.462,126.8433,59.211,4.6,56 km NE of Barcelona  Philippines
2023-12-06T13:19:22.398Z,8.6399,127.193,10,4.6,99 km ENE of Barcelona  Philippines
2023-12-06T14:52:37.348Z,8.4874,126.7553,35,4.9,48 km ENE of Hinatuan  Philippines
2023-12-06T15:24:37.994Z,8.5184,127.058,14.62,5.3,79 km ENE of Barcelona  Philippines
2023-12-06T15:33:14.413Z,8.4127,126.6908,53.161,4.5,39 km E of Hinatuan  Philippines
2023-12-06T16:29:56.634Z,8.9303,127.1137,10,4.2,88 km E of Aras-asan  Philippines
2023-12-06T16:32:53.281Z,9.0709,127.0694,10,4.3,85 km ENE of Aras-asan  Philippines
2023-12-06T17:15:04.831Z,9.0353,126.4783,72.212,4.4,23 km ENE of Bacolod  Philippines
2023-12-06T17:25:46.324Z,8.8083,126.6822,55.999,4.5,41 km ESE of Aras-asan  Philippines
2023-12-06T18:04:36.869Z,9.0162,127.0302,10,4.3,80 km E of Aras-asan  Philippines
2023-12-06T19:11:39.643Z,8.9319,126.7919,50.565,4.7,53 km E of Aras-asan  Philippines
2023-12-06T19:14:45.547Z,8.6108,126.8801,59.094,4.7,65 km ENE of Hinatuan  Philippines
2023-12-06T19:18:48.331Z,8.9349,126.7944,57.842,4.4,53 km E of Aras-asan  Philippines
2023-12-06T19:20:30.965Z,8.9024,127.2977,10,4.5,108 km E of Aras-asan  Philippines
2023-12-06T19:24:22.006Z,8.8888,126.71,59.556,4.5,43 km E of Aras-asan  Philippines
2023-12-06T19:46:50.817Z,9.1481,127.085,10,4.4,89 km ENE of Aras-asan  Philippines
2023-12-06T22:40:12.467Z,8.675,127.2547,10,4.5,106 km E of Marihatag  Philippines
2023-12-06T23:07:25.852Z,8.3855,126.6075,65.785,4.2,30 km E of Hinatuan  Philippines
2023-12-06T23:33:46.088Z,8.4094,126.6536,34.432,4.9,35 km E of Hinatuan  Philippines
2023-12-06T23:41:33.057Z,8.6556,127.1519,10,4.6,95 km ENE of Hinatuan  Philippines
2023-12-07T00:39:02.665Z,8.5933,127.1984,10,4.4,96 km ENE of Barcelona  Philippines
2023-12-07T00:46:30.224Z,8.9973,126.7508,16.406,5.4,49 km ENE of Aras-asan  Philippines
2023-12-07T00:55:48.569Z,9.2141,127.1388,10,4.3,97 km ENE of Aras-asan  Philippines
2023-12-07T01:53:23.099Z,8.399,126.6128,65.854,4.4,30 km E of Hinatuan  Philippines
2023-12-07T01:58:27.986Z,9.0756,127.0331,10,4.6,82 km ENE of Aras-asan  Philippines
2023-12-07T02:53:44.813Z,8.5138,126.9651,53.054,4.5,70 km NE of Barcelona  Philippines
2023-12-07T04:45:46.856Z,8.7042,126.6965,49.809,5.1,45 km ESE of Marihatag  Philippines
2023-12-07T05:41:08.590Z,8.8279,127.2111,10,4.5,99 km E of Aras-asan  Philippines
2023-12-07T06:38:49.459Z,8.8293,126.7893,44.584,5.2,52 km E of Aras-asan  Philippines
2023-12-07T06:42:39.234Z,8.6676,127.1733,10,4.4,97 km E of Marihatag  Philippines
2023-12-07T07:09:57.531Z,8.7899,127.2137,10,4.3,99 km E of Aras-asan  Philippines
2023-12-07T07:28:53.564Z,8.6191,126.8486,56.162,4.4,62 km ENE of Hinatuan  Philippines
2023-12-07T11:27:52.882Z,8.4714,127.3702,10,4.5,108 km ENE of Barcelona  Philippines
2023-12-07T12:40:32.795Z,8.7186,127.1754,10,4.4,96 km E of Aras-asan  Philippines
2023-12-07T14:11:37.273Z,8.4433,126.5756,72.951,4.6,27 km ENE of Hinatuan  Philippines
2023-12-07T15:08:37.998Z,8.507,126.7505,47.343,4.9,48 km ENE of Hinatuan  Philippines
2023-12-07T16:06:49.531Z,9.5978,127.0683,10,4.5,102 km ENE of Cortes  Philippines
2023-12-07T16:14:05.332Z,8.6944,127.2688,10,4.4,107 km ESE of Aras-asan  Philippines
2023-12-07T16:38:48.801Z,8.373,126.471,81.471,4.2,15 km E of Hinatuan  Philippines
2023-12-07T19:27:23.614Z,8.744,126.8486,45.89,4.5,61 km E of Marihatag  Philippines
2023-12-07T22:12:04.468Z,8.8044,126.7075,67.397,4.3,44 km ESE of Aras-asan  Philippines
2023-12-07T23:56:30.747Z,8.5529,127.3392,10,4.1,108 km ENE of Barcelona  Philippines
2023-12-08T03:25:49.736Z,9.5093,126.4941,15.331,5.1,41 km NE of Cortes  Philippines
2023-12-08T03:43:58.495Z,8.5956,127.1315,10,4.4,90 km ENE of Barcelona  Philippines
2023-12-08T05:21:47.328Z,8.7506,127.225,10,4.5,101 km E of Aras-asan  Philippines
2023-12-08T05:29:14.784Z,8.4747,126.9889,16.598,4.4,70 km ENE of Barcelona  Philippines
2023-12-08T05:47:05.730Z,8.6382,126.4906,68.107,4.5,28 km SE of Marihatag  Philippines
2023-12-08T05:54:15.605Z,8.7733,127.4838,10,4.6,129 km E of Aras-asan  Philippines
2023-12-08T06:52:43.260Z,8.7458,127.2197,12.689,5,101 km E of Aras-asan  Philippines
2023-12-08T08:11:15.438Z,8.7825,127.2812,10,4.4,107 km E of Aras-asan  Philippines
2023-12-08T08:59:24.020Z,8.8466,127.3284,10,4.7,111 km E of Aras-asan  Philippines
2023-12-08T09:26:53.243Z,8.5821,126.8213,63.524,4.4,58 km ENE of Hinatuan  Philippines
2023-12-08T09:46:51.998Z,8.6608,127.1205,10,4.5,92 km E of Marihatag  Philippines
2023-12-08T09:53:17.888Z,8.5901,127.4781,10,4.5,124 km ENE of Barcelona  Philippines
2023-12-08T10:01:15.077Z,8.6897,127.0566,10,4.7,84 km E of Marihatag  Philippines
2023-12-08T10:32:39.480Z,8.7897,126.8612,49.291,5.2,61 km E of Aras-asan  Philippines
2023-12-08T11:32:15.254Z,8.8122,126.9302,54.744,4.9,68 km E of Aras-asan  Philippines
2023-12-08T14:52:30.732Z,8.5326,127.1288,10,4.3,86 km ENE of Barcelona  Philippines
2023-12-08T16:09:47.231Z,8.7513,126.8256,55.654,4.6,58 km E of Marihatag  Philippines
2023-12-08T17:46:13.720Z,9.2544,127.2303,10,4.6,108 km ENE of Aras-asan  Philippines
2023-12-08T17:51:14.418Z,9.0911,126.9802,10,4.6,76 km ENE of Aras-asan  Philippines
2023-12-08T20:18:09.582Z,8.293,127.4591,10,4.7,113 km E of Barcelona  Philippines
2023-12-08T20:34:40.498Z,9.0159,127.2037,10,4.2,99 km E of Aras-asan  Philippines
2023-12-08T21:24:25.859Z,9.6202,126.8576,10,4.3,82 km ENE of Cortes  Philippines
2023-12-08T21:54:20.787Z,9.4663,126.4817,38.403,4.4,38 km ENE of Cortes  Philippines
2023-12-08T22:03:55.833Z,9.0745,126.6641,7.708,4.1,43 km ENE of Aras-asan  Philippines
2023-12-08T22:13:34.565Z,9.4713,126.3856,26.288,4.4,30 km NE of Cortes  Philippines
2023-12-09T00:04:43.521Z,8.6504,126.9781,37.632,4.2,76 km ESE of Marihatag  Philippines
2023-12-09T02:38:44.603Z,8.7063,127.1388,10,4.5,93 km ESE of Aras-asan  Philippines
2023-12-09T05:56:48.697Z,9.051,126.6986,58.988,4.5,46 km ENE of Aras-asan  Philippines
2023-12-09T06:27:45.009Z,8.6364,126.8616,57.923,4.2,64 km ESE of Marihatag  Philippines
2023-12-09T08:12:14.609Z,9.1608,126.6142,67.7,4.7,43 km ENE of La Paz  Philippines
2023-12-09T08:45:55.756Z,9.2185,126.7816,45.364,4.4,62 km ENE of La Paz  Philippines
2023-12-09T09:16:45.723Z,8.7733,127.3875,10,4.2,119 km E of Aras-asan  Philippines
2023-12-09T09:37:26.486Z,8.4403,126.5743,72.221,4.7,27 km ENE of Hinatuan  Philippines
2023-12-09T09:39:48.839Z,9.2883,125.9433,35,4.5,0 km N of Parang  Philippines
2023-12-09T10:09:38.400Z,9.4686,126.4773,57.641,4.3,37 km ENE of Cortes  Philippines
2023-12-09T10:14:33.172Z,9.5385,126.4792,42.705,4.4,42 km NE of Cortes  Philippines
2023-12-09T10:33:22.611Z,8.2482,126.7122,52.836,4,32 km ENE of Barcelona  Philippines
2023-12-09T10:37:54.355Z,8.4588,127.2569,10,4.5,96 km ENE of Barcelona  Philippines
2023-12-09T13:20:35.130Z,9.2795,126.5035,55.544,4.6,34 km E of Cortes  Philippines
2023-12-09T14:39:30.965Z,9.4103,126.4959,34.393,4.2,36 km ENE of Cortes  Philippines
2023-12-09T17:28:29.779Z,8.849,126.8549,67.962,4.2,59 km E of Aras-asan  Philippines
2023-12-09T22:31:21.391Z,8.4895,127.6891,10,4.6,142 km ENE of Barcelona  Philippines
2023-12-09T23:59:01.264Z,8.4191,126.6676,51.636,4.6,37 km E of Hinatuan  Philippines
2023-12-10T00:11:35.969Z,9.3528,126.4236,47.152,4.6,26 km ENE of Cortes  Philippines
2023-12-10T01:01:38.191Z,9.2605,126.4429,41.596,4.5,27 km E of Cortes  Philippines
2023-12-10T01:14:21.443Z,9.074,126.5863,43.965,4.3,36 km ENE of Bacolod  Philippines
2023-12-10T03:31:06.809Z,8.4222,127.2197,10,4.5,91 km ENE of Barcelona  Philippines
2023-12-10T05:15:51.310Z,8.5858,126.258,78.113,4.1,6 km NNE of Gamut  Philippines
2023-12-10T06:22:43.216Z,8.7556,127.3956,10,4.3,120 km E of Aras-asan  Philippines
2023-12-10T07:33:37.647Z,8.7097,126.2525,65.584,4.1,4 km E of Salvacion  Philippines
2023-12-10T08:32:06.879Z,8.6547,127.0148,10,4.3,80 km ESE of Marihatag  Philippines
2023-12-10T10:00:43.228Z,9.6103,126.5703,44.952,4.3,53 km ESE of Union  Philippines
2023-12-10T10:35:50.395Z,10.0625,125.7485,85.352,4.7,17 km NNE of Cagdianao  Philippines
2023-12-10T12:44:58.096Z,8.8225,126.7525,39.897,4.4,49 km E of Aras-asan  Philippines
2023-12-10T17:46:07.214Z,7.9177,126.8763,33.159,4.9,43 km NE of Kinablangan  Philippines
2023-12-10T17:48:50.571Z,8.0653,126.4982,69.608,4.4,9 km ENE of Lingig  Philippines
2023-12-10T18:07:35.681Z,8.7042,127.32,10,4.5,112 km E of Aras-asan  Philippines
2023-12-10T19:28:09.015Z,9.5164,126.7283,39.677,4.2,64 km ENE of Cortes  Philippines
2023-12-10T22:49:38.279Z,8.7028,127.2892,10,4.4,109 km E of Aras-asan  Philippines
2023-12-10T22:52:56.501Z,8.7373,127.2677,10,5.1,106 km E of Aras-asan  Philippines
2023-12-10T23:10:43.013Z,8.641,127.282,10,4.5,107 km ENE of Barcelona  Philippines
2023-12-10T23:18:00.908Z,8.7201,127.3417,10,4.6,114 km E of Aras-asan  Philippines
2023-12-10T23:29:15.554Z,8.6511,127.2697,10,4.5,106 km ENE of Barcelona  Philippines
2023-12-11T00:45:01.415Z,8.8229,126.9288,10,4.6,68 km E of Aras-asan  Philippines
2023-12-11T01:15:38.374Z,8.9146,127.3104,10,4.2,109 km E of Aras-asan  Philippines
2023-12-11T01:55:10.236Z,8.7595,127.2681,10,4.7,106 km E of Aras-asan  Philippines
2023-12-11T03:48:08.285Z,9.5142,126.1552,85.047,4.8,23 km ESE of Socorro  Philippines
2023-12-11T03:48:59.925Z,9.2079,126.0098,10,4.7,2 km SSW of Carmen  Philippines
2023-12-11T08:03:00.611Z,8.1267,127.1801,26.551,4.5,82 km E of Barcelona  Philippines
2023-12-11T10:55:39.135Z,8.5394,126.7894,57.925,4.7,53 km ENE of Hinatuan  Philippines
2023-12-11T11:21:23.114Z,8.4853,127.5228,10,4.3,125 km ENE of Barcelona  Philippines
2023-12-11T11:56:29.953Z,8.5209,127.2056,10,4.5,93 km ENE of Barcelona  Philippines
2023-12-11T11:57:46.418Z,8.4991,127.2645,10,4.6,98 km ENE of Barcelona  Philippines
2023-12-11T13:09:18.385Z,9.4401,126.475,49.119,4.6,35 km ENE of Cortes  Philippines
2023-12-11T13:52:31.268Z,9.1178,126.9961,10,4.8,79 km ENE of Aras-asan  Philippines
2023-12-11T21:48:03.871Z,8.5433,126.8214,55.178,4.6,56 km ENE of Hinatuan  Philippines
2023-12-11T22:01:24.720Z,8.5607,126.918,57.08,4.5,67 km ENE of Hinatuan  Philippines
2023-12-11T22:13:39.471Z,8.5702,126.7702,35,4.4,52 km ENE of Hinatuan  Philippines
2023-12-11T23:22:53.252Z,8.5333,127.093,10,4.5,83 km ENE of Barcelona  Philippines
2023-12-11T23:43:16.165Z,8.5062,127.106,10,5,83 km ENE of Barcelona  Philippines
2023-12-12T01:48:05.737Z,8.6145,126.5809,43.959,4.5,37 km SE of Marihatag  Philippines
2023-12-12T03:06:39.608Z,8.8298,126.803,35,5,54 km E of Aras-asan  Philippines
2023-12-12T03:11:15.185Z,8.7099,126.769,35,4.9,53 km ESE of Marihatag  Philippines
2023-12-12T06:22:14.116Z,9.6304,126.4748,40.289,4.6,42 km ESE of Union  Philippines
2023-12-12T08:17:52.360Z,8.4165,126.5584,70.563,4.8,25 km E of Hinatuan  Philippines
2023-12-12T13:58:24.440Z,8.5843,126.6104,42.549,5.1,38 km NE of Hinatuan  Philippines
2023-12-12T16:07:14.370Z,9.7129,126.4653,53.542,4.7,39 km E of Union  Philippines
2023-12-12T16:18:53.544Z,8.4486,126.9093,35,4.7,61 km ENE of Barcelona  Philippines
2023-12-12T16:20:59.500Z,8.5697,127.1574,10,4.7,91 km ENE of Barcelona  Philippines
2023-12-12T16:24:17.233Z,8.552,127.1354,10,4.7,88 km ENE of Barcelona  Philippines
2023-12-12T17:49:47.725Z,8.404,126.8793,36.009,4.6,56 km ENE of Barcelona  Philippines
2023-12-12T18:10:28.267Z,8.4228,126.5154,50.12,4.4,20 km ENE of Hinatuan  Philippines
2023-12-12T18:44:13.669Z,8.4449,126.5995,47.7,4.3,30 km ENE of Hinatuan  Philippines
2023-12-12T20:09:20.643Z,8.4992,126.9133,30.217,4.3,64 km NE of Barcelona  Philippines
2023-12-12T21:42:52.369Z,8.6012,126.3144,70.017,4.6,11 km NE of Gamut  Philippines
2023-12-13T01:53:39.184Z,9.4553,126.8036,10,4.2,70 km ENE of Cortes  Philippines
2023-12-13T05:41:37.019Z,8.5888,126.8476,60.105,4.2,61 km ENE of Hinatuan  Philippines
2023-12-13T13:04:23.948Z,8.7002,126.3818,54.102,4.5,14 km SE of Marihatag  Philippines
2023-12-13T13:36:07.848Z,8.4829,126.7213,57.236,4.5,44 km ENE of Hinatuan  Philippines
2023-12-13T14:17:12.376Z,8.5659,127.0131,18.252,4.5,77 km ENE of Hinatuan  Philippines
2023-12-13T16:15:55.153Z,8.3574,126.5649,83.181,4.3,25 km E of Hinatuan  Philippines
2023-12-13T19:45:13.567Z,13.5244,125.7742,10,4.5,123 km NE of Cabodiongan  Philippines
2023-12-14T00:43:45.809Z,11.2092,126.1081,10,4.6,43 km NE of Sulangan  Philippines
2023-12-14T03:36:31.407Z,8.5788,127.3464,10,4.7,110 km ENE of Barcelona  Philippines
2023-12-14T05:12:31.464Z,8.6424,127.3509,10,4.1,114 km ENE of Barcelona  Philippines
2023-12-14T05:26:40.338Z,8.5298,127.1316,10,4.9,87 km ENE of Barcelona  Philippines
2023-12-14T05:33:22.291Z,8.6398,127.1535,10,4.6,94 km ENE of Hinatuan  Philippines
2023-12-14T05:44:17.912Z,8.5653,127.2353,10,4.3,99 km ENE of Barcelona  Philippines
2023-12-14T05:55:16.798Z,8.5645,127.1447,10,4.6,90 km ENE of Barcelona  Philippines
2023-12-14T06:05:15.358Z,8.6274,127.2367,10,4.3,102 km ENE of Barcelona  Philippines
2023-12-14T07:53:39.872Z,8.4227,127.3162,10,4.4,101 km ENE of Barcelona  Philippines
2023-12-14T10:42:54.056Z,8.288,126.8111,68.016,4.7,43 km ENE of Barcelona  Philippines
2023-12-14T10:48:21.599Z,8.6396,127.4289,10,4.4,121 km ENE of Barcelona  Philippines
2023-12-14T10:49:34.022Z,8.4874,127.0771,10,4.2,79 km ENE of Barcelona  Philippines
2023-12-14T11:39:12.655Z,8.3569,126.74,80.313,4.4,40 km ENE of Barcelona  Philippines
2023-12-14T11:46:00.006Z,8.3472,126.7989,55.636,4.8,45 km ENE of Barcelona  Philippines
2023-12-14T11:54:00.342Z,8.2634,126.8372,64.073,4.7,45 km ENE of Barcelona  Philippines
2023-12-14T13:27:19.228Z,8.9749,126.623,36.736,4.8,35 km ENE of Aras-asan  Philippines
2023-12-14T15:33:27.499Z,8.5631,127.4101,10,4.5,116 km ENE of Barcelona  Philippines
2023-12-14T16:42:52.757Z,8.5399,126.9063,33.092,4.1,65 km ENE of Hinatuan  Philippines
2023-12-14T22:05:05.034Z,9.3475,126.4703,38.457,4.6,31 km ENE of Cortes  Philippines
2023-12-14T22:44:01.774Z,8.7494,127.3747,10,4.7,117 km E of Aras-asan  Philippines
2023-12-14T23:03:34.370Z,8.5153,127.2134,10,4.3,94 km ENE of Barcelona  Philippines
2023-12-14T23:10:27.827Z,8.6554,127.5069,10,4.4,130 km ENE of Barcelona  Philippines
2023-12-15T04:30:32.259Z,8.865,127.3012,10,4.7,108 km E of Aras-asan  Philippines
2023-12-15T04:42:46.554Z,8.8131,127.2448,10,4.6,103 km E of Aras-asan  Philippines
2023-12-15T13:43:03.716Z,8.4573,127.0973,10,4.7,80 km ENE of Barcelona  Philippines
2023-12-15T14:49:37.478Z,8.5306,126.5542,48.932,4.2,29 km NE of Hinatuan  Philippines
2023-12-15T15:40:21.601Z,8.8205,127.3538,10,4.7,114 km E of Aras-asan  Philippines
2023-12-15T16:05:28.112Z,8.799,127.315,10,4.9,110 km E of Aras-asan  Philippines
2023-12-15T16:35:10.364Z,8.8511,127.4226,10,4.9,122 km E of Aras-asan  Philippines
2023-12-15T20:29:34.527Z,8.5677,126.6865,66.683,4.2,44 km ENE of Hinatuan  Philippines
2023-12-15T21:32:14.046Z,8.0456,126.787,74.036,4.6,38 km E of Santa Maria  Philippines
2023-12-15T22:28:31.343Z,8.9007,127.2847,10,4.4,107 km E of Aras-asan  Philippines
2023-12-16T00:12:12.386Z,8.487,126.8695,39.986,4.5,60 km NE of Barcelona  Philippines
2023-12-16T03:12:39.806Z,8.7882,127.4494,10,4.5,125 km E of Aras-asan  Philippines
2023-12-16T05:36:09.404Z,8.3563,126.5701,57.9,4.2,26 km E of Hinatuan  Philippines
2023-12-16T06:56:39.084Z,8.5473,126.841,18.648,4.3,59 km ENE of Hinatuan  Philippines
2023-12-16T08:10:01.921Z,10.7195,126.1276,66.044,4.7,40 km SE of Sulangan  Philippines
2023-12-16T09:12:51.073Z,8.396,126.5152,72.284,4.6,20 km E of Hinatuan  Philippines
2023-12-16T09:38:33.711Z,8.8299,126.6189,60.853,4.3,34 km E of Aras-asan  Philippines
2023-12-16T11:43:33.215Z,8.9645,127.1634,10,4.8,94 km E of Aras-asan  Philippines
2023-12-16T23:43:23.520Z,8.44,126.3825,75.074,4.5,9 km NE of Hinatuan  Philippines
2023-12-17T08:18:57.525Z,8.1747,126.7162,77.764,4.4,31 km E of Barcelona  Philippines
2023-12-17T08:23:05.008Z,8.2689,127.2262,10,4.1,88 km E of Barcelona  Philippines
2023-12-17T10:58:14.395Z,7.9923,127.0487,59.141,4.9,64 km ENE of Kinablangan  Philippines
2023-12-17T20:32:04.823Z,9.0473,126.9297,10,4.2,70 km ENE of Aras-asan  Philippines
2023-12-17T20:33:09.689Z,8.8902,126.8702,26.334,4.6,61 km E of Aras-asan  Philippines
2023-12-17T21:16:16.135Z,8.3856,126.8845,35.296,4.4,55 km ENE of Barcelona  Philippines
2023-12-18T00:23:16.582Z,8.8997,126.6376,60.88,4.2,35 km E of Aras-asan  Philippines
2023-12-18T01:37:21.559Z,8.0714,127.3644,10,4,99 km ENE of Kinablangan  Philippines
2023-12-18T03:58:59.547Z,8.818,127.2945,10,4.6,108 km E of Aras-asan  Philippines
2023-12-18T11:12:37.366Z,8.8629,127.3732,10,4.9,116 km E of Aras-asan  Philippines
2023-12-18T12:12:57.368Z,9.3876,126.6691,38.559,4.6,53 km ENE of Cortes  Philippines
2023-12-18T15:50:09.090Z,8.9741,126.7375,35,4.6,47 km ENE of Aras-asan  Philippines
2023-12-18T16:28:01.843Z,8.6814,126.3387,81.638,4.4,14 km SSE of Marihatag  Philippines
2023-12-19T06:51:13.487Z,9.2499,125.8414,10,4.8,11 km WSW of Parang  Philippines
2023-12-19T07:16:15.126Z,8.2814,126.4332,10,4.9,10 km E of Tidman  Philippines
2023-12-19T08:14:14.444Z,8.3958,126.7399,43.076,4.9,42 km NE of Barcelona  Philippines
2023-12-19T08:37:41.284Z,8.6703,127.2214,10,4.3,102 km E of Marihatag  Philippines
2023-12-20T01:45:01.277Z,8.6381,126.9927,10,4.2,78 km ENE of Hinatuan  Philippines
2023-12-20T05:14:42.407Z,8.6648,127.3096,10,4.5,111 km ENE of Barcelona  Philippines
2023-12-20T06:56:08.275Z,8.5636,127.3899,10,4.7,114 km ENE of Barcelona  Philippines
2023-12-21T01:17:56.902Z,8.3519,127.1483,10,4.5,81 km ENE of Barcelona  Philippines
2023-12-21T02:21:17.804Z,8.114,126.3279,92.947,4.1,11 km S of Bislig  Philippines
2023-12-21T09:06:32.114Z,8.5832,127.4205,10,4.6,118 km ENE of Barcelona  Philippines
2023-12-21T15:40:47.636Z,13.6077,122.307,41.368,4.6,2 km NW of Catanauan  Philippines
2023-12-21T17:25:55.853Z,8.892,127.0558,10,4.6,81 km E of Aras-asan  Philippines
2023-12-21T19:30:59.648Z,8.5716,127.3598,10,4.5,111 km ENE of Barcelona  Philippines
2023-12-21T21:20:17.210Z,8.9034,127.1686,10,4.2,94 km E of Aras-asan  Philippines
2023-12-22T11:01:52.091Z,8.4842,126.9097,35,4.2,63 km NE of Barcelona  Philippines
2023-12-22T11:28:37.439Z,8.5479,127.1806,10,4.9,92 km ENE of Barcelona  Philippines
2023-12-22T11:31:50.835Z,8.6207,126.5681,59.333,4.4,36 km SE of Marihatag  Philippines
2023-12-22T19:07:09.958Z,8.4298,126.9646,43.686,4.5,65 km ENE of Barcelona  Philippines
2023-12-23T00:50:02.409Z,8.5673,126.1773,88.744,4.1,6 km WNW of Unidad  Philippines
2023-12-23T11:18:24.445Z,8.8867,127.2548,10,4.3,103 km E of Aras-asan  Philippines
2023-12-23T14:22:26.625Z,8.1936,126.7418,41.829,5.1,34 km E of Barcelona  Philippines
2023-12-23T16:38:34.934Z,8.8625,126.8234,35,5.2,56 km E of Aras-asan  Philippines
2023-12-24T02:02:51.931Z,8.5627,126.8172,37.658,4.6,57 km ENE of Hinatuan  Philippines
2023-12-24T02:20:44.377Z,8.2927,127.0403,57.029,5.3,68 km ENE of Barcelona  Philippines
2023-12-24T02:28:06.868Z,8.1184,126.6391,71.685,4.6,23 km ESE of Barcelona  Philippines
2023-12-24T03:02:06.352Z,8.5352,126.5233,51.097,5.1,27 km NE of Hinatuan  Philippines
2023-12-24T08:51:57.825Z,8.4638,126.3708,64.772,4.7,10 km NNE of Hinatuan  Philippines
2023-12-25T00:10:29.813Z,8.7511,127.3901,10,4.4,119 km E of Aras-asan  Philippines
2023-12-25T03:21:05.599Z,9.2851,126.6053,35,4.2,45 km E of Cortes  Philippines
2023-12-25T07:19:26.506Z,8.997,127.2369,10,4.5,102 km E of Aras-asan  Philippines
2023-12-25T14:45:38.593Z,8.4007,126.3155,94.234,4.5,3 km NNW of Hinatuan  Philippines
2023-12-25T22:16:27.881Z,8.5093,127.1231,10,4.5,85 km ENE of Barcelona  Philippines
2023-12-26T03:42:51.774Z,8.5556,126.5972,89.342,4.1,35 km NE of Hinatuan  Philippines
2023-12-26T10:20:27.825Z,8.4863,126.9279,58.852,4.8,65 km ENE of Barcelona  Philippines
2023-12-27T13:17:16.404Z,8.8827,126.2602,10,4.4,5 km W of Aras-asan  Philippines
2023-12-27T15:31:19.124Z,8.8522,127.7701,10,4.3,160 km E of Aras-asan  Philippines
2023-12-27T17:57:31.412Z,11.1524,125.8418,47.332,4,18 km NE of Guiuan  Philippines
2023-12-28T14:17:50.308Z,11.6982,124.3946,10,4.6,8 km W of Tucdao  Philippines
2023-12-28T15:48:33.019Z,8.5588,126.4999,51.88,5,27 km NE of Hinatuan  Philippines
2023-12-28T16:10:27.756Z,8.3648,127.1915,10,4.5,86 km ENE of Barcelona  Philippines
2023-12-28T18:27:28.843Z,8.3548,126.2781,79.396,4.4,4 km N of Bigaan  Philippines
2023-12-28T20:35:56.817Z,9.2977,126.8191,10,4.5,69 km E of Cortes  Philippines
2023-12-30T10:45:18.788Z,11.7844,124.7993,9.608,4.5,6 km SW of Silanga  Philippines
2023-12-30T19:29:41.325Z,8.577,127.1346,10,4.3,89 km ENE of Barcelona  Philippines
2023-12-31T00:23:43.953Z,8.9434,126.4849,60.612,4.4,20 km ENE of Aras-asan  Philippines
2023-12-31T00:53:05.180Z,8.6464,126.7683,62.659,4.2,54 km ESE of Marihatag  Philippines
2023-12-31T03:22:56.282Z,9.3051,126.2038,10,4.4,3 km NNE of Cortes  Philippines
2023-12-31T08:48:30.638Z,8.7458,126.6424,40.766,4.2,38 km E of Marihatag  Philippines
2023-12-31T17:00:47.300Z,9.6916,125.4144,10,4.6,7 km SW of Mati  Philippines
2024-01-01T03:58:30.343Z,8.9147,127.4797,10,4.1,128 km E of Aras-asan  Philippines
2024-01-02T02:49:31.315Z,8.8429,127.2178,10,4.6,99 km E of Aras-asan  Philippines
2024-01-03T01:11:31.461Z,8.3515,126.5376,76.597,5,22 km E of Hinatuan  Philippines
2024-01-03T15:01:05.862Z,10.0148,126.0296,78.347,4.4,1 km WSW of Santa Monica  Philippines
2024-01-04T07:32:22.215Z,8.3869,126.5607,84.702,4.7,25 km E of Hinatuan  Philippines
2024-01-05T00:45:34.465Z,8.7194,124.3214,9.973,4.3,16 km NW of Gitagum  Philippines
2024-01-05T02:57:28.798Z,10.991,125.4677,95.259,4.4,14 km S of Giporlos  Philippines
2024-01-06T12:38:10.094Z,8.9737,126.4849,43.529,4,21 km ENE of Aras-asan  Philippines
2024-01-06T17:03:10.110Z,8.8884,127.07,10,4.5,83 km E of Aras-asan  Philippines
2024-01-07T00:05:13.360Z,8.1321,126.9585,35,4.6,57 km E of Barcelona  Philippines
2024-01-08T02:27:42.033Z,12.3343,123.9387,10,4.5,17 km NE of Miaga  Philippines
2024-01-08T06:46:36.353Z,10.1142,125.0215,10,4.5,5 km SSE of Malitbog  Philippines
2024-01-08T13:30:57.048Z,8.4136,126.3334,78.64,4.4,4 km N of Hinatuan  Philippines
2024-01-10T02:09:46.350Z,8.49,127.3718,10,4.1,109 km ENE of Barcelona  Philippines
2024-01-10T20:08:26.753Z,8.7981,127.1469,10,4.4,92 km E of Aras-asan  Philippines
2024-01-12T05:12:24.468Z,8.9392,126.6842,85.259,4.5,41 km E of Aras-asan  Philippines
2024-01-12T09:47:59.241Z,8.4178,126.7185,36.541,4.7,42 km NE of Barcelona  Philippines
2024-01-12T18:04:40.497Z,8.5025,126.7873,62.826,4.6,51 km ENE of Hinatuan  Philippines
2024-01-13T11:07:55.696Z,11.8975,124.785,9.584,4.4,4 km E of Tarangnan  Philippines
2024-01-15T11:31:25.572Z,8.4334,126.3668,78.052,4.8,7 km NNE of Hinatuan  Philippines
2024-01-17T12:32:01.191Z,8.558,126.5225,39,5.6,29 km NE of Hinatuan  Philippines
2024-01-18T01:33:27.633Z,8.5946,127.3913,10,4.6,115 km ENE of Barcelona  Philippines
2024-01-18T02:41:38.888Z,8.556,127.2993,10,4.4,104 km ENE of Barcelona  Philippines
2024-01-18T07:42:08.934Z,8.4092,126.4898,77.42,4.4,17 km ENE of Hinatuan  Philippines
2024-01-18T15:57:34.167Z,8.5281,127.0422,35,4.7,78 km ENE of Barcelona  Philippines
2024-01-19T15:38:23.913Z,8.715,126.1156,99.27,4.3,9 km NNE of Lianga  Philippines
2024-01-19T17:23:27.976Z,9.2532,126.8296,10,4.4,69 km ENE of La Paz  Philippines
2024-01-19T20:21:51.554Z,11.2289,125.6322,68.505,4.5,9 km NNW of Salcedo  Philippines
2024-01-19T22:11:03.632Z,8.2971,126.9973,91.479,4.4,63 km ENE of Barcelona  Philippines
2024-01-20T08:05:03.683Z,13.6364,120.8311,52.556,4.9,5 km WSW of Tingloy  Philippines
2024-01-20T10:34:29.416Z,7.897,126.564,71.715,4.3,16 km SE of Santa Maria  Philippines
2024-01-21T19:33:21.826Z,13.7349,120.7579,193.001,4.4,13 km SSE of Hukay  Philippines
2024-01-22T01:19:29.937Z,11.2948,126.0557,10,4.7,45 km ENE of Salcedo  Philippines
2024-01-22T07:54:03.284Z,9.1339,126.104,54.306,4.6,6 km WNW of Buenavista  Philippines
2024-01-24T02:38:21.868Z,12.7307,125.4334,10,4.2,32 km NE of Cabatuan  Philippines
2024-01-26T21:58:33.358Z,8.5173,127.2601,10,4.3,99 km ENE of Barcelona  Philippines
2024-01-27T19:05:24.341Z,8.4057,126.8384,53.62,4.5,52 km ENE of Barcelona  Philippines
2024-01-27T19:32:35.061Z,11.0222,124.9626,207.714,4.3,2 km S of Tabontabon  Philippines
2024-01-27T22:42:55.461Z,8.5022,126.2752,58.422,4.1,4 km SE of Gamut  Philippines
2024-01-28T04:01:04.580Z,11.864,124.8575,114.12,4.3,5 km NNE of Silanga  Philippines
2024-01-29T07:26:07.440Z,9.0984,125.8595,10,4.3,17 km NNW of San Miguel  Philippines
2024-01-29T07:37:21.407Z,8.4722,127.445,10,5.1,116 km ENE of Barcelona  Philippines
2024-01-30T06:47:46.247Z,8.8001,126.7652,68.689,4.6,50 km E of Aras-asan  Philippines
2024-01-30T08:42:13.730Z,8.8598,127.3827,10,4.3,117 km E of Aras-asan  Philippines
2024-01-30T16:12:57.956Z,8.3438,126.8234,36.943,4.3,47 km ENE of Barcelona  Philippines
2024-01-31T20:46:48.797Z,13.5357,120.586,77.66,4.8,18 km WNW of Abra de Ilog  Philippines
2024-02-01T21:35:39.226Z,8.1667,126.9026,62.522,5.1,51 km E of Barcelona  Philippines
2024-02-02T07:12:18.846Z,8.1265,126.576,81.854,4.1,16 km ESE of Barcelona  Philippines
2024-02-02T16:38:47.151Z,8.8994,126.3266,81.554,4.8,2 km NE of Aras-asan  Philippines
2024-02-02T20:12:55.311Z,8.005,126.8007,84.118,4.3,39 km E of Santa Maria  Philippines
2024-02-02T20:19:41.913Z,8.014,126.9641,60.425,4.5,57 km E of Santa Maria  Philippines
2024-02-02T20:49:21.225Z,7.9432,126.8955,67.471,4.4,47 km NE of Kinablangan  Philippines
2024-02-03T00:59:12.748Z,8.0581,126.4746,87.19,4.4,7 km ENE of Lingig  Philippines
2024-02-03T03:51:46.967Z,7.6401,126.5091,95.103,4.3,7 km SW of Kinablangan  Philippines
2024-02-03T05:06:01.971Z,8.7713,126.1891,84.87,4.4,6 km NNW of Salvacion  Philippines
2024-02-03T06:01:51.904Z,8.8808,126.2261,83.194,4.3,8 km SW of Bacolod  Philippines
2024-02-03T22:37:44.109Z,8.717,126.5011,70.09,4.4,24 km ESE of Marihatag  Philippines
2024-02-04T18:35:31.633Z,8.6311,127.0254,10,4.1,81 km ENE of Hinatuan  Philippines
2024-02-05T06:39:27.190Z,8.7119,126.2322,82.182,4.3,2 km E of Salvacion  Philippines
2024-02-06T14:37:56.409Z,8.9318,126.2817,52.252,5.1,0 km W of Bacolod  Philippines
2024-02-07T00:09:44.138Z,8.0942,127.068,35,4.5,69 km E of Santa Maria  Philippines
2024-02-07T02:44:57.369Z,8.8778,126.7356,65.508,5,46 km E of Aras-asan  Philippines
2024-02-07T02:52:47.034Z,8.472,127.0065,10,4.6,71 km ENE of Barcelona  Philippines
2024-02-07T02:57:04.102Z,8.7759,126.7802,80.855,5,53 km ESE of Aras-asan  Philippines
2024-02-07T05:46:57.133Z,8.8809,126.8952,49.686,4.5,64 km E of Aras-asan  Philippines
2024-02-07T20:09:44.771Z,9.6258,126.3495,64.382,4.7,29 km ESE of Union  Philippines
2024-02-08T01:26:34.266Z,9.5571,126.5322,107.136,4.4,48 km NE of Cortes  Philippines
2024-02-09T04:19:38.004Z,7.8579,126.7665,83.392,4.5,30 km NE of Kinablangan  Philippines
2024-02-10T03:22:06.930Z,8.6822,125.568,32,5.8,8 km W of Esperanza  Philippines
2024-02-10T05:21:35.429Z,8.6931,125.6903,50.159,5.4,1 km NNW of Salvacion  Philippines
2024-02-10T06:20:05.247Z,8.5045,126.4014,82.863,4.3,16 km NNE of Hinatuan  Philippines
2024-02-10T09:21:10.423Z,12.7803,124.9854,34.991,4.5,14 km NNW of Cabodiongan  Philippines
2024-02-11T08:00:24.023Z,9.9979,126.0261,71.052,4.3,2 km SSW of Santa Monica  Philippines
2024-02-11T21:30:12.041Z,13.8072,125.0023,10,4.8,66 km E of Gigmoto  Philippines
2024-02-12T02:03:06.309Z,9.7195,126.7002,35,5.3,64 km E of Union  Philippines
2024-02-12T15:31:23.843Z,9.9444,126.2058,45.473,4.7,14 km NE of Pilar  Philippines
2024-02-13T09:00:13.305Z,8.6127,126.6121,35,4.9,40 km NE of Hinatuan  Philippines
2024-02-13T17:43:05.863Z,9.1558,126.2478,10,4.8,9 km ESE of Mabahin  Philippines
2024-02-14T07:21:15.491Z,11.846,125.5323,44.177,4.9,9 km ENE of Sulat  Philippines
2024-02-14T07:59:36.297Z,8.3934,126.5243,64.396,4.8,21 km E of Hinatuan  Philippines
2024-02-14T18:41:57.283Z,9.0536,126.1183,10.802,4.5,7 km NW of Gamut  Philippines
2024-02-15T18:53:02.261Z,8.7862,126.2842,36.963,4.6,2 km SSW of Marihatag  Philippines
2024-02-15T22:45:22.227Z,6.9967,125.7293,535.905,4.1,8 km SSE of Samal  Philippines
2024-02-15T23:58:08.467Z,8.7804,126.399,59.487,4.5,11 km ESE of Marihatag  Philippines
2024-02-16T19:41:03.601Z,8.6886,127.1451,10,4.5,94 km E of Marihatag  Philippines
2024-02-18T11:48:09.745Z,9.3253,125.818,126.612,4.5,12 km W of Panikian  Philippines
2024-02-18T22:54:41.399Z,9.8946,126.0799,56.414,4.4,3 km NNW of Pilar  Philippines
2024-02-21T15:22:20.751Z,8.5335,126.4698,63.817,4.4,23 km NE of Hinatuan  Philippines
2024-02-22T11:43:16.478Z,9.0625,126.225,72.826,4.9,3 km ESE of Tandag  Philippines
2024-02-22T21:00:42.082Z,13.5897,120.7964,148.207,4.2,11 km SW of Tingloy  Philippines
2024-02-24T10:19:32.411Z,8.3208,126.5814,83.089,4.3,24 km NE of Barcelona  Philippines
2024-02-24T18:28:58.096Z,11.7482,125.1678,93.893,4.5,15 km SE of Tutubigan  Philippines
2024-02-24T18:47:42.689Z,12.0373,124.9654,75.122,4.9,6 km WSW of San Jose de Buan  Philippines
2024-02-25T06:14:12.768Z,12.0053,124.9656,66.754,4.5,8 km SW of San Jose de Buan  Philippines
2024-02-26T03:40:53.276Z,9.0238,126.2736,76.07,4.9,4 km NNE of La Paz  Philippines
2024-02-26T07:52:50.525Z,8.4709,126.8878,35,4.4,60 km NE of Barcelona  Philippines
2024-02-27T08:00:33.792Z,8.8378,126.6748,62.644,4.4,40 km E of Aras-asan  Philippines
2024-02-27T08:22:50.939Z,8.7383,126.2421,51.437,4.6,4 km NE of Salvacion  Philippines
2024-02-27T16:58:08.280Z,8.8738,127.1078,10,4.3,87 km E of Aras-asan  Philippines
2024-02-28T06:48:47.023Z,8.0002,126.9703,48.651,4.5,57 km NE of Kinablangan  Philippines
2024-02-28T08:49:54.851Z,8.4864,126.5074,68.173,4.1,22 km ENE of Hinatuan  Philippines
2024-02-28T19:58:19.948Z,8.9165,127.0005,10,4.3,75 km E of Aras-asan  Philippines
2024-02-29T00:10:12.174Z,8.8465,126.8221,14.569,5.1,56 km E of Aras-asan  Philippines
2024-02-29T00:23:58.202Z,8.8593,126.7364,18,5.4,46 km E of Aras-asan  Philippines
2024-02-29T01:05:37.808Z,8.8143,126.2835,73.607,4.8,1 km WNW of Marihatag  Philippines
2024-02-29T01:40:37.220Z,8.827,126.9349,10,4.9,68 km E of Aras-asan  Philippines
2024-02-29T17:18:50.560Z,8.784,126.9381,35,4.6,69 km E of Aras-asan  Philippines
2024-02-29T17:25:02.762Z,8.8045,126.8252,35,4.8,57 km E of Aras-asan  Philippines
2024-03-01T00:55:48.332Z,8.8363,126.8581,35,4.5,60 km E of Aras-asan  Philippines
2024-03-01T06:47:40.869Z,8.7206,126.7062,62.33,4.4,46 km ESE of Marihatag  Philippines
2024-03-01T09:29:02.868Z,8.8616,126.74,42.374,5.4,47 km E of Aras-asan  Philippines
2024-03-01T17:35:43.580Z,9.0558,126.6771,45.162,4.6,44 km ENE of Aras-asan  Philippines
2024-03-02T05:09:48.606Z,8.8568,126.9154,10,4.6,66 km E of Aras-asan  Philippines
2024-03-02T09:06:55.720Z,7.3398,124.7203,12.919,4.3,8 km WSW of Liliongan  Philippines
2024-03-03T08:50:16.760Z,13.3464,120.3169,35,4.6,17 km SW of Harrison  Philippines
2024-03-03T18:51:08.452Z,8.667,126.362,71.008,4.5,16 km SSE of Marihatag  Philippines
2024-03-04T01:00:14.618Z,13.1206,124.9139,35,4.4,52 km NNW of Cabodiongan  Philippines
2024-03-04T13:59:07.173Z,7.0711,123.6493,34.812,4.6,48 km SSE of Malim  Philippines
2024-03-06T07:29:24.614Z,9.0033,125.7451,101.662,4.4,10 km E of Anticala  Philippines
2024-03-06T09:19:14.302Z,8.7924,126.8512,54.134,4.4,60 km E of Aras-asan  Philippines
2024-03-06T16:54:45.879Z,8.6433,126.9002,35,4.4,68 km ESE of Marihatag  Philippines
2024-03-06T20:08:10.178Z,8.6784,126.3063,81.679,4.8,11 km ESE of Salvacion  Philippines
2024-03-06T20:19:43.489Z,7.9178,126.9181,42.632,5,47 km ENE of Kinablangan  Philippines
2024-03-06T21:39:28.512Z,7.8963,127.1014,13.012,5,64 km ENE of Kinablangan  Philippines
2024-03-08T04:50:37.432Z,9.3486,125.4136,10,4.4,11 km W of Jabonga  Philippines
2024-03-13T13:16:35.743Z,8.3696,126.4952,63.776,4.2,17 km E of Hinatuan  Philippines
2024-03-13T17:40:25.311Z,9.08,126.1078,59.826,4.5,6 km WSW of Buenavista  Philippines
2024-03-14T22:52:29.577Z,8.5774,126.9006,57.107,4.7,66 km ENE of Hinatuan  Philippines
2024-03-14T23:31:31.496Z,8.9576,127.2282,10,4.8,101 km E of Aras-asan  Philippines
2024-03-15T16:40:03.499Z,9.7726,122.4649,10,4.6,2 km NNW of Cabadiangan  Philippines
2024-03-16T12:28:22.165Z,9.4707,126.0399,66.958,4.5,14 km NE of Carrascal  Philippines
2024-03-16T13:07:16.190Z,9.0106,127.7603,10,4.5,159 km E of Aras-asan  Philippines
2024-03-17T20:12:23.090Z,8.163,127.3514,10,4.3,101 km E of Barcelona  Philippines
2024-03-17T22:02:14.877Z,8.5808,126.9207,48.799,4.4,68 km ENE of Hinatuan  Philippines
2024-03-18T05:11:55.635Z,11.9462,125.5867,35,4.5,15 km SE of Dolores  Philippines
2024-03-20T20:02:31.652Z,13.7171,120.6148,198.284,4.3,12 km S of Calatagan  Philippines
2024-03-23T15:00:48.659Z,8.3234,126.5372,74.005,4.2,21 km NNE of Barcelona  Philippines
2024-03-23T18:47:00.268Z,8.4411,127.1244,10,4.4,82 km ENE of Barcelona  Philippines
2024-03-24T06:22:24.947Z,8.7566,126.3895,59.621,5.2,11 km ESE of Marihatag  Philippines
2024-03-25T21:20:35.256Z,8.5867,127.1755,10,4.2,94 km ENE of Barcelona  Philippines
2024-03-26T07:41:55.831Z,9.0204,126.3494,33.211,4.5,10 km ENE of La Paz  Philippines
2024-03-27T03:53:06.269Z,9.9368,125.7165,81.668,4.4,5 km ENE of Cagdianao  Philippines
2024-03-28T00:38:55.839Z,8.9764,126.2569,77.029,3.9,1 km SW of La Paz  Philippines
2024-03-30T13:43:10.482Z,8.9096,126.6492,51.85,4.5,37 km E of Aras-asan  Philippines
2024-03-31T08:00:30.355Z,13.2325,120.6032,10,4.9,1 km NE of Mamburao  Philippines
2024-03-31T11:04:27.717Z,13.3395,120.6472,24.816,4.7,1 km WNW of Cabacao  Philippines
2024-03-31T15:57:19.323Z,8.7719,126.2523,61.716,4.3,6 km SW of Marihatag  Philippines
2024-03-31T21:16:43.754Z,8.3237,126.5627,52.108,4.9,23 km NE of Barcelona  Philippines
2024-04-02T09:10:37.434Z,11.1015,126.3882,10,4.6,64 km ENE of Sulangan  Philippines
2024-04-03T04:51:22.460Z,8.5051,126.6773,67.064,5.1,40 km ENE of Hinatuan  Philippines
2024-04-03T05:45:13.195Z,8.4565,126.6965,70.39,4.9,40 km ENE of Hinatuan  Philippines
2024-04-03T12:14:24.688Z,8.4477,126.5834,67.524,4.4,28 km ENE of Hinatuan  Philippines
2024-04-08T04:37:39.208Z,12.3285,120.909,10,4.4,13 km SW of San Agustin  Philippines
2024-04-08T13:57:41.058Z,13.8251,120.6059,129.717,4.5,2 km WSW of Calatagan  Philippines
2024-04-08T15:56:22.005Z,8.7738,126.4739,70.245,4.6,19 km E of Marihatag  Philippines
2024-04-09T10:25:40.288Z,8.1692,126.3589,90.902,4.3,6 km SE of Bislig  Philippines
2024-04-09T12:51:06.083Z,8.5001,126.9504,37.645,4.4,68 km ENE of Barcelona  Philippines
2024-04-10T06:54:32.424Z,11.6237,125.1882,87.604,4.5,18 km E of Calbiga  Philippines
2024-04-10T16:20:17.869Z,11.8705,125.841,9.55,5.2,42 km E of Sulat  Philippines
2024-04-11T03:33:57.207Z,7.6449,126.1637,10,5.2,5 km NE of Bantacan  Philippines
2024-04-12T00:02:24.682Z,8.5262,122.9545,10,4.5,11 km NW of Ponot  Philippines
2024-04-12T20:57:11.077Z,11.8994,126.04,10,4.3,62 km ESE of Dolores  Philippines
2024-04-13T09:10:45.375Z,11.8694,125.8013,10,4.7,38 km E of Sulat  Philippines
2024-04-13T18:34:54.206Z,8.6018,126.3316,67.688,4.3,12 km NE of Gamut  Philippines
2024-04-13T19:32:20.909Z,11.8928,125.7343,10,4.6,31 km ESE of Dolores  Philippines
2024-04-14T11:24:14.564Z,11.6794,125.7291,34.395,4.5,29 km ENE of Lalawigan  Philippines
2024-04-14T12:37:24.032Z,7.4806,126.4516,8.147,4.3,9 km SSW of Batiano  Philippines
2024-04-15T08:17:38.027Z,8.3827,126.8801,35,4.3,54 km ENE of Barcelona  Philippines
2024-04-15T09:34:32.104Z,8.3867,127.1621,10,4.3,84 km ENE of Barcelona  Philippines
2024-04-16T00:53:39.211Z,9.8282,126.1635,21.442,4.5,8 km ESE of Pilar  Philippines
2024-04-16T01:44:26.845Z,9.0484,126.9732,10,4.1,74 km ENE of Aras-asan  Philippines
2024-04-16T16:06:15.536Z,9.6873,126.2537,51.666,5,17 km ESE of Union  Philippines
2024-04-19T11:05:00.062Z,8.0631,126.7402,79.657,4.4,33 km ENE of Santa Maria  Philippines
2024-04-19T18:40:01.086Z,8.4178,127.1695,12.198,4.4,85 km ENE of Barcelona  Philippines
2024-04-20T02:22:11.229Z,7.8564,127.0993,10,4.9,63 km ENE of Kinablangan  Philippines
2024-04-20T05:39:17.677Z,7.9161,126.5453,91.271,4.4,13 km SE of Santa Maria  Philippines
2024-04-22T23:21:13.049Z,8.3119,126.5268,83.526,4.5,19 km NNE of Barcelona  Philippines
2024-04-23T07:34:48.306Z,11.2312,124.7044,10,4.5,5 km WSW of Tunga  Philippines
2024-04-23T14:23:14.531Z,12.1265,125.4762,34.614,4.4,4 km ESE of Oras  Philippines
2024-04-23T14:29:59.540Z,12.1051,125.4043,35.953,4.4,3 km W of Dao  Philippines
2024-04-27T11:34:18.293Z,8.5391,126.4283,66.531,4.7,20 km E of Gamut  Philippines
2024-04-27T17:58:08.296Z,8.4684,126.7783,45.231,4.7,50 km ENE of Hinatuan  Philippines
2024-04-27T20:59:34.939Z,8.6468,126.5394,49.453,4.9,31 km ESE of Marihatag  Philippines
2024-04-27T22:05:26.698Z,8.6422,126.6681,35.337,4.6,44 km ESE of Marihatag  Philippines
2024-04-29T14:11:19.731Z,8.9312,126.1518,73.279,4.5,8 km SSW of Gamut  Philippines
2024-04-29T15:59:22.825Z,8.6702,126.6202,41.917,4.9,38 km ESE of Marihatag  Philippines
2024-04-30T21:54:16.978Z,13.9921,120.6955,169.881,4.2,3 km W of Putol  Philippines
2024-05-02T19:28:50.046Z,13.629,121.0622,111.058,4.5,0 km WSW of Ilihan  Philippines
2024-05-03T04:38:02.660Z,9.0328,122.4978,10,4.6,44 km SSW of Basay  Philippines
2024-05-03T10:16:23.573Z,10.8644,125.3349,10.208,5.7,27 km SSW of Balangiga  Philippines
2024-05-03T14:01:04.451Z,10.7819,125.1224,10.125,4.4,12 km ENE of Abuyog  Philippines
2024-05-04T22:09:51.085Z,10.7372,125.3869,142.851,4.3,27 km NE of Hingatungan  Philippines
2024-05-07T08:03:03.382Z,11.3088,125.7334,68.686,5,12 km E of Hernani  Philippines
2024-05-09T19:07:03.022Z,12.7958,123.6319,10,4.3,11 km S of Ogod  Philippines
2024-05-10T08:08:54.440Z,8.7467,126.152,88.163,4.5,7 km WNW of Salvacion  Philippines
2024-05-10T18:39:45.160Z,8.439,126.6372,65.54,4.2,34 km ENE of Hinatuan  Philippines
2024-05-13T18:26:10.528Z,7.5865,126.1583,15.302,4.6,3 km ESE of Bantacan  Philippines
2024-05-14T11:18:18.858Z,13.8364,120.7511,227.106,4.2,5 km E of Hukay  Philippines
2024-05-17T10:02:10.116Z,8.1812,126.8784,51.393,4.3,49 km E of Barcelona  Philippines
2024-05-17T16:04:22.983Z,13.5061,120.9503,149.42,4.2,0 km NNW of Puerto Galera  Philippines
2024-05-19T00:25:43.968Z,8.8405,122.1066,10,4.4,85 km SW of Basay  Philippines
2024-05-19T18:22:49.928Z,13.6553,120.9548,133.376,4.3,9 km E of Tingloy  Philippines
2024-05-19T21:17:12.130Z,9.443,126.0766,64.604,4.6,16 km ENE of Carrascal  Philippines
2024-05-22T08:47:15.227Z,10.2251,125.8314,55.244,4.5,31 km ESE of Tubajon  Philippines
2024-05-22T14:51:40.811Z,10.269,126.0373,57.199,4.3,27 km N of Santa Monica  Philippines
2024-05-23T04:56:56.804Z,8.3533,126.3014,76.237,4.4,4 km WNW of Loyola  Philippines
2024-05-24T08:51:08.461Z,13.5735,120.6754,143.927,4.2,14 km NNW of Wawa  Philippines
2024-05-25T12:36:43.604Z,12.8248,123.4698,26.415,4.7,16 km SW of Dangcalan  Philippines
2024-05-26T11:58:26.152Z,8.319,127.5872,10,4.4,128 km E of Barcelona  Philippines
2024-05-27T11:40:12.841Z,7.4463,124.7104,13.577,4.4,5 km SSW of Banisilan  Philippines
2024-05-28T01:58:53.167Z,8.9347,126.2732,65.872,4.5,1 km W of Bacolod  Philippines
2024-05-28T05:42:10.917Z,13.7005,120.5574,81.207,4.6,16 km SSW of Calatagan  Philippines
2024-05-28T16:01:28.113Z,10.983,125.438,108.443,4.6,15 km SSE of Balangiga  Philippines
2024-05-29T23:46:41.908Z,8.7819,127.4633,10,4.6,127 km E of Aras-asan  Philippines
2024-05-31T06:11:14.319Z,9.7536,125.5743,154.045,4,3 km ENE of Capalayan  Philippines
2024-05-31T20:21:16.838Z,7.7702,126.9889,13.673,4.4,49 km E of Kinablangan  Philippines
2024-05-31T20:31:10.510Z,10.0909,126.0803,40.886,4.4,9 km NNE of Santa Monica  Philippines
2024-06-01T04:17:06.969Z,8.9136,126.2895,65.653,4.7,1 km S of Bacolod  Philippines
2024-06-03T05:46:31.292Z,8.8054,122.1035,10,4.9,89 km SW of Basay  Philippines
2024-06-03T12:12:37.027Z,8.9337,126.6285,57.406,4.6,35 km E of Aras-asan  Philippines
2024-06-08T13:07:19.775Z,6.6732,123.7476,10.703,4.8,31 km W of Taguisa  Philippines
2024-06-08T16:09:21.821Z,8.7576,126.8774,45.081,4.4,63 km ESE of Aras-asan  Philippines
2024-06-09T22:13:16.326Z,10.2064,126.3053,10,4.3,35 km NE of Santa Monica  Philippines
2024-06-12T01:19:35.066Z,12.7129,123.7318,134.981,4.2,10 km NE of Monreal  Philippines
2024-06-12T14:07:52.435Z,8.8144,126.2809,68.978,4.7,1 km WNW of Marihatag  Philippines
2024-06-13T21:45:27.830Z,8.919,126.4202,61.539,4.8,12 km ENE of Aras-asan  Philippines
2024-06-14T06:18:26.460Z,9.1691,126.5783,50.48,4.2,40 km ENE of La Paz  Philippines
2024-06-21T19:03:07.615Z,8.4795,126.9757,46.522,4.7,69 km ENE of Barcelona  Philippines
2024-06-22T00:41:54.636Z,13.937,124.9953,10,5.1,67 km ENE of Gigmoto  Philippines
2024-06-23T13:32:37.013Z,8.7823,126.7582,50.136,4.6,50 km ESE of Aras-asan  Philippines
2024-06-23T15:23:41.872Z,12.1731,125.388,35,4.4,6 km WNW of Oras  Philippines
2024-06-24T05:04:36.664Z,12.2103,125.4493,35,4.8,3 km WSW of Alugan  Philippines
2024-06-24T22:35:23.669Z,8.4727,126.9757,35,4.2,68 km ENE of Barcelona  Philippines
2024-06-27T01:53:15.534Z,13.3242,120.5012,68.509,4.6,10 km SSE of Paluan  Philippines
2024-06-28T04:02:08.057Z,8.7107,126.6149,57.121,4.3,36 km ESE of Marihatag  Philippines
2024-06-28T15:37:55.822Z,10.758,125.4271,97.95,4.5,32 km NE of Hingatungan  Philippines
2024-06-28T21:21:09.906Z,11.3173,121.9609,12.305,4.8,8 km WNW of Tibiao  Philippines
2024-06-29T21:22:08.127Z,9.8509,124.0745,605.151,4.3,7 km SSW of Sagbayan  Philippines
2024-06-30T22:53:41.598Z,12.6501,120.7897,10,4.9,11 km W of Ligaya  Philippines
2024-07-01T05:22:23.355Z,10.7784,125.3709,72.888,4.8,29 km NE of Hingatungan  Philippines
2024-07-01T05:23:53.695Z,10.5367,125.2716,73.096,4.5,10 km ESE of Hingatungan  Philippines
2024-07-01T05:28:43.952Z,10.76,125.3498,78.039,4.5,26 km NE of Hingatungan  Philippines
2024-07-01T05:53:51.095Z,10.7869,125.3944,87.121,4.8,32 km NE of Hingatungan  Philippines
2024-07-02T11:32:09.283Z,15.1383,122.7779,35,4.3,63 km NE of Casuguran  Philippines
2024-07-02T15:32:47.223Z,10.0697,126.1126,63.604,5,9 km NE of Santa Monica  Philippines
2024-07-02T16:49:08.240Z,9.013,126.9102,10,4.4,67 km ENE of Aras-asan  Philippines
2024-07-04T07:30:20.222Z,9.0729,126.6158,63.42,4.5,39 km ENE of Bacolod  Philippines
2024-07-05T04:01:47.769Z,10.0208,125.9665,60.588,4.6,7 km W of Santa Monica  Philippines
2024-07-05T15:05:02.039Z,15.0543,122.7034,31.277,4.5,51 km NE of Casuguran  Philippines
2024-07-06T16:01:05.110Z,12.2671,124.6255,74.344,5,3 km S of Lope de Vega  Philippines
2024-07-06T16:58:09.635Z,7.6849,126.9864,8.121,4.3,48 km E of Kinablangan  Philippines
2024-07-08T08:19:04.027Z,9.0638,126.7309,41.865,4.8,50 km ENE of Aras-asan  Philippines
2024-07-08T13:06:50.510Z,8.4039,126.3019,90.812,4.4,4 km NW of Hinatuan  Philippines
2024-07-12T00:39:31.120Z,8.0036,126.72,68.611,4.3,30 km E of Santa Maria  Philippines
2024-07-14T10:01:00.924Z,8.4574,126.143,11.549,4.6,3 km W of Tagbina  Philippines
2024-07-14T16:59:50.962Z,13.706,120.8144,151.276,4.3,7 km W of Bagalangit  Philippines
2024-07-16T14:50:45.689Z,12.8868,125.5234,10,4.4,52 km NE of Cabatuan  Philippines
2024-07-18T05:39:55.732Z,8.6935,126.6749,50.368,5.1,43 km ESE of Marihatag  Philippines
2024-07-18T08:29:26.216Z,8.7511,126.6641,62.387,4.6,40 km E of Marihatag  Philippines
2024-07-18T09:37:55.061Z,8.7084,126.5248,81.194,4.3,27 km ESE of Marihatag  Philippines
2024-07-19T06:19:31.120Z,6.8522,123.7377,10.194,4.9,31 km W of Gadung  Philippines
2024-07-21T05:23:08.728Z,8.9269,126.1739,57.625,4.6,8 km S of Gamut  Philippines
2024-07-22T07:43:45.839Z,7.7878,126.0357,10,4.5,3 km SW of Monkayo  Philippines
2024-07-24T08:44:38.649Z,9.8787,122.0111,43.949,4.3,42 km W of Bulata  Philippines
2024-07-26T13:58:47.906Z,13.9259,120.7856,98.309,4.5,3 km WSW of Calaca  Philippines
2024-07-27T16:56:47.503Z,13.8093,124.2808,30.952,4.5,7 km SSW of Viga  Philippines
2024-07-31T15:51:14.457Z,9.6401,125.7504,133.946,4.5,7 km NE of Gigaquit  Philippines
2024-08-01T23:36:25.360Z,8.9276,127.076,10,4.6,84 km E of Aras-asan  Philippines
2024-08-02T22:23:02.111Z,8.1851,126.6161,32,6.8,20 km E of Barcelona  Philippines
2024-08-02T22:30:11.724Z,8.0167,126.7652,35,4.9,35 km E of Santa Maria  Philippines
2024-08-02T22:31:15.069Z,8.1185,126.7173,76.98,5.3,31 km E of Barcelona  Philippines
2024-08-02T22:33:46.919Z,8.2553,126.7699,52.726,4.8,38 km ENE of Barcelona  Philippines
2024-08-02T22:34:34.519Z,8.1649,126.5697,35,4.7,14 km E of Barcelona  Philippines
2024-08-02T22:35:00.076Z,8.1064,126.5758,89.012,4.5,16 km ESE of Barcelona  Philippines
2024-08-02T22:35:23.239Z,7.9754,126.815,66.346,4.8,40 km E of Santa Maria  Philippines
2024-08-02T22:36:20.415Z,7.9719,126.906,45.789,5,50 km NE of Kinablangan  Philippines
2024-08-02T22:38:00.870Z,8.2441,126.5585,35,4.7,16 km NE of Barcelona  Philippines
2024-08-02T22:41:06.546Z,8.0711,126.7866,35,4.6,38 km ENE of Santa Maria  Philippines
2024-08-02T22:46:00.969Z,7.9579,126.8316,64.391,4.9,42 km NE of Kinablangan  Philippines
2024-08-02T22:48:59.508Z,7.9348,126.8058,80.118,4.5,38 km NE of Kinablangan  Philippines
2024-08-02T22:52:34.985Z,8.0963,126.6017,80.143,4.4,19 km ESE of Barcelona  Philippines
2024-08-02T23:05:30.515Z,8.0924,126.7477,69.495,4.4,35 km ENE of Santa Maria  Philippines
2024-08-02T23:36:09.043Z,8.1311,126.9613,35,4.9,58 km E of Barcelona  Philippines
2024-08-02T23:44:36.254Z,7.85,126.6313,84.196,4.4,19 km NE of Taytayan  Philippines
2024-08-03T00:01:19.446Z,8.163,126.4337,67.38,4.3,0 km N of Barcelona  Philippines
2024-08-03T00:10:01.913Z,8.1251,126.5914,69.593,4.1,17 km ESE of Barcelona  Philippines
2024-08-03T00:23:54.015Z,8.13,126.6745,66.957,4.3,26 km E of Barcelona  Philippines
2024-08-03T00:36:07.790Z,8.1657,126.5168,79.774,4.4,9 km E of Barcelona  Philippines
2024-08-03T01:17:11.318Z,7.9811,126.614,86.673,4.2,18 km E of Santa Maria  Philippines
2024-08-03T01:37:19.320Z,8.0629,126.7996,53.839,5.2,39 km ENE of Santa Maria  Philippines
2024-08-03T01:38:21.598Z,8.0161,126.7417,83.676,5.3,32 km E of Santa Maria  Philippines
2024-08-03T02:01:50.115Z,8.0651,126.4295,87.497,4.4,3 km NNE of Lingig  Philippines
2024-08-03T02:14:44.735Z,7.9849,126.7193,74.614,4.5,30 km E of Santa Maria  Philippines
2024-08-03T02:19:18.554Z,7.908,126.411,88.165,4.4,6 km NE of Boston  Philippines
2024-08-03T02:35:28.868Z,8.1043,126.5939,88.637,4.4,18 km ESE of Barcelona  Philippines
2024-08-03T02:48:29.415Z,8.2403,126.7573,63.109,4.2,36 km ENE of Barcelona  Philippines
2024-08-03T03:00:54.784Z,8.1066,126.9397,55.331,4.2,55 km ENE of Santa Maria  Philippines
2024-08-03T03:15:29.722Z,7.9924,127.0844,60.785,4.4,67 km ENE of Kinablangan  Philippines
2024-08-03T03:17:12.438Z,8.0157,126.8748,35,4.9,47 km E of Santa Maria  Philippines
2024-08-03T04:20:26.565Z,8.2038,126.8354,15,6.3,44 km E of Barcelona  Philippines
2024-08-03T06:37:10.448Z,8.0845,126.5734,87.944,4.2,17 km ESE of Barcelona  Philippines
2024-08-03T06:59:19.643Z,7.9909,127.0002,50.3,4.4,59 km ENE of Kinablangan  Philippines
2024-08-03T08:20:38.129Z,7.747,126.9322,82.933,4.1,42 km E of Kinablangan  Philippines
2024-08-03T09:12:55.526Z,8.2539,126.7694,63.535,4.9,38 km ENE of Barcelona  Philippines
2024-08-03T09:13:35.731Z,8.1907,126.4752,20.791,4.7,5 km NE of Barcelona  Philippines
2024-08-03T09:37:45.524Z,7.8698,126.7103,76.808,4.5,26 km NE of Kinablangan  Philippines
2024-08-03T14:54:05.595Z,8.0064,126.8899,65.175,4.4,49 km E of Santa Maria  Philippines
2024-08-03T15:19:04.628Z,9.653,125.6569,10,4.3,5 km NNE of Bacuag  Philippines
2024-08-03T17:12:58.807Z,8.1442,126.6265,70.21,4.5,21 km E of Barcelona  Philippines
2024-08-03T22:06:10.252Z,8.0859,126.7208,73.999,4.5,32 km ENE of Santa Maria  Philippines
2024-08-04T00:17:25.182Z,8.1164,126.6662,80.01,4.2,26 km E of Barcelona  Philippines
2024-08-04T05:26:09.298Z,7.9976,126.7069,82.636,4.4,28 km E of Santa Maria  Philippines
2024-08-04T07:30:09.679Z,8.069,126.6599,80.601,4.2,25 km ENE of Santa Maria  Philippines
2024-08-04T14:04:23.437Z,8.0548,126.9786,59.759,4.4,59 km E of Santa Maria  Philippines
2024-08-04T19:12:07.373Z,7.8944,126.7343,66.421,4.6,30 km NE of Kinablangan  Philippines
2024-08-05T02:34:50.514Z,14.8885,122.9977,52.943,4.5,69 km NNE of Luklukan  Philippines
2024-08-05T05:22:00.672Z,8.2686,126.744,69.36,4.4,36 km ENE of Barcelona  Philippines
2024-08-05T22:05:41.717Z,8.1131,126.7759,52.875,4,38 km E of Barcelona  Philippines
2024-08-06T16:51:43.100Z,7.7625,127.0474,49.214,4.1,55 km E of Kinablangan  Philippines
2024-08-09T19:58:50.995Z,8.0207,126.8533,63.505,4.4,45 km E of Santa Maria  Philippines
2024-08-10T20:11:15.947Z,7.6264,126.66,105.545,4,12 km ENE of Baganga  Philippines
2024-08-11T00:52:33.373Z,8.3067,127.0254,45.493,4.3,67 km ENE of Barcelona  Philippines
2024-08-12T07:52:46.266Z,8.1749,127.1779,10,4.4,81 km E of Barcelona  Philippines
2024-08-12T11:26:39.043Z,8.0517,126.9443,33.799,4.4,55 km E of Santa Maria  Philippines
2024-08-16T02:31:01.524Z,10.0656,125.5935,105.344,4.4,12 km N of Dinagat  Philippines
2024-08-18T09:15:22.024Z,8.7102,126.2257,83.117,4.5,1 km E of Salvacion  Philippines
2024-08-19T03:39:01.072Z,12.7182,124.7335,48,5.7,21 km NNW of Bugko  Philippines
2024-08-19T15:32:42.884Z,8.0294,127.1567,10,4.9,76 km ENE of Kinablangan  Philippines
2024-08-19T19:42:22.565Z,8.1799,127.0848,10,5,71 km E of Barcelona  Philippines
2024-08-19T19:46:04.858Z,8.0712,126.9617,35,4.5,57 km E of Santa Maria  Philippines
2024-08-19T21:59:20.107Z,8.1178,127.3,10,4.5,95 km ENE of Kinablangan  Philippines
2024-08-20T03:45:55.233Z,8.3243,127.1909,10,4.4,85 km ENE of Barcelona  Philippines
2024-08-20T09:50:41.241Z,8.9874,126.514,53.132,4.5,24 km ENE of Aras-asan  Philippines
2024-08-21T01:34:54.352Z,8.3037,127.1244,10,4.4,77 km ENE of Barcelona  Philippines
2024-08-21T03:28:19.787Z,8.0507,127.1233,10,4.6,74 km ENE of Kinablangan  Philippines
2024-08-21T18:37:31.370Z,10.1518,126.2141,65.544,4.4,24 km NE of Santa Monica  Philippines
2024-08-22T12:04:53.571Z,12.4713,124.4868,130.205,4.4,10 km SW of Bobon  Philippines
2024-08-23T03:14:50.773Z,10.1871,126.1832,68.391,4.4,24 km NE of Santa Monica  Philippines
2024-08-23T06:20:44.244Z,12.6894,124.7446,55.322,4.5,17 km NNW of Bugko  Philippines
2024-08-26T15:30:20.248Z,10.9859,122.1802,10,4.5,14 km ESE of Bugasong  Philippines
2024-08-27T13:01:31.899Z,12.5355,123.5062,10.22,5,6 km N of Baleno  Philippines
2024-08-28T02:56:04.106Z,11.4959,126.5393,10,4.6,99 km NE of Sulangan  Philippines
2024-08-28T16:46:00.442Z,13.3657,123.3198,10,4.5,3 km S of Inapatan  Philippines
2024-08-30T11:04:50.594Z,8.9279,126.0393,145.911,4.2,11 km ESE of San Miguel  Philippines
2024-08-31T08:10:30.090Z,7.7758,124.6273,9.032,4.5,10 km W of Kimanuit  Philippines
2024-09-03T03:04:42.957Z,11.8539,125.4031,52.42,4.5,3 km WSW of Mantang  Philippines
2024-09-03T23:16:44.482Z,14.864,122.5951,16.815,5.3,28 km NE of Casuguran  Philippines
2024-09-03T23:55:46.113Z,14.8504,122.5404,10,5,23 km NE of Casuguran  Philippines
2024-09-05T15:10:28.419Z,9.9454,122.4246,32.448,4.5,2 km W of Linaon  Philippines
2024-09-07T01:46:28.454Z,8.6541,126.0956,101.984,4.3,2 km N of Lianga  Philippines
2024-09-08T10:06:26.264Z,8.9706,125.262,72.126,4.7,3 km S of Tagcatong  Philippines
2024-09-08T19:28:00.317Z,11.0118,125.7808,41.792,4.9,6 km ESE of Guiuan  Philippines
2024-09-11T03:08:34.887Z,8.8888,126.3152,102.638,4.3,0 km ENE of Aras-asan  Philippines
2024-09-13T13:13:35.043Z,8.527,127.355,10,4.5,109 km ENE of Barcelona  Philippines
2024-09-16T03:29:07.349Z,12.4694,123.6195,10,4.8,8 km NE of Bulo  Philippines
2024-09-17T04:13:31.880Z,9.6633,126.6752,35,4.9,62 km E of Union  Philippines
2024-09-17T12:09:47.235Z,8.7365,126.3825,40.922,4.6,12 km SE of Marihatag  Philippines
2024-09-22T07:31:31.184Z,13.9305,120.7585,219.461,4.1,2 km ESE of Balayan  Philippines
2024-09-23T19:39:07.284Z,7.9612,127.2578,10,4.2,83 km ENE of Kinablangan  Philippines
2024-09-25T09:07:07.155Z,12.5325,123.6961,10,4.6,4 km WSW of Luna  Philippines
2024-09-25T11:37:44.471Z,13.8279,120.6015,107.976,4.4,3 km W of Calatagan  Philippines
2024-09-26T23:27:42.432Z,8.2939,127.4205,10,4.7,109 km E of Barcelona  Philippines
2024-09-27T07:16:42.080Z,9.85,122.1143,10,4.2,31 km W of Bulata  Philippines
2024-09-27T15:08:40.721Z,7.8256,126.4834,101.27,4.3,5 km NE of Cateel  Philippines
2024-09-29T02:46:52.203Z,8.1245,126.3208,99.798,4.3,10 km S of Bislig  Philippines
2024-09-29T06:53:33.969Z,10.5139,124.465,10,5,14 km SSE of Poro  Philippines
2024-09-30T10:04:47.645Z,8.4388,126.5264,94.586,4.5,22 km ENE of Hinatuan  Philippines
2024-10-01T17:27:01.877Z,9.4152,126.4891,66.406,4.5,36 km ENE of Cortes  Philippines
2024-10-01T21:19:49.760Z,14.1621,124.8171,10,5.9,62 km NE of Gigmoto  Philippines
2024-10-02T01:20:37.017Z,9.0263,126.9253,10,4.9,69 km ENE of Aras-asan  Philippines
2024-10-02T11:12:16.948Z,8.1964,127.1662,10,4.4,80 km E of Barcelona  Philippines
2024-10-02T23:27:06.853Z,11.8155,125.5329,40.157,4.7,8 km E of Sulat  Philippines
2024-10-04T14:48:06.824Z,9.963,126.4172,39.502,4.7,36 km ENE of Pilar  Philippines
2024-10-05T07:46:48.656Z,9.97,126.4596,10.418,4.3,41 km ENE of Pilar  Philippines
2024-10-05T14:40:33.866Z,10.0065,126.371,18.767,4.9,33 km ENE of Pilar  Philippines
2024-10-05T15:52:57.195Z,9.9181,126.2352,10,4.5,16 km ENE of Pilar  Philippines
2024-10-06T05:26:36.433Z,12.4001,123.6767,10,4.8,6 km ENE of Masbate  Philippines
2024-10-06T17:04:41.341Z,14.3882,125.079,10,4.6,100 km ENE of Panganiban  Philippines
2024-10-07T20:20:26.287Z,7.4416,126.2046,10,4.9,19 km SSE of Bantacan  Philippines
2024-10-11T23:08:15.619Z,8.2113,127.0808,9.325,4.4,71 km E of Barcelona  Philippines
2024-10-14T13:21:30.186Z,9.0233,126.2233,69.663,4.6,0 km WNW of Tago  Philippines
2024-10-14T23:42:51.698Z,8.7548,127.1148,9.724,4.5,89 km E of Aras-asan  Philippines
2024-10-16T10:52:04.642Z,14.0667,120.7416,173.802,4.4,0 km E of Banilad  Philippines
2024-10-29T11:02:53.512Z,10.2638,127.2449,10,4.7,133 km ENE of Pilar  Philippines
2024-11-01T23:00:03.112Z,7.401,126.1641,10,4.6,21 km ESE of San Mariano  Philippines
2024-11-04T07:53:26.624Z,13.8368,120.7303,103.938,4.4,3 km ESE of Hukay  Philippines
2024-11-04T07:57:28.532Z,13.8015,120.6955,99.786,4.3,4 km S of Hukay  Philippines
2024-11-04T08:32:26.724Z,8.0352,126.3317,10,4.9,8 km W of Lingig  Philippines
2024-11-06T10:36:27.217Z,12.5194,122.9906,10,4.6,37 km NW of Tumalaytay  Philippines
2024-11-09T00:48:33.569Z,13.6508,120.8082,10,4.5,6 km W of Tingloy  Philippines
2024-11-09T01:12:43.630Z,10.1406,125.9297,74.91,4.6,17 km NW of Santa Monica  Philippines
2024-11-09T11:05:43.616Z,8.4852,126.1655,82.178,4.2,3 km N of Tagbina  Philippines
2024-11-20T19:30:49.998Z,13.2629,124.8657,25.602,4.5,69 km NNW of Cabodiongan  Philippines
2024-11-23T16:10:20.259Z,13.7029,120.7125,165.155,4,15 km S of Hukay  Philippines
2024-11-26T12:57:12.179Z,10.0247,126.4913,10,4.6,46 km ENE of Pilar  Philippines
2024-11-26T13:01:14.469Z,10.0072,126.4594,5.267,4.5,42 km ENE of Pilar  Philippines
2024-11-27T08:59:03.951Z,9.1414,126.6882,6.194,5,49 km ENE of Bacolod  Philippines
2024-11-27T09:13:27.110Z,9.1431,126.7555,6.812,4.2,56 km ENE of Bacolod  Philippines
2024-11-27T12:33:13.962Z,10.1362,125.6025,115.826,4.9,19 km N of Dinagat  Philippines
2024-11-27T18:04:59.046Z,11.2158,125.8036,35,4.5,16 km ENE of Salcedo  Philippines
2024-11-28T23:39:49.459Z,11.5824,125.5773,10,4.6,11 km E of Lalawigan  Philippines
2024-12-01T21:42:55.024Z,9.6881,125.7896,113.569,4.3,14 km NNE of Claver  Philippines
2024-12-03T18:27:00.885Z,8.4328,126.7904,33.517,4.9,49 km NE of Barcelona  Philippines
2024-12-04T17:06:48.246Z,8.9073,125.8342,131.505,4.1,13 km WSW of San Miguel  Philippines
2024-12-09T22:21:33.666Z,7.6171,126.7909,72.637,4.5,25 km E of Baganga  Philippines
2024-12-16T12:48:59.280Z,9.0185,126.6165,34.02,4.5,36 km ENE of Aras-asan  Philippines
2024-12-17T07:37:38.870Z,9.6861,122.6582,35,5.1,15 km SSE of Candoni  Philippines
2024-12-17T20:00:06.331Z,11.5244,126.6621,10,4.5,112 km NE of Sulangan  Philippines
2024-12-18T01:34:34.431Z,13.8464,120.7541,213.632,4.7,5 km E of Hukay  Philippines
2024-12-18T07:32:54.492Z,8.7519,126.7769,10,4.4,53 km E of Marihatag  Philippines
2024-12-19T19:22:19.211Z,11.9512,126.6021,10,5.1,121 km ESE of San Policarpo  Philippines
2024-12-24T23:32:45.178Z,13.434,120.4006,10,4.6,3 km WSW of Harrison  Philippines
2024-12-26T10:26:20.024Z,8.473,125.927,24.23,5.3,3 km ESE of Borbon  Philippines
2024-12-26T11:29:07.732Z,8.3067,126.0068,10,4.9,12 km SSE of Lapinigan  Philippines
2024-12-27T01:57:18.235Z,8.0485,127.1446,18.366,4.7,76 km ENE of Kinablangan  Philippines
2024-12-27T18:42:59.930Z,9.6146,126.2289,63,5.4,20 km SE of Union  Philippines
2024-12-31T22:32:02.906Z,8.0127,127.264,10,4.6,86 km ENE of Kinablangan  Philippines
2025-01-01T18:39:33.615Z,11.757,125.9354,10,4.6,52 km E of San Julian  Philippines
2025-01-04T05:42:58.606Z,7.3151,123.6156,10,4.1,25 km SE of Malim  Philippines
2025-01-04T19:31:05.239Z,11.6865,126.0581,10,4.3,62 km NE of Hernani  Philippines
2025-01-07T09:18:58.362Z,9.7888,126.0508,10,4.6,3 km N of Dapa  Philippines
2025-01-08T19:12:32.462Z,10.4626,125.2052,10,4.5,8 km SSE of Silago  Philippines
2025-01-10T05:49:44.491Z,8.4901,126.5803,63.071,4.8,30 km ENE of Hinatuan  Philippines
2025-01-11T17:48:37.086Z,7.6102,126.7188,95.016,4.6,17 km ENE of Baganga  Philippines
2025-01-11T20:31:45.257Z,11.7891,125.9037,35,4.5,48 km E of San Julian  Philippines
2025-01-13T00:19:47.641Z,6.6712,123.8527,541.546,5.4,20 km W of Taguisa  Philippines
2025-01-13T00:21:36.122Z,6.7145,123.9153,552.944,4.8,13 km W of Taguisa  Philippines
2025-01-14T09:39:04.240Z,8.0163,126.761,35,4.4,34 km E of Santa Maria  Philippines
2025-01-15T18:03:22.759Z,11.6469,124.6543,10,4.9,11 km NE of Caibiran  Philippines
2025-01-15T18:59:07.803Z,10.2929,125.5536,149.57,4.4,4 km SSW of Tubajon  Philippines
2025-01-16T03:09:43.043Z,10.383,125.1704,135.927,4.3,9 km WNW of Hinundayan  Philippines
2025-01-16T06:14:27.061Z,9.9631,125.8581,120.608,4.1,16 km NW of Del Carmen  Surigao del Norte  Philippines
2025-01-17T08:55:52.080Z,8.4942,125.8032,10,5,4 km NNE of Talacogon  Philippines
2025-01-17T19:28:06.006Z,12.6656,123.8852,10,4.5,1 km ESE of Bulan  Philippines
2025-01-20T10:42:58.290Z,13.9035,120.5676,100,5.4,6 km WSW of Talisay  Philippines
2025-01-22T13:33:26.464Z,9.6039,126.18,82.342,4.6,18 km SSE of Union  Philippines
2025-01-22T23:39:46.093Z,10.0899,125.1492,9,5.7,3 km NNW of San Francisco  Philippines
2025-01-23T03:41:16.038Z,7.7025,122.2079,62.013,5.4,8 km E of Siocon  Philippines
2025-01-23T18:51:46.454Z,10.6816,125.5357,17.206,4.6,35 km N of Loreto  Philippines
2025-01-27T06:40:43.420Z,7.3803,124.5001,399.952,4.5,9 km NW of Alamada  Philippines
2025-01-27T16:13:05.766Z,13.0295,120.9626,10,4.4,21 km E of Barahan  Philippines
2025-01-29T01:56:42.942Z,11.5018,124.2952,10,4.5,12 km NNW of San Isidro  Philippines
2025-01-29T04:37:29.365Z,7.5518,123.4787,10,4.6,11 km S of San Pablo  Philippines
2025-02-01T11:01:17.568Z,9.8839,125.9034,104.794,4.2,7 km WNW of Del Carmen  Surigao del Norte  Philippines
2025-02-02T15:43:11.489Z,10.267,125.5373,119.531,5,7 km SSW of Tubajon  Philippines
2025-02-07T08:53:54.446Z,8.0545,127.2401,10,4.4,86 km ENE of Kinablangan  Philippines
2025-02-11T23:43:07.900Z,10.5814,126.7035,10,4.4,95 km NE of Santa Monica  Philippines
2025-02-12T08:08:25.913Z,11.9523,125.4792,38.909,4.5,5 km SE of Can-Avid  Philippines
2025-02-14T02:04:10.279Z,6.8607,123.6543,10,4,40 km W of Gadung  Philippines
2025-02-14T12:50:03.769Z,11.5308,125.7609,10,5.3,26 km ENE of Llorente  Philippines
2025-02-14T13:22:45.857Z,11.4984,125.7395,10,4.4,23 km NE of Hernani  Philippines
2025-02-14T14:18:15.939Z,11.3456,125.7426,10,4.5,13 km E of Hernani  Philippines
2025-02-15T00:28:58.138Z,12.8077,122.9791,10,5,30 km W of Mabiton  Philippines
2025-02-15T01:18:48.716Z,11.4747,125.806,10,5,26 km NE of Hernani  Philippines
2025-02-15T08:55:30.205Z,11.4516,125.759,9.898,4.3,20 km NE of Hernani  Philippines
2025-02-15T22:19:02.528Z,7.4928,124.6971,10,4.3,2 km W of Banisilan  Philippines
2025-02-16T11:43:58.523Z,11.4728,125.6508,10,4.7,13 km ENE of Llorente  Philippines
2025-02-17T10:28:15.312Z,15.1202,122.8014,18.88,4.5,64 km NE of Casuguran  Philippines
2025-02-18T14:26:55.191Z,11.459,125.6197,10,4.2,9 km ENE of Llorente  Philippines
2025-02-19T12:15:14.957Z,9.8875,126.0538,10,4.2,5 km WNW of Pilar  Philippines
2025-02-22T18:30:58.566Z,11.5259,125.9215,23.132,4.6,39 km NE of Hernani  Philippines
2025-02-24T17:05:49.445Z,8.788,127.3203,10,4.4,111 km E of Aras-asan  Philippines
2025-02-25T16:29:02.548Z,10.4482,125.4515,10,4.3,16 km NW of Loreto  Philippines
2025-02-28T21:00:29.234Z,10.8559,125.5268,10,4.6,28 km SW of Guiuan  Philippines
2025-03-01T06:36:40.192Z,7.863,126.7422,11.163,4.4,28 km NE of Kinablangan  Philippines
2025-03-01T06:47:43.954Z,8.8699,122.5991,10,4.6,44 km WSW of Cabangahan  Philippines
2025-03-01T13:59:51.898Z,7.867,126.7422,17.616,5,28 km NE of Kinablangan  Philippines
2025-03-06T13:40:25.416Z,7.5657,124.8748,14.142,4.6,5 km SW of Kadingilan  Philippines
2025-03-07T16:53:59.992Z,7.4935,124.7296,10,4.8,0 km ENE of Banisilan  Philippines
2025-03-08T08:03:22.942Z,8.9028,126.3335,65.661,4.4,2 km NE of Aras-asan  Philippines
2025-03-08T09:13:26.721Z,7.3703,124.7197,11.472,4.3,8 km W of Liliongan  Philippines
2025-03-09T01:07:15.918Z,13.6799,120.5745,104.213,4.5,17 km SSW of Calatagan  Philippines
2025-03-09T09:46:45.324Z,8.9593,126.1887,73.035,4.7,5 km SSE of Gamut  Philippines
2025-03-10T05:52:59.488Z,7.5899,126.6632,78.798,4.5,11 km E of Baganga  Philippines
2025-03-11T06:25:06.943Z,11.3909,125.6842,41.345,4.5,10 km NE of Hernani  Philippines
2025-03-12T15:09:44.490Z,8.3112,127.3806,9,5.5,105 km E of Barcelona  Philippines
2025-03-12T19:40:40.967Z,8.2694,127.3609,10,4.4,102 km E of Barcelona  Philippines
2025-03-13T02:11:44.372Z,8.4659,126.7172,51.899,4.2,43 km ENE of Hinatuan  Philippines
2025-03-15T19:50:28.591Z,8.9937,126.4886,47.557,4.5,22 km ENE of Aras-asan  Philippines
2025-03-16T01:10:28.613Z,10.2207,125.9927,63.079,4.8,22 km NNW of Santa Monica  Philippines
2025-03-16T08:07:24.763Z,7.7697,126.6046,10,4.2,10 km NE of Kinablangan  Philippines
2025-03-17T15:41:51.772Z,8.0892,126.8133,35,4.9,42 km ENE of Santa Maria  Philippines
2025-03-18T14:53:46.799Z,8.8348,126.3326,70.604,4.5,5 km NE of Marihatag  Philippines
2025-03-19T22:35:23.003Z,8.3046,126.2426,8.401,4.5,4 km WSW of Bigaan  Philippines
2025-03-22T07:01:27.043Z,7.6274,126.7926,76.976,4.5,26 km ENE of Baganga  Philippines
2025-03-22T08:51:39.838Z,7.6829,126.6757,82.622,4.2,14 km E of Kinablangan  Philippines
2025-03-24T12:38:06.167Z,12.0361,120.8278,10,4.4,39 km SW of Santa Teresa  Philippines
2025-03-25T03:32:35.521Z,7.9081,126.6984,57.723,4.4,28 km NE of Kinablangan  Philippines
2025-03-27T14:10:52.110Z,8.6119,126.2634,70.667,4.6,9 km NNE of Gamut  Philippines
2025-03-27T23:54:05.998Z,9.8809,125.8377,98.452,4.2,14 km W of Del Carmen  Surigao del Norte  Philippines
2025-03-28T20:44:09.879Z,9.5575,126.4481,35,4.3,41 km NE of Cortes  Philippines
2025-03-29T10:46:38.012Z,9.2642,126.7765,9.173,4.6,64 km E of Cortes  Philippines
2025-03-30T11:49:56.946Z,13.3596,120.9198,129.089,4.4,13 km SSW of Dulangan  Philippines
2025-04-01T09:25:55.049Z,13.6098,120.8542,173.966,4.9,5 km SSW of Tingloy  Philippines
2025-04-02T01:52:27.983Z,9.6865,125.9451,86.506,4.4,7 km NNW of Socorro  Philippines
2025-04-04T09:39:42.779Z,9.5784,126.2674,98.322,4.4,26 km SE of Union  Philippines
2025-04-05T18:10:41.711Z,8.7894,127.7442,10,4.1,158 km E of Aras-asan  Philippines
2025-04-06T11:44:14.408Z,8.5092,127.2414,10,4.5,96 km ENE of Barcelona  Philippines
2025-04-07T09:19:38.428Z,9.597,126.5518,35,4.4,51 km ESE of Union  Philippines
2025-04-09T20:38:39.460Z,12.0002,124.1669,10,4.2,18 km NE of Limbuhan  Philippines
2025-04-14T16:18:45.489Z,10.6208,125.488,10,4.1,29 km NNW of Loreto  Philippines
2025-04-21T08:26:13.765Z,9.0125,126.7437,35,4.4,49 km ENE of Aras-asan  Philippines
2025-04-22T22:10:20.745Z,11.9558,125.3685,42.5,4.6,8 km NW of Taft  Philippines
2025-04-25T20:47:47.311Z,6.6843,123.8153,38.635,4.6,24 km W of Taguisa  Philippines
2025-05-01T14:27:00.582Z,8.7712,122.3606,31.046,4.4,72 km WSW of Cabangahan  Philippines
2025-05-03T04:55:39.353Z,9.5551,123.0001,10,4.5,7 km SSW of Mayapusi  Philippines
2025-05-03T20:39:37.905Z,8.3638,127.1155,10,4.4,78 km ENE of Barcelona  Philippines
2025-05-07T03:48:14.829Z,8.1377,126.552,70.852,4.4,13 km E of Barcelona  Philippines
2025-05-07T03:48:42.364Z,7.7672,126.876,82.736,4.8,36 km ENE of Kinablangan  Philippines
2025-05-07T04:41:31.495Z,12.7216,126.0118,10,4.9,80 km NE of Alugan  Philippines
2025-05-07T09:36:28.151Z,12.8093,125.0971,23.287,4.5,16 km NNE of Cabodiongan  Philippines
2025-05-09T10:40:52.832Z,13.6125,124.8109,34.975,4.5,49 km ESE of Gigmoto  Philippines
2025-05-09T20:58:38.082Z,9.3711,127.1373,10,4.2,104 km E of Cortes  Philippines
2025-05-11T21:37:11.127Z,9.3705,127.1473,10,4.5,105 km E of Cortes  Philippines
2025-05-15T05:35:39.843Z,13.8751,120.649,129.637,4.3,1 km SE of Lucsuhin  Philippines
2025-05-17T00:32:58.473Z,9.867,122.182,10,5.1,24 km W of Bulata  Philippines
2025-05-17T03:23:16.326Z,10.4238,121.8659,10,4.3,11 km W of Magdalena  Philippines
2025-05-17T06:51:36.933Z,9.8304,122.169,10,4.3,25 km W of Cartagena  Philippines
2025-05-18T03:46:05.264Z,8.6216,123.0774,10,4.8,10 km NNW of Manukan  Philippines
2025-05-18T20:25:29.532Z,8.744,126.0078,35,4.2,12 km NNE of Los Arcos  Philippines
2025-05-19T03:41:29.696Z,7.4417,125.6982,66.405,4.9,5 km SSE of San Miguel  Philippines
2025-05-19T16:20:16.737Z,8.808,126.6066,55.608,4.5,33 km ESE of Aras-asan  Philippines
2025-05-19T23:11:21.095Z,8.7007,126.5777,44.182,4.2,33 km ESE of Marihatag  Philippines
2025-05-20T12:29:40.969Z,10.8814,125.9051,35,4.4,10 km SE of Sulangan  Philippines
2025-05-23T05:36:35.718Z,9.9984,125.3254,10,4.3,19 km ESE of San Francisco  Philippines
2025-05-25T22:31:50.868Z,9.0733,125.7413,10,4.4,13 km NE of Anticala  Philippines
2025-05-26T16:03:41.302Z,12.6584,123.3822,10,4.7,9 km SE of Osmeña  Philippines
2025-05-27T04:17:50.207Z,14.6789,121.4548,10,4.8,8 km NNE of Daraitan  Philippines
2025-05-27T14:31:34.807Z,12.4605,125.7302,10,4.6,38 km NE of Alugan  Philippines
2025-05-29T18:35:13.474Z,13.1316,124.1919,85.683,4.9,9 km SE of Rapu-Rapu  Philippines
2025-05-29T22:52:28.375Z,8.482,126.3659,83.261,4.3,12 km NNE of Hinatuan  Philippines
2025-06-05T11:11:43.726Z,13.6224,123.4808,35,4.7,0 km NNW of Caraycayon  Philippines
2025-06-05T13:17:54.760Z,13.2717,123.9352,10,4.5,15 km E of Bacacay  Philippines
2025-06-09T16:04:58.923Z,13.6999,120.7166,167.515,5.1,16 km S of Hukay  Philippines
2025-06-10T10:43:10.264Z,8.3867,127.5392,10,4.6,124 km ENE of Barcelona  Philippines
2025-06-11T04:59:25.116Z,7.7792,126.2481,10,4.3,16 km SW of Boston  Philippines
2025-06-11T08:53:48.877Z,8.1119,126.2944,10,4.6,11 km SSW of Bislig  Philippines
2025-06-13T14:17:03.755Z,8.0071,126.5838,89.75,4.2,15 km E of Santa Maria  Philippines
2025-06-15T08:08:33.526Z,9.7081,126.6996,15.868,4.3,64 km E of Union  Philippines
2025-06-17T08:36:25.059Z,8.2198,126.7159,53.724,5.3,31 km ENE of Barcelona  Philippines
2025-06-17T13:53:03.483Z,11.6512,125.5795,55.483,4.2,13 km ENE of Lalawigan  Philippines
2025-06-18T00:55:19.100Z,13.0065,123.8456,123.213,4.4,3 km NW of Pili  Philippines
2025-06-18T13:47:38.030Z,12.7999,123.5914,10,4.5,11 km SSW of Ogod  Philippines
2025-06-18T17:25:03.520Z,13.6478,120.8577,208.633,4.3,2 km SW of Tingloy  Philippines
2025-06-21T12:21:02.742Z,12.7855,120.8882,10,4.4,6 km ESE of Tuban  Philippines
2025-06-22T08:39:35.299Z,9.1229,126.9743,10,4.3,77 km ENE of Aras-asan  Philippines
2025-06-22T22:24:38.497Z,9.2761,126.7381,35,4.4,60 km E of Cortes  Philippines
2025-06-24T21:28:52.166Z,7.9049,126.5621,86.065,4.3,16 km SE of Santa Maria  Philippines
2025-06-24T22:24:06.654Z,12.6711,120.8885,10,4.3,1 km NNW of Ligaya  Philippines
2025-06-28T08:28:33.675Z,8.8826,126.3296,85.642,4.3,2 km ESE of Aras-asan  Philippines
2025-07-03T23:50:46.164Z,8.5987,126.4932,90.97,4.1,28 km ENE of Gamut  Philippines
2025-07-08T00:38:15.015Z,12.813,125.6655,10,4.2,57 km NE of Anito  Philippines
2025-07-08T01:21:03.738Z,13.8317,120.7292,200.512,4.4,3 km ESE of Hukay  Philippines
2025-07-11T03:14:35.263Z,9.0119,127.5474,10,4.3,136 km E of Aras-asan  Philippines
2025-07-12T23:44:21.139Z,11.056,126.1894,10,4.5,41 km ENE of Sulangan  Philippines
2025-07-13T04:24:47.778Z,13.5274,120.7937,196.71,4.4,6 km NNW of Odala  Philippines
2025-07-20T00:29:16.550Z,8.2335,127.5108,10,4.7,118 km E of Barcelona  Philippines
2025-07-20T16:40:57.597Z,9.169,126.2239,67.09,4.8,6 km ESE of Mabahin  Philippines
2025-07-21T14:13:36.637Z,10.3866,121.8794,10,4.7,11 km WSW of Magdalena  Philippines
2025-07-22T22:49:24.225Z,9.4274,126.5176,35,4.4,39 km ENE of Cortes  Philippines
2025-07-23T04:02:19.839Z,8.1346,126.1909,10,4.7,11 km NNE of Santa Maria  Philippines
2025-07-25T05:56:33.696Z,8.9885,126.2206,69.615,4.8,3 km SSW of Tago  Philippines
2025-07-27T19:58:44.822Z,13.7808,120.7068,184.79,4.4,7 km S of Hukay  Philippines
2025-07-28T06:35:47.692Z,12.4243,123.6545,10,4.4,6 km NNE of Masbate  Philippines
2025-07-29T03:39:05.684Z,13.8035,120.8927,10,4.4,6 km N of Solo  Philippines
2025-07-29T03:41:22.634Z,13.7793,120.866,10,4.4,5 km NW of Solo  Philippines
2025-07-29T21:59:47.098Z,7.4423,126.5296,103.392,4.5,2 km W of San Luis  Philippines
2025-08-02T07:27:11.810Z,9.0513,126.2212,10,4.3,3 km NNW of Tago  Philippines
2025-08-02T07:31:40.738Z,9.1689,126.7853,9.868,4.7,60 km ENE of Bacolod  Philippines
2025-08-12T01:23:28.952Z,7.1702,124.7791,10,4.1,4 km SSW of Carmen  Philippines
2025-08-14T08:34:04.212Z,8.9868,123.9738,545.444,4.1,40 km ESE of Lazi  Philippines
2025-08-15T14:22:56.975Z,7.8181,127.0853,25.599,4.4,60 km ENE of Kinablangan  Philippines
2025-08-16T20:35:42.965Z,13.7848,120.7204,148.78,4.9,6 km SSE of Hukay  Philippines
2025-08-19T16:43:18.284Z,13.9315,120.8166,93.766,4.7,0 km ESE of Calaca  Philippines
2025-08-20T15:35:35.378Z,11.7781,125.9635,10,4.9,55 km E of San Julian  Philippines
2025-08-21T00:43:36.116Z,9.1609,122.607,10,4.5,27 km S of Basay  Philippines
2025-08-22T07:08:20.578Z,7.4498,126.5118,143.421,4.8,4 km WNW of San Luis  Philippines
2025-08-24T10:47:57.837Z,13.5836,122.9062,10,4.5,3 km ESE of Tinalmud  Philippines
2025-08-24T19:29:37.264Z,13.5985,122.9669,10,4.4,5 km NNE of Dalupaon  Philippines
2025-08-26T19:45:47.012Z,8.6228,126.3529,74.651,4.8,15 km NE of Gamut  Philippines
2025-08-28T12:08:54.024Z,13.527,120.3513,62.176,4.6,12 km NW of Harrison  Philippines
2025-08-29T00:44:17.971Z,10.0457,125.8534,87.356,4.7,19 km WNW of San Benito  Philippines
2025-08-31T07:49:53.171Z,7.3003,123.4816,10,4.9,17 km SSE of Malim  Philippines
2025-09-02T07:09:19.254Z,9.6602,122.2503,10,4.6,19 km WSW of Maricalom  Philippines
2025-09-03T19:55:37.603Z,9.9483,125.767,63.711,4.4,11 km ENE of Cagdianao  Philippines
2025-09-03T22:45:45.860Z,9.6436,126.3902,35,5,33 km ESE of Union  Philippines
2025-09-03T23:04:25.454Z,9.6784,126.2416,32.153,4.5,16 km ESE of Union  Philippines
2025-09-07T07:29:07.651Z,9.2452,126.908,10,5.1,76 km ENE of Bacolod  Philippines
2025-09-08T18:52:10.347Z,9.9133,125.5075,143.517,5.3,10 km WSW of Dinagat  Philippines
2025-09-09T06:56:23.768Z,11.2144,125.476,83.937,4.7,7 km WSW of General MacArthur  Philippines
2025-09-13T21:30:52.707Z,10.3303,123.3056,10,4.5,1 km WSW of Malaiba  Philippines
2025-09-13T21:32:55.466Z,10.5024,126.4064,10,4.4,66 km NE of Santa Monica  Philippines
2025-09-13T22:45:47.436Z,12.9374,122.8587,10,4.7,20 km SSW of San Rafael  Philippines
2025-09-14T18:57:29.007Z,12.9753,121.2449,10,4.7,13 km WNW of Malamig  Philippines
2025-09-14T22:24:48.891Z,12.9136,121.1533,122.525,4.4,23 km W of Malamig  Philippines
2025-09-17T18:12:01.901Z,7.805,126.5145,93.398,4.4,6 km ENE of Cateel  Philippines
2025-09-18T15:25:04.596Z,8.0552,126.9205,49.894,4.5,52 km E of Santa Maria  Philippines
2025-09-22T02:11:17.539Z,7.7691,122.019,10,4.6,14 km WNW of Siocon  Philippines
2025-09-25T02:27:57.244Z,9.605,126.1838,10,4.7,18 km SSE of Union  Philippines
2025-09-25T22:48:09.212Z,12.6852,125.2951,35,4.6,19 km NNE of Cabatuan  Philippines
2025-09-26T21:56:37.928Z,6.7129,123.6853,605.561,4.1,38 km WSW of Gadung  Philippines
2025-09-28T19:13:09.565Z,12.8502,125.6189,10,4.4,56 km NE of Cabatuan  Philippines
2025-09-29T16:48:39.749Z,14.0005,120.6055,182.613,4.1,4 km NW of Binubusan  Philippines
